{"type":"FeatureCollection","features":[{"type":"Feature","properties":{"slug":"arunachal-pradesh","name":"Arunachal Pradesh","villages":0,"districts":0,"taluks":0,"nodata":true},"geometry":{"type":"Polygon","coordinates":[[[96.15351,29.37381],[96.16972,29.35594],[96.1765,29.34515],[96.17852,29.33719],[96.17449,29.32302],[96.17524,29.31678],[96.17992,29.30751],[96.18646,29.30246],[96.19178,29.29006],[96.22373,29.25122],[96.23548,29.24189],[96.24379,29.23939],[96.25414,29.23944],[96.26298,29.24169],[96.28236,29.24231],[96.28957,29.24463],[96.29529,29.25466],[96.30945,29.26434],[96.3405,29.27401],[96.34444,29.28125],[96.34652,29.28928],[96.3543,29.29205],[96.36382,29.29165],[96.36958,29.28734],[96.37908,29.26711],[96.38083,29.25461],[96.37912,29.24345],[96.37398,29.23436],[96.3653,29.22517],[96.35025,29.18448],[96.34201,29.17838],[96.31627,29.17064],[96.27408,29.16573],[96.24495,29.16576],[96.2325,29.15195],[96.21052,29.14809],[96.20074,29.13345],[96.19163,29.11591],[96.18235,29.1053],[96.17359,29.09922],[96.15606,29.09182],[96.12802,29.08629],[96.10206,29.07899],[96.12031,29.07442],[96.1288,29.07049],[96.14093,29.05828],[96.17147,28.99919],[96.17325,28.99171],[96.1718,28.96979],[96.14229,28.95667],[96.14044,28.94241],[96.1349,28.93523],[96.15543,28.91789],[96.15947,28.90721],[96.16087,28.89783],[96.16825,28.89872],[96.18191,28.91034],[96.20512,28.92276],[96.21138,28.92799],[96.22017,28.92977],[96.26769,28.97915],[96.27941,28.99467],[96.29401,29.00815],[96.32691,29.02802],[96.34139,29.03433],[96.3565,29.03703],[96.39994,29.03588],[96.42314,29.03751],[96.43558,29.04103],[96.4537,29.04909],[96.46229,29.0566],[96.47707,29.06313],[96.49847,29.07127],[96.51358,29.07396],[96.5128,29.06969],[96.50069,29.05278],[96.49089,29.03337],[96.4659,28.99527],[96.46467,28.98314],[96.46944,28.97122],[96.48122,28.95852],[96.49216,28.95971],[96.50938,28.96637],[96.50802,28.95185],[96.53011,28.91025],[96.52609,28.88246],[96.55687,28.84143],[96.60323,28.793],[96.60899,28.77983],[96.61014,28.76687],[96.60424,28.74443],[96.59253,28.72463],[96.57931,28.71159],[96.55566,28.70116],[96.52502,28.70108],[96.50736,28.69564],[96.491,28.68441],[96.47063,28.67885],[96.4669,28.67518],[96.48247,28.65323],[96.48736,28.63891],[96.48732,28.63341],[96.47447,28.62178],[96.45545,28.61114],[96.42967,28.59098],[96.42484,28.58211],[96.41052,28.58273],[96.40203,28.58095],[96.39937,28.577],[96.40139,28.5695],[96.40001,28.55928],[96.3917,28.55581],[96.35718,28.55347],[96.34475,28.55401],[96.31858,28.52596],[96.32946,28.51713],[96.35146,28.50375],[96.36012,28.49382],[96.36356,28.48745],[96.36208,28.48034],[96.34945,28.46726],[96.3255,28.45466],[96.31572,28.44408],[96.27756,28.42395],[96.25341,28.40705],[96.2608,28.4041],[96.27727,28.40364],[96.29058,28.39972],[96.30102,28.39282],[96.30721,28.38252],[96.31668,28.37757],[96.36258,28.38636],[96.36893,28.37891],[96.36825,28.37153],[96.36996,28.36332],[96.38827,28.34723],[96.39212,28.33869],[96.39548,28.33592],[96.41738,28.34094],[96.42362,28.35119],[96.4246,28.36382],[96.42769,28.37565],[96.43429,28.38731],[96.45713,28.41382],[96.4713,28.41583],[96.49346,28.41055],[96.50538,28.41098],[96.52689,28.42318],[96.57075,28.45232],[96.5869,28.45567],[96.62176,28.45483],[96.64114,28.45779],[96.65816,28.45271],[96.68179,28.43563],[96.70428,28.42696],[96.72726,28.42208],[96.74085,28.41381],[96.7568,28.39993],[96.75882,28.38358],[96.76154,28.3746],[96.77029,28.36703],[96.77692,28.36481],[96.79733,28.36244],[96.83454,28.36072],[96.85118,28.3633],[96.86357,28.37157],[96.88967,28.37849],[96.90399,28.36921],[96.91381,28.35703],[96.92584,28.33685],[96.93655,28.33515],[96.95318,28.32839],[96.96323,28.32026],[96.97879,28.31403],[96.98761,28.30333],[96.99685,28.30408],[97.01182,28.31031],[97.02677,28.3206],[97.04789,28.33897],[97.06484,28.34198],[97.07531,28.34961],[97.08131,28.35052],[97.10569,28.34696],[97.12778,28.3368],[97.14045,28.32758],[97.15483,28.31086],[97.1645,28.29245],[97.1711,28.28567],[97.18368,28.28362],[97.20933,28.28763],[97.22671,28.28463],[97.23036,28.27393],[97.23946,28.26822],[97.25175,28.26594],[97.27205,28.26661],[97.28494,28.26526],[97.29526,28.26188],[97.31544,28.24772],[97.3366,28.23638],[97.37837,28.21779],[97.38956,28.20694],[97.40104,28.19225],[97.40281,28.18187],[97.40116,28.18148],[97.37759,28.18864],[97.36385,28.18909],[97.3598,28.18498],[97.35658,28.17247],[97.34482,28.16157],[97.3279,28.15021],[97.32444,28.14249],[97.32439,28.13746],[97.32975,28.12835],[97.34614,28.11437],[97.34724,28.11049],[97.34226,28.10428],[97.3306,28.09911],[97.3226,28.0921],[97.31564,28.08431],[97.31043,28.07452],[97.31135,28.06777],[97.31747,28.0579],[97.32578,28.0527],[97.36076,28.05574],[97.37748,28.05993],[97.38095,28.05927],[97.38012,28.05477],[97.37532,28.04711],[97.37568,28.04016],[97.38714,28.02953],[97.39735,28.02902],[97.40382,28.02463],[97.40442,28.02148],[97.40996,28.01953],[97.4129,28.01484],[97.41252,28.00887],[97.41012,28.00517],[97.3926,28.00102],[97.39129,27.98888],[97.37298,27.96803],[97.37393,27.96176],[97.38241,27.95104],[97.37719,27.94102],[97.37641,27.93292],[97.38074,27.92481],[97.37732,27.91349],[97.37978,27.8971],[97.37359,27.88018],[97.36835,27.87829],[97.35708,27.87885],[97.33925,27.89075],[97.32531,27.89599],[97.31581,27.90341],[97.31323,27.91382],[97.309,27.91499],[97.27116,27.90442],[97.25791,27.90364],[97.24902,27.8993],[97.23303,27.87616],[97.2196,27.86366],[97.18847,27.84365],[97.18413,27.83429],[97.17313,27.82621],[97.16956,27.81633],[97.16463,27.81059],[97.14569,27.80458],[97.13254,27.78775],[97.11909,27.78338],[97.11343,27.77432],[97.104,27.76975],[97.10184,27.76531],[97.10246,27.75786],[97.09883,27.74679],[97.09385,27.74009],[97.09078,27.73832],[97.08488,27.73861],[97.07724,27.74113],[97.06952,27.74701],[97.06443,27.74725],[97.05604,27.74191],[97.04261,27.74662],[97.03616,27.74239],[96.99788,27.69181],[96.98306,27.66428],[96.94172,27.66074],[96.91676,27.62507],[96.90711,27.61643],[96.89838,27.61421],[96.89675,27.60926],[96.89571,27.58729],[96.89671,27.5815],[96.90119,27.5801],[96.91223,27.58053],[96.91301,27.54388],[96.92473,27.53328],[96.92982,27.52418],[96.92827,27.51157],[96.92298,27.50201],[96.91782,27.49709],[96.9108,27.48645],[96.91053,27.48087],[96.90711,27.47762],[96.90324,27.45273],[96.90789,27.44832],[96.91633,27.44637],[96.92572,27.43604],[96.93262,27.4309],[96.93387,27.42624],[96.9317,27.42297],[96.93164,27.41939],[96.93439,27.41577],[96.94061,27.41312],[96.94444,27.40861],[96.95399,27.40693],[96.96056,27.40409],[96.96231,27.40165],[96.96027,27.39433],[96.96654,27.38577],[96.96749,27.38151],[96.96213,27.37312],[96.97068,27.36627],[96.97845,27.35658],[96.98065,27.34554],[96.99054,27.34377],[96.99272,27.33625],[96.99579,27.33265],[96.99525,27.32527],[96.99811,27.31898],[97.008,27.31343],[97.00921,27.31052],[97.01532,27.31307],[97.01711,27.31058],[97.0201,27.3103],[97.02203,27.30712],[97.02515,27.3064],[97.02827,27.30794],[97.02982,27.30524],[97.02909,27.30131],[97.03493,27.29514],[97.03788,27.28645],[97.04107,27.28218],[97.04802,27.28021],[97.05108,27.27746],[97.05095,27.27562],[97.05478,27.27512],[97.05621,27.27006],[97.05493,27.26571],[97.06893,27.25724],[97.07374,27.25153],[97.07402,27.24684],[97.08851,27.23821],[97.09013,27.2292],[97.09269,27.22599],[97.09048,27.21362],[97.10766,27.20116],[97.11075,27.19666],[97.12209,27.1899],[97.12172,27.18342],[97.12451,27.17428],[97.13259,27.17017],[97.13859,27.16414],[97.14667,27.16491],[97.15111,27.15331],[97.15093,27.14981],[97.15982,27.14636],[97.16385,27.14224],[97.1659,27.13514],[97.16113,27.12888],[97.16179,27.12287],[97.15665,27.11855],[97.14966,27.11676],[97.14811,27.11322],[97.14855,27.10721],[97.14433,27.10336],[97.14432,27.09976],[97.13852,27.09105],[97.13551,27.09365],[97.12456,27.09566],[97.11932,27.10387],[97.10643,27.10389],[97.10035,27.10836],[97.09489,27.10345],[97.09805,27.09796],[97.09631,27.09589],[97.08721,27.09482],[97.07667,27.09866],[97.07118,27.08922],[97.06618,27.09174],[97.06344,27.09145],[97.06221,27.09856],[97.05804,27.10016],[97.05219,27.10615],[97.04956,27.10518],[97.04459,27.10789],[97.04448,27.11284],[97.04065,27.11623],[97.03349,27.11827],[97.03595,27.12433],[97.03027,27.13155],[97.02604,27.12948],[97.02466,27.1319],[97.01969,27.13292],[97.00531,27.14091],[96.99288,27.1402],[96.99145,27.1452],[96.98483,27.1543],[96.96504,27.15803],[96.96398,27.16135],[96.95534,27.16437],[96.95272,27.16225],[96.94332,27.16378],[96.93917,27.1619],[96.93199,27.16158],[96.92203,27.16536],[96.91245,27.16611],[96.90839,27.16868],[96.90108,27.16873],[96.88297,27.17833],[96.87441,27.18068],[96.86496,27.18878],[96.85684,27.19296],[96.85718,27.19592],[96.85921,27.19761],[96.8588,27.20316],[96.85477,27.21024],[96.8608,27.2107],[96.86721,27.21696],[96.8769,27.22025],[96.88523,27.22647],[96.88504,27.23156],[96.88785,27.23523],[96.88208,27.23645],[96.88138,27.23929],[96.88224,27.24284],[96.88766,27.24669],[96.88672,27.25345],[96.8841,27.25574],[96.88474,27.25966],[96.86857,27.2584],[96.86299,27.2595],[96.85722,27.26277],[96.85098,27.26968],[96.84705,27.2711],[96.85018,27.27825],[96.84753,27.28699],[96.848,27.29026],[96.83859,27.29716],[96.83802,27.30032],[96.83489,27.30294],[96.82242,27.30822],[96.81355,27.3213],[96.80512,27.32894],[96.80152,27.33939],[96.79666,27.34563],[96.78906,27.34573],[96.78761,27.34783],[96.78127,27.35055],[96.77439,27.35171],[96.77062,27.35584],[96.76692,27.35705],[96.76308,27.35405],[96.75667,27.35444],[96.75169,27.35227],[96.74928,27.35569],[96.74652,27.356],[96.74577,27.3582],[96.74009,27.35754],[96.72985,27.35942],[96.72952,27.3621],[96.72136,27.36342],[96.71179,27.37003],[96.70489,27.37204],[96.70352,27.37213],[96.7027,27.36496],[96.70095,27.36278],[96.70206,27.35974],[96.69769,27.35767],[96.67528,27.36125],[96.67236,27.35697],[96.6702,27.36093],[96.66547,27.36103],[96.6609,27.36428],[96.64768,27.35916],[96.62461,27.36665],[96.60531,27.36555],[96.60335,27.35921],[96.59926,27.35598],[96.60036,27.35498],[96.5952,27.34998],[96.5913,27.34845],[96.59105,27.34631],[96.59526,27.34051],[96.59572,27.33387],[96.58932,27.3356],[96.58406,27.3341],[96.5744,27.32405],[96.57067,27.32198],[96.56784,27.32231],[96.56408,27.31845],[96.55786,27.31838],[96.55527,27.32038],[96.5534,27.31814],[96.55122,27.31846],[96.55132,27.31383],[96.54255,27.30902],[96.54269,27.3021],[96.5314,27.2966],[96.52385,27.28655],[96.51898,27.28706],[96.51783,27.28563],[96.51575,27.29036],[96.51233,27.29252],[96.5123,27.29671],[96.50912,27.2972],[96.50814,27.29912],[96.50155,27.29887],[96.49058,27.30263],[96.48901,27.30111],[96.48856,27.29628],[96.48098,27.29931],[96.47038,27.30068],[96.46244,27.30617],[96.45719,27.30651],[96.45483,27.30235],[96.45083,27.30142],[96.44898,27.303],[96.4441,27.30186],[96.44065,27.30633],[96.4355,27.30236],[96.42133,27.30145],[96.41575,27.29735],[96.41438,27.29331],[96.40965,27.29064],[96.40799,27.2877],[96.40495,27.28943],[96.40289,27.2932],[96.40191,27.29109],[96.38684,27.28463],[96.38232,27.28678],[96.375,27.2853],[96.37021,27.28997],[96.36799,27.28967],[96.36723,27.28683],[96.35813,27.29015],[96.35247,27.29509],[96.34934,27.29316],[96.34916,27.28852],[96.34591,27.28552],[96.33966,27.28503],[96.33084,27.28726],[96.33033,27.28968],[96.32609,27.28887],[96.32309,27.29058],[96.31141,27.29189],[96.30727,27.29428],[96.29498,27.29165],[96.28391,27.28471],[96.27457,27.28339],[96.27547,27.27946],[96.27102,27.27154],[96.26107,27.27317],[96.25926,27.2722],[96.25558,27.2747],[96.24797,27.27258],[96.24537,27.27642],[96.23121,27.27614],[96.22799,27.27868],[96.22429,27.27264],[96.21396,27.26552],[96.21048,27.26485],[96.21081,27.26233],[96.20899,27.26107],[96.20638,27.26149],[96.20444,27.25995],[96.19358,27.26152],[96.18529,27.24891],[96.15807,27.24739],[96.15556,27.24835],[96.1495,27.24297],[96.14447,27.24129],[96.13685,27.24137],[96.13105,27.23657],[96.12458,27.2355],[96.12108,27.23159],[96.11192,27.23175],[96.09957,27.22435],[96.09061,27.22333],[96.08919,27.21981],[96.08275,27.21288],[96.07799,27.21055],[96.07741,27.20835],[96.07175,27.20523],[96.06405,27.20586],[96.06346,27.20361],[96.05714,27.20124],[96.05428,27.19603],[96.03983,27.18761],[96.03158,27.18602],[96.02296,27.18008],[96.01837,27.17004],[96.01969,27.16641],[96.01856,27.16082],[96.01604,27.15793],[96.01466,27.15],[96.0099,27.14547],[96.01051,27.14224],[95.99856,27.13497],[95.99204,27.12282],[95.98797,27.1199],[95.98571,27.11312],[95.96862,27.09989],[95.9675,27.09547],[95.96378,27.09244],[95.96502,27.08693],[95.95591,27.07778],[95.95351,27.06633],[95.94596,27.05165],[95.93365,27.04572],[95.92632,27.04506],[95.92249,27.04158],[95.91812,27.04108],[95.911,27.0367],[95.90423,27.03875],[95.90137,27.0326],[95.89495,27.02596],[95.88908,27.02378],[95.88658,27.02611],[95.87915,27.0229],[95.8759,27.01925],[95.87576,27.01445],[95.87008,27.0127],[95.86302,27.01344],[95.85761,27.01185],[95.851,27.01427],[95.8425,27.01394],[95.83585,27.00922],[95.83006,27.00748],[95.82562,27.01023],[95.82269,27.00959],[95.81382,27.01234],[95.81207,27.01461],[95.8106,27.01359],[95.80365,27.01555],[95.80203,27.0145],[95.80222,27.00649],[95.79634,26.99774],[95.78343,26.99012],[95.78115,26.97779],[95.7681,26.97652],[95.76507,26.9684],[95.7603,26.96392],[95.76084,26.95875],[95.75906,26.95464],[95.755,26.95384],[95.75963,26.94542],[95.76005,26.93685],[95.75615,26.93512],[95.75684,26.93204],[95.75552,26.92957],[95.74789,26.92583],[95.7499,26.92359],[95.74679,26.92265],[95.74666,26.91631],[95.75127,26.90902],[95.75015,26.90623],[95.74669,26.90386],[95.74491,26.89633],[95.74065,26.89388],[95.73429,26.8938],[95.72414,26.8822],[95.71637,26.87846],[95.71364,26.88014],[95.70624,26.88056],[95.70645,26.88194],[95.69481,26.89205],[95.69048,26.8927],[95.68615,26.89554],[95.6795,26.89572],[95.67512,26.90093],[95.667,26.90286],[95.66066,26.89545],[95.65302,26.89178],[95.65101,26.88682],[95.64672,26.8845],[95.64464,26.8764],[95.63188,26.87363],[95.63415,26.86801],[95.62678,26.86198],[95.62953,26.85774],[95.62681,26.84741],[95.62726,26.84301],[95.62055,26.83116],[95.61264,26.82508],[95.60849,26.81286],[95.60002,26.81147],[95.59534,26.81466],[95.58636,26.81723],[95.57045,26.81595],[95.56477,26.81943],[95.55665,26.82985],[95.55688,26.83264],[95.55197,26.83186],[95.54313,26.83538],[95.53831,26.8319],[95.53601,26.82723],[95.53192,26.82726],[95.52445,26.8221],[95.52228,26.8135],[95.51453,26.80951],[95.5074,26.8088],[95.50742,26.80452],[95.50396,26.79496],[95.50502,26.79254],[95.49589,26.77877],[95.49533,26.77543],[95.49226,26.77269],[95.48987,26.7635],[95.48421,26.75714],[95.48199,26.74999],[95.48276,26.74705],[95.4739,26.74117],[95.46714,26.74468],[95.45909,26.74388],[95.45294,26.73383],[95.4462,26.72685],[95.43206,26.71628],[95.43138,26.7007],[95.42908,26.70085],[95.41753,26.6942],[95.41185,26.69405],[95.40924,26.69573],[95.40301,26.69497],[95.40113,26.6893],[95.39477,26.68529],[95.37382,26.68414],[95.36681,26.67552],[95.36054,26.67104],[95.35575,26.67266],[95.35143,26.67201],[95.34671,26.67535],[95.33552,26.67438],[95.33478,26.67203],[95.32739,26.66871],[95.32639,26.6645],[95.31709,26.66472],[95.31361,26.6627],[95.30396,26.65101],[95.29191,26.6525],[95.2839,26.65684],[95.2816,26.65589],[95.27433,26.65863],[95.25866,26.65575],[95.25657,26.66145],[95.25693,26.66788],[95.25888,26.67188],[95.25706,26.67623],[95.24917,26.68371],[95.23348,26.68239],[95.23008,26.69359],[95.23028,26.70088],[95.23317,26.70413],[95.23186,26.70893],[95.22651,26.71034],[95.22787,26.71634],[95.22226,26.7226],[95.20948,26.72909],[95.21901,26.7457],[95.21465,26.74829],[95.21644,26.75593],[95.22066,26.75625],[95.22401,26.76165],[95.22703,26.76204],[95.23105,26.76527],[95.23242,26.76824],[95.23025,26.77096],[95.22777,26.77138],[95.22855,26.77523],[95.23225,26.77616],[95.23233,26.77799],[95.23512,26.77689],[95.23551,26.77932],[95.24178,26.78098],[95.24225,26.78342],[95.23802,26.78283],[95.2372,26.78425],[95.23925,26.78533],[95.23804,26.78588],[95.23269,26.78692],[95.22839,26.78572],[95.22448,26.78838],[95.21499,26.78992],[95.20846,26.79496],[95.20734,26.79808],[95.21203,26.79914],[95.20851,26.80403],[95.20512,26.80418],[95.19739,26.82317],[95.1996,26.8277],[95.19683,26.83076],[95.19814,26.83535],[95.19702,26.83624],[95.2037,26.84406],[95.20304,26.84656],[95.20001,26.84495],[95.19354,26.8483],[95.1936,26.84526],[95.1872,26.84806],[95.18535,26.85457],[95.18106,26.85649],[95.18177,26.86149],[95.18588,26.86587],[95.19995,26.87149],[95.20837,26.87923],[95.2084,26.88268],[95.21497,26.88394],[95.22152,26.88079],[95.22816,26.88103],[95.23052,26.88447],[95.22974,26.89164],[95.2269,26.89531],[95.2323,26.90287],[95.22902,26.9083],[95.23047,26.91195],[95.22889,26.91277],[95.23239,26.91627],[95.23196,26.9202],[95.23015,26.92021],[95.23009,26.92285],[95.22633,26.92449],[95.22657,26.92652],[95.21224,26.93031],[95.20868,26.94049],[95.20665,26.94226],[95.20706,26.94633],[95.20971,26.94813],[95.20935,26.95091],[95.20709,26.95166],[95.20921,26.95307],[95.20273,26.95601],[95.20214,26.95852],[95.20373,26.95811],[95.20533,26.96142],[95.20821,26.96147],[95.20882,26.9639],[95.2114,26.96443],[95.21156,26.96653],[95.20328,26.97158],[95.2039,26.97415],[95.20179,26.97423],[95.20135,26.97721],[95.20507,26.97908],[95.20296,26.98011],[95.20267,26.98214],[95.20101,26.98296],[95.20032,26.98087],[95.19761,26.98345],[95.19587,26.98197],[95.19173,26.98524],[95.19318,26.98666],[95.19136,26.98694],[95.19215,26.9918],[95.19095,26.99337],[95.19542,26.9949],[95.19726,26.99772],[95.19466,27.03126],[95.19589,27.03628],[95.20424,27.03733],[95.20551,27.03202],[95.20876,27.0323],[95.20882,27.03031],[95.21052,27.02979],[95.21669,27.03142],[95.2218,27.03448],[95.22185,27.03644],[95.22887,27.03552],[95.22813,27.03765],[95.23084,27.0398],[95.2292,27.04172],[95.2321,27.04333],[95.23289,27.03834],[95.23951,27.03663],[95.2436,27.02599],[95.24686,27.02416],[95.25657,27.03041],[95.25899,27.03027],[95.25844,27.03382],[95.26007,27.03555],[95.26339,27.03507],[95.27158,27.04118],[95.27713,27.04238],[95.27585,27.04408],[95.27768,27.04832],[95.27524,27.04997],[95.27632,27.05219],[95.29183,27.06649],[95.30004,27.07005],[95.31681,27.08281],[95.32927,27.08766],[95.35476,27.10391],[95.3649,27.10818],[95.36865,27.10709],[95.36376,27.10255],[95.37115,27.10084],[95.37012,27.09449],[95.37467,27.09268],[95.38302,27.0982],[95.38199,27.10028],[95.38464,27.10554],[95.39854,27.10872],[95.42065,27.12578],[95.43961,27.12592],[95.4406,27.12874],[95.44473,27.12879],[95.44242,27.13139],[95.44441,27.13521],[95.4493,27.13459],[95.44941,27.12968],[95.45327,27.12943],[95.45817,27.13796],[95.45657,27.14055],[95.45748,27.14413],[95.46222,27.14966],[95.45965,27.15374],[95.45332,27.15733],[95.46252,27.16171],[95.46551,27.16636],[95.46471,27.17221],[95.45952,27.17569],[95.4666,27.18164],[95.46017,27.19134],[95.46246,27.19437],[95.45914,27.19543],[95.45842,27.20018],[95.45589,27.20253],[95.45758,27.20878],[95.46716,27.21337],[95.46754,27.21832],[95.47244,27.21893],[95.47147,27.22272],[95.47742,27.22671],[95.47966,27.23096],[95.47884,27.23406],[95.48293,27.23652],[95.48426,27.24125],[95.49209,27.24554],[95.49963,27.24618],[95.50467,27.24936],[95.50917,27.26204],[95.51147,27.26191],[95.51705,27.25751],[95.52539,27.26372],[95.52789,27.26308],[95.52989,27.26454],[95.53028,27.26135],[95.53264,27.26147],[95.53452,27.26459],[95.53515,27.26156],[95.53711,27.2625],[95.54203,27.25901],[95.54512,27.25999],[95.54851,27.25732],[95.54823,27.25394],[95.55195,27.25315],[95.55099,27.25045],[95.55354,27.24886],[95.55808,27.24898],[95.56431,27.24467],[95.57465,27.24364],[95.5752,27.23978],[95.57727,27.23807],[95.57456,27.23436],[95.57826,27.23207],[95.58046,27.22781],[95.58298,27.22851],[95.58454,27.22489],[95.58757,27.22294],[95.60382,27.22422],[95.61062,27.2276],[95.61161,27.22989],[95.61554,27.23161],[95.61757,27.2309],[95.61903,27.23248],[95.63234,27.22968],[95.67603,27.24696],[95.68153,27.25174],[95.69236,27.25321],[95.70151,27.24857],[95.71224,27.25283],[95.71378,27.25024],[95.72021,27.24948],[95.72713,27.25965],[95.73469,27.26039],[95.73618,27.26326],[95.74211,27.26666],[95.7477,27.26575],[95.75686,27.26864],[95.76518,27.26726],[95.77525,27.27041],[95.77958,27.26975],[95.78059,27.27246],[95.78818,27.27672],[95.7879,27.27865],[95.79522,27.28253],[95.79954,27.28234],[95.80089,27.28427],[95.80262,27.28294],[95.79945,27.27655],[95.80553,27.2758],[95.80516,27.27295],[95.81538,27.27854],[95.82332,27.27887],[95.8505,27.28659],[95.85931,27.28722],[95.85382,27.27919],[95.85643,27.27106],[95.86383,27.26644],[95.86937,27.26002],[95.8765,27.25964],[95.88132,27.25591],[95.89243,27.25528],[95.89418,27.25692],[95.89462,27.26101],[95.89356,27.26757],[95.89945,27.26868],[95.90008,27.27425],[95.90435,27.27392],[95.89709,27.28054],[95.89721,27.28216],[95.90111,27.28392],[95.90606,27.28222],[95.90717,27.28897],[95.91338,27.28914],[95.91478,27.29201],[95.91799,27.29134],[95.93012,27.30028],[95.93756,27.30082],[95.94172,27.30523],[95.94663,27.30379],[95.95343,27.30892],[95.96004,27.31095],[95.95656,27.31257],[95.95505,27.31768],[95.96103,27.31644],[95.96276,27.32314],[95.96912,27.32241],[95.97556,27.32446],[95.97209,27.32744],[95.96772,27.32567],[95.96529,27.32788],[95.97101,27.33282],[95.97158,27.33655],[95.97654,27.33738],[95.98688,27.34561],[95.98906,27.35677],[95.99299,27.3582],[95.99937,27.35665],[96.00278,27.3583],[96.00846,27.35708],[96.01794,27.36298],[96.01287,27.36431],[96.00996,27.36713],[96.0092,27.37072],[96.00381,27.37408],[96.00367,27.38113],[95.99715,27.38626],[95.99734,27.39444],[95.99334,27.39667],[95.98834,27.40404],[95.98441,27.40472],[95.98315,27.41211],[95.97388,27.41168],[95.97007,27.41518],[95.97064,27.4171],[95.975,27.41773],[95.97525,27.41966],[95.97394,27.42196],[95.96947,27.42377],[95.96921,27.42816],[95.96508,27.42676],[95.96556,27.41939],[95.96442,27.41832],[95.96165,27.41828],[95.96329,27.42759],[95.96034,27.42994],[95.95676,27.42797],[95.95406,27.42029],[95.95047,27.42503],[95.94492,27.4279],[95.94732,27.43075],[95.9473,27.43326],[95.94116,27.43756],[95.93591,27.43554],[95.92432,27.44026],[95.92119,27.43918],[95.91816,27.43497],[95.90696,27.4311],[95.89943,27.42231],[95.89891,27.41389],[95.89235,27.4033],[95.88389,27.39706],[95.88075,27.39774],[95.87903,27.40092],[95.88601,27.40414],[95.88752,27.40761],[95.8864,27.41299],[95.88056,27.4143],[95.88206,27.41778],[95.88089,27.42385],[95.88377,27.43188],[95.8833,27.43533],[95.87867,27.43658],[95.87552,27.43506],[95.87074,27.42662],[95.85717,27.42101],[95.85627,27.41712],[95.86175,27.41267],[95.86245,27.41013],[95.85103,27.41093],[95.85264,27.41246],[95.85063,27.41677],[95.84431,27.42182],[95.84214,27.42863],[95.84887,27.44216],[95.85547,27.44404],[95.85651,27.44575],[95.85304,27.45759],[95.85667,27.46222],[95.85948,27.46228],[95.86277,27.4654],[95.87038,27.46658],[95.87139,27.47637],[95.87374,27.48143],[95.87267,27.48427],[95.87364,27.49278],[95.87988,27.4973],[95.88671,27.49735],[95.8855,27.50077],[95.8792,27.50527],[95.87593,27.51278],[95.87867,27.51918],[95.87715,27.52481],[95.87664,27.54503],[95.87392,27.54815],[95.87267,27.54612],[95.86671,27.54503],[95.86335,27.54615],[95.86195,27.54306],[95.85919,27.54347],[95.85706,27.54521],[95.8564,27.54869],[95.85331,27.55073],[95.85238,27.55456],[95.84135,27.56255],[95.83356,27.55875],[95.82359,27.5744],[95.81927,27.57558],[95.819,27.57352],[95.81441,27.57408],[95.81201,27.5844],[95.81377,27.5906],[95.81844,27.59627],[95.81549,27.5992],[95.80361,27.60131],[95.7932,27.59826],[95.79062,27.60021],[95.79016,27.61153],[95.78785,27.61459],[95.77959,27.61736],[95.77817,27.62482],[95.78887,27.62614],[95.78999,27.6277],[95.78715,27.6336],[95.79403,27.63927],[95.79585,27.63786],[95.79613,27.64055],[95.79037,27.64558],[95.78743,27.64489],[95.78677,27.64776],[95.7817,27.64728],[95.7781,27.65093],[95.77474,27.65102],[95.77105,27.65855],[95.77357,27.66226],[95.77347,27.67184],[95.77512,27.67483],[95.78173,27.6791],[95.78711,27.67917],[95.78798,27.68196],[95.78351,27.68798],[95.77331,27.68577],[95.76721,27.68757],[95.76367,27.69422],[95.76377,27.6968],[95.76816,27.70331],[95.76771,27.70546],[95.75858,27.71246],[95.75133,27.72145],[95.75467,27.72518],[95.76349,27.72555],[95.76425,27.73022],[95.76615,27.73162],[95.77488,27.73115],[95.77938,27.73371],[95.78055,27.73692],[95.77545,27.75394],[95.78611,27.75944],[95.80007,27.77416],[95.80277,27.78397],[95.80889,27.78936],[95.81083,27.79668],[95.81767,27.80374],[95.82571,27.80831],[95.83764,27.80959],[95.83749,27.82396],[95.85432,27.83026],[95.87053,27.83318],[95.88464,27.84733],[95.88784,27.85646],[95.89161,27.85677],[95.89008,27.85998],[95.89458,27.8582],[95.89525,27.86259],[95.90494,27.86307],[95.90174,27.86895],[95.90335,27.86957],[95.90736,27.86706],[95.90858,27.8695],[95.90696,27.87101],[95.91059,27.87117],[95.91072,27.87365],[95.91491,27.87675],[95.91452,27.87842],[95.9169,27.8806],[95.91477,27.88374],[95.9192,27.88067],[95.92484,27.88186],[95.91597,27.8858],[95.91587,27.88949],[95.91735,27.8903],[95.92293,27.88804],[95.91923,27.89504],[95.92161,27.89618],[95.92564,27.89525],[95.925,27.89779],[95.92634,27.89907],[95.92846,27.89537],[95.93775,27.8982],[95.9306,27.90078],[95.92953,27.90311],[95.93996,27.90519],[95.94063,27.90684],[95.9348,27.90821],[95.938,27.91285],[95.94236,27.91048],[95.94692,27.91777],[95.95226,27.92031],[95.94798,27.92438],[95.95407,27.93119],[95.94732,27.9324],[95.94743,27.93772],[95.95398,27.9415],[95.96471,27.95178],[95.97076,27.96302],[95.82158,27.97139],[95.60511,27.95488],[95.59354,27.94703],[95.58595,27.93698],[95.57583,27.93996],[95.56842,27.93616],[95.56465,27.92953],[95.56337,27.91952],[95.55367,27.91399],[95.5445,27.9111],[95.54202,27.90652],[95.5441,27.90004],[95.53977,27.89672],[95.53387,27.8984],[95.526,27.89087],[95.51997,27.88149],[95.37941,27.83943],[95.3086,27.86826],[94.99238,27.77062],[94.92352,27.75064],[94.8522,27.72744],[94.84858,27.71665],[94.84821,27.70634],[94.84203,27.70143],[94.81968,27.69214],[94.80732,27.69244],[94.79682,27.69586],[94.79357,27.69541],[94.79,27.68617],[94.7785,27.67993],[94.76934,27.67948],[94.76307,27.67072],[94.76099,27.66516],[94.75415,27.66078],[94.74257,27.65968],[94.73557,27.66352],[94.7286,27.66468],[94.72498,27.66923],[94.7203,27.66681],[94.71658,27.65803],[94.70966,27.65703],[94.6993,27.66209],[94.69041,27.66219],[94.68946,27.66537],[94.68754,27.66568],[94.68346,27.65944],[94.68639,27.65079],[94.6826,27.64664],[94.67897,27.64578],[94.67275,27.64769],[94.66263,27.64596],[94.65725,27.64205],[94.64744,27.63878],[94.64333,27.63136],[94.63245,27.6243],[94.62332,27.62766],[94.61808,27.62396],[94.6132,27.62389],[94.60631,27.61932],[94.60275,27.62132],[94.59923,27.6188],[94.5943,27.61997],[94.5868,27.61874],[94.57971,27.61234],[94.57744,27.60714],[94.5739,27.60407],[94.56849,27.60264],[94.56245,27.60498],[94.55517,27.60112],[94.54475,27.60112],[94.53574,27.59275],[94.53202,27.5945],[94.52942,27.59161],[94.52185,27.59164],[94.52122,27.5848],[94.51499,27.58065],[94.50213,27.57717],[94.49873,27.57248],[94.47765,27.57636],[94.46775,27.56137],[94.46158,27.55546],[94.45628,27.56005],[94.45479,27.56682],[94.45117,27.57198],[94.43944,27.58144],[94.43318,27.58864],[94.43155,27.59184],[94.43153,27.60055],[94.4183,27.59773],[94.40145,27.58519],[94.39223,27.58924],[94.38843,27.58501],[94.38174,27.58181],[94.37635,27.58259],[94.36973,27.57497],[94.36385,27.57456],[94.35898,27.57714],[94.35052,27.57733],[94.34477,27.58235],[94.33808,27.58143],[94.33681,27.5794],[94.33267,27.58716],[94.32416,27.58483],[94.32262,27.58885],[94.3091,27.59099],[94.30166,27.60123],[94.2981,27.60215],[94.28969,27.59637],[94.28814,27.58947],[94.27724,27.58965],[94.27365,27.59518],[94.27449,27.60004],[94.27232,27.60315],[94.25624,27.61072],[94.2541,27.61444],[94.25452,27.616],[94.26078,27.61831],[94.26041,27.62208],[94.26294,27.62447],[94.26542,27.62442],[94.26669,27.6268],[94.26725,27.6297],[94.26156,27.63607],[94.25425,27.63586],[94.2513,27.63785],[94.24654,27.633],[94.23807,27.6331],[94.23384,27.62965],[94.23495,27.62695],[94.23171,27.62588],[94.2284,27.61884],[94.22353,27.6133],[94.21636,27.60867],[94.20914,27.60782],[94.20931,27.60516],[94.21241,27.60143],[94.21932,27.59858],[94.22637,27.59891],[94.2264,27.59536],[94.22205,27.58802],[94.22477,27.58337],[94.22573,27.57468],[94.23699,27.56888],[94.24588,27.56947],[94.2587,27.55546],[94.2594,27.54905],[94.25687,27.54171],[94.25749,27.53703],[94.26826,27.52084],[94.23389,27.51211],[94.21679,27.50087],[94.21009,27.49303],[94.20064,27.49488],[94.19637,27.49294],[94.1923,27.4935],[94.18752,27.49164],[94.18502,27.48732],[94.17623,27.48215],[94.16913,27.48123],[94.16454,27.47678],[94.15667,27.47486],[94.15942,27.46162],[94.14128,27.44654],[94.1313,27.44113],[94.12754,27.4348],[94.11771,27.42989],[94.10478,27.41418],[94.08945,27.40725],[94.0756,27.38988],[94.06906,27.37367],[94.0607,27.36551],[94.06131,27.36394],[94.05967,27.36174],[94.05389,27.36054],[94.04041,27.35171],[94.03077,27.3486],[94.03011,27.34586],[94.02769,27.34704],[94.02565,27.34504],[94.02196,27.34641],[93.98796,27.32329],[93.98429,27.32305],[93.89779,27.23591],[93.87769,27.21417],[93.86936,27.20249],[93.86437,27.20037],[93.85716,27.19113],[93.83201,27.16935],[93.82505,27.16891],[93.81302,27.15538],[93.80608,27.15183],[93.80513,27.14722],[93.80669,27.14006],[93.79603,27.13885],[93.79439,27.13438],[93.79715,27.12891],[93.80252,27.13258],[93.80705,27.13031],[93.8128,27.12993],[93.80929,27.12328],[93.81164,27.12133],[93.82019,27.12263],[93.82589,27.11693],[93.82987,27.10971],[93.83737,27.10799],[93.83739,27.10474],[93.8306,27.10173],[93.83016,27.09827],[93.83275,27.09585],[93.83525,27.09579],[93.83368,27.09274],[93.83096,27.09171],[93.83212,27.08732],[93.83629,27.08571],[93.83825,27.08728],[93.83434,27.08273],[93.83764,27.07523],[93.83536,27.07711],[93.83651,27.074],[93.83073,27.06613],[93.82673,27.06644],[93.8249,27.06894],[93.82363,27.06602],[93.82508,27.06305],[93.81551,27.06109],[93.8075,27.06798],[93.81024,27.06503],[93.81089,27.0598],[93.80696,27.05985],[93.80636,27.05863],[93.80552,27.05998],[93.80319,27.05821],[93.80179,27.06307],[93.79976,27.06225],[93.80009,27.05792],[93.79646,27.05696],[93.79365,27.06046],[93.79474,27.05492],[93.78582,27.05159],[93.782,27.06077],[93.779,27.05765],[93.78038,27.05043],[93.77945,27.05144],[93.77926,27.04879],[93.77312,27.05931],[93.77107,27.05805],[93.77158,27.05348],[93.77,27.05123],[93.76916,27.05361],[93.76741,27.05283],[93.76768,27.03984],[93.74665,27.02978],[93.73216,27.02585],[93.72241,27.02053],[93.70215,27.00007],[93.69367,26.989],[93.67567,26.97459],[93.66606,26.96889],[93.65744,26.96632],[93.62746,26.96316],[93.61473,26.9603],[93.58667,26.95047],[93.55966,26.95271],[93.54915,26.95001],[93.54494,26.95123],[93.54101,26.94897],[93.52477,26.94853],[93.50728,26.94394],[93.4891,26.93618],[93.48626,26.94228],[93.47473,26.93932],[93.47065,26.9366],[93.46249,26.93788],[93.44877,26.95078],[93.38049,26.95922],[93.3241,26.96008],[93.24682,26.95125],[93.20095,26.94322],[93.17256,26.936],[93.10737,26.92576],[93.08823,26.91439],[93.06272,26.92227],[93.02186,26.91342],[92.98189,26.93605],[92.91715,26.96293],[92.91553,26.97392],[92.91841,26.98231],[92.88661,26.99975],[92.83141,27.01252],[92.80575,27.02473],[92.76934,27.03342],[92.71336,27.02657],[92.68409,27.03215],[92.6604,27.03854],[92.64546,27.01357],[92.64462,26.98677],[92.58334,26.95954],[92.55419,26.95744],[92.49686,26.96337],[92.44747,26.95881],[92.42581,26.94104],[92.41201,26.94276],[92.39833,26.92469],[92.3671,26.92868],[92.36315,26.93454],[92.30266,26.92264],[92.30296,26.90714],[92.27609,26.902],[92.25519,26.90961],[92.23802,26.90579],[92.1948,26.88996],[92.16986,26.89165],[92.12002,26.88898],[92.11438,26.89358],[92.11675,26.89749],[92.11777,26.9089],[92.11521,26.91375],[92.11685,26.92547],[92.11516,26.93421],[92.11817,26.9386],[92.11861,26.94228],[92.11568,26.94499],[92.11355,26.95049],[92.12098,26.96036],[92.11811,26.97437],[92.10476,26.97991],[92.10497,26.98664],[92.10825,26.98979],[92.10418,26.99864],[92.10355,27.00398],[92.09478,27.00924],[92.09507,27.0123],[92.07842,27.01736],[92.07842,27.027],[92.08308,27.03408],[92.08175,27.04082],[92.07645,27.04159],[92.07302,27.04452],[92.07052,27.04398],[92.05616,27.05142],[92.04412,27.05136],[92.04325,27.05663],[92.03681,27.06314],[92.03764,27.07033],[92.03081,27.07992],[92.03195,27.09202],[92.02961,27.09493],[92.03017,27.0998],[92.02313,27.10955],[92.02743,27.11846],[92.03253,27.12439],[92.0358,27.13491],[92.0353,27.14085],[92.03218,27.14605],[92.0324,27.15277],[92.02873,27.15732],[92.02672,27.16828],[92.03575,27.17507],[92.03709,27.1793],[92.05211,27.18492],[92.05838,27.19031],[92.06243,27.20893],[92.06928,27.21373],[92.07056,27.2276],[92.07257,27.23311],[92.06737,27.24203],[92.06251,27.2441],[92.0592,27.2518],[92.04591,27.25559],[92.04017,27.25582],[92.03844,27.25444],[92.038,27.25842],[92.04293,27.2616],[92.04517,27.26858],[92.0613,27.27253],[92.06707,27.27717],[92.07031,27.27624],[92.07203,27.27807],[92.07535,27.27819],[92.0869,27.26927],[92.09451,27.27126],[92.10347,27.26866],[92.10945,27.27085],[92.11313,27.27006],[92.11995,27.2718],[92.12458,27.27802],[92.12498,27.28202],[92.12017,27.29031],[92.0998,27.30237],[92.08896,27.30457],[92.07815,27.31304],[92.06458,27.32698],[92.06252,27.34221],[92.05961,27.34656],[92.05277,27.35129],[92.05503,27.3527],[92.05011,27.35706],[92.04824,27.36313],[92.04899,27.37676],[92.0544,27.38284],[92.05481,27.39606],[92.05847,27.39971],[92.05453,27.40105],[92.05375,27.40403],[92.04897,27.40704],[92.04369,27.41481],[92.04248,27.41854],[92.04423,27.42672],[92.04202,27.43102],[92.04254,27.43523],[92.03728,27.43895],[92.033,27.43859],[92.03234,27.44057],[92.0268,27.44012],[92.02643,27.44274],[92.02217,27.44802],[92.02339,27.46197],[92.01929,27.47269],[92.01937,27.47805],[92.01631,27.48077],[92.01489,27.47887],[92.01083,27.47972],[92.00702,27.47659],[92.00032,27.47904],[91.99468,27.47849],[91.98908,27.46752],[91.97888,27.46334],[91.97282,27.46722],[91.96154,27.46068],[91.95181,27.46005],[91.94682,27.4618],[91.94364,27.45974],[91.93722,27.46506],[91.93142,27.4659],[91.92312,27.47404],[91.91222,27.47178],[91.90828,27.47286],[91.89789,27.47122],[91.88768,27.47617],[91.87951,27.47455],[91.87619,27.47117],[91.8716,27.4708],[91.86905,27.4791],[91.86438,27.48289],[91.86083,27.48476],[91.8551,27.48214],[91.8486,27.48646],[91.84159,27.47683],[91.82525,27.46785],[91.8209,27.47203],[91.81365,27.47438],[91.80115,27.47234],[91.79815,27.47429],[91.79584,27.47095],[91.7887,27.4701],[91.78077,27.46604],[91.76697,27.46476],[91.76589,27.47067],[91.76808,27.47374],[91.76298,27.47498],[91.75224,27.47568],[91.747,27.47253],[91.73274,27.46935],[91.71462,27.47454],[91.71775,27.4851],[91.71459,27.48727],[91.71356,27.49348],[91.70195,27.49885],[91.69506,27.50533],[91.68481,27.50044],[91.68487,27.49695],[91.67217,27.49317],[91.65923,27.48347],[91.65245,27.48304],[91.64496,27.502],[91.63774,27.50425],[91.63421,27.50852],[91.62403,27.51415],[91.62211,27.52017],[91.61391,27.53181],[91.6145,27.53717],[91.61195,27.54118],[91.61229,27.54369],[91.60788,27.54189],[91.60405,27.54231],[91.60195,27.54063],[91.59373,27.54206],[91.5885,27.5523],[91.58215,27.55676],[91.58343,27.56545],[91.57985,27.5697],[91.57398,27.57252],[91.57193,27.57495],[91.57189,27.57958],[91.56631,27.58306],[91.57018,27.59449],[91.58262,27.60461],[91.58437,27.60822],[91.5647,27.62576],[91.56218,27.63185],[91.56407,27.6414],[91.57061,27.6508],[91.57307,27.66069],[91.57745,27.66257],[91.58252,27.66254],[91.58714,27.66694],[91.59378,27.67005],[91.59619,27.67978],[91.60425,27.68347],[91.60722,27.69081],[91.61967,27.69385],[91.62855,27.69943],[91.62998,27.70862],[91.62685,27.7158],[91.63192,27.71679],[91.63152,27.71981],[91.63411,27.72258],[91.63889,27.73581],[91.63463,27.745],[91.63504,27.74689],[91.6419,27.75228],[91.64307,27.76103],[91.6454,27.76338],[91.64484,27.76999],[91.63996,27.77402],[91.63785,27.78028],[91.63823,27.78385],[91.63645,27.78809],[91.63732,27.79407],[91.63378,27.79604],[91.63508,27.80294],[91.62831,27.81089],[91.62028,27.81561],[91.61464,27.82185],[91.60755,27.82389],[91.60036,27.82269],[91.59774,27.81801],[91.59185,27.81911],[91.58585,27.81732],[91.58103,27.81199],[91.5763,27.81186],[91.57263,27.8167],[91.56598,27.81861],[91.56737,27.82094],[91.56703,27.82595],[91.56232,27.82996],[91.56084,27.8388],[91.55402,27.8463],[91.55359,27.85136],[91.55463,27.85454],[91.55791,27.8563],[91.56522,27.85274],[91.56989,27.84801],[91.57375,27.85589],[91.57554,27.86429],[91.58486,27.86218],[91.58862,27.85988],[91.58913,27.8568],[91.59277,27.85413],[91.60228,27.86407],[91.60623,27.86013],[91.61726,27.85657],[91.6294,27.85978],[91.64036,27.85536],[91.66318,27.85295],[91.67221,27.84568],[91.70131,27.81309],[91.70983,27.80797],[91.76131,27.79996],[91.77887,27.8062],[91.78776,27.80776],[91.81244,27.80483],[91.82068,27.81596],[91.82415,27.81448],[91.82857,27.80535],[91.8308,27.79313],[91.83631,27.78518],[91.8446,27.78221],[91.85068,27.77616],[91.85203,27.75965],[91.85856,27.7481],[91.85901,27.7426],[91.86219,27.73969],[91.87129,27.73814],[91.87553,27.7345],[91.87785,27.7285],[91.8824,27.72724],[91.88829,27.72621],[91.90369,27.73223],[91.91253,27.73092],[91.92128,27.72363],[91.9277,27.72259],[91.94997,27.73736],[91.95768,27.74848],[91.9639,27.75103],[91.96979,27.75],[91.97152,27.7569],[91.98081,27.7643],[91.99353,27.77118],[92.00268,27.77225],[92.04335,27.76285],[92.05143,27.76393],[92.10948,27.80947],[92.15868,27.83958],[92.21866,27.86951],[92.26846,27.8721],[92.27754,27.86909],[92.28224,27.86185],[92.28484,27.84365],[92.29119,27.82491],[92.30202,27.80204],[92.31277,27.78849],[92.31922,27.78815],[92.35812,27.79828],[92.3851,27.80063],[92.38783,27.80593],[92.38538,27.8172],[92.38976,27.82143],[92.4163,27.83055],[92.42302,27.83068],[92.43195,27.82098],[92.44741,27.81451],[92.45627,27.81412],[92.46602,27.81778],[92.48376,27.84281],[92.49253,27.85055],[92.50336,27.85395],[92.51596,27.85254],[92.52771,27.84852],[92.55621,27.82436],[92.57106,27.83964],[92.61531,27.89454],[92.6267,27.89864],[92.65013,27.89989],[92.65771,27.9019],[92.68787,27.92669],[92.71356,27.95537],[92.74243,27.99259],[92.73534,28.01136],[92.72071,28.03051],[92.70039,28.04856],[92.68174,28.05726],[92.67024,28.06082],[92.66654,28.06375],[92.66534,28.06999],[92.67623,28.09846],[92.68037,28.11416],[92.67967,28.11919],[92.68795,28.1274],[92.70027,28.13577],[92.74608,28.1581],[92.78586,28.18651],[92.80603,28.20691],[92.81477,28.21104],[92.81852,28.21025],[92.81806,28.19115],[92.82558,28.17906],[92.8361,28.1791],[92.85263,28.1826],[92.89688,28.20515],[92.90568,28.21191],[92.91346,28.23182],[92.92284,28.24],[92.94354,28.24747],[92.96271,28.25856],[92.97593,28.25877],[92.98413,28.25239],[92.9973,28.22943],[93.0197,28.26099],[93.02827,28.26869],[93.02289,28.29007],[93.02234,28.31039],[93.04967,28.30266],[93.07194,28.30769],[93.09052,28.30587],[93.10083,28.3078],[93.11039,28.31214],[93.11929,28.32175],[93.12217,28.32838],[93.12918,28.32799],[93.1608,28.31919],[93.18939,28.31834],[93.20649,28.32155],[93.21796,28.32608],[93.2228,28.33529],[93.22422,28.4055],[93.22013,28.41371],[93.20974,28.41895],[93.19338,28.42361],[93.18045,28.43488],[93.1956,28.44506],[93.20957,28.45192],[93.21842,28.46047],[93.22857,28.4742],[93.24372,28.48414],[93.26836,28.49507],[93.27774,28.50131],[93.28205,28.51029],[93.28613,28.53958],[93.29112,28.55356],[93.29512,28.56088],[93.30462,28.57142],[93.30674,28.57925],[93.30146,28.59322],[93.30162,28.59895],[93.30749,28.60551],[93.31464,28.60941],[93.32492,28.60918],[93.32786,28.61723],[93.32792,28.6287],[93.33336,28.63908],[93.33917,28.64325],[93.36215,28.64225],[93.37937,28.64783],[93.40601,28.65128],[93.41422,28.6542],[93.44597,28.67472],[93.45275,28.67504],[93.46704,28.65465],[93.4705,28.65265],[93.4748,28.66067],[93.47796,28.67565],[93.48414,28.68314],[93.49615,28.68597],[93.51416,28.68172],[93.52241,28.65907],[93.53573,28.66066],[93.58887,28.65413],[93.61945,28.65339],[93.65616,28.65846],[93.68782,28.67439],[93.73988,28.68455],[93.75309,28.68279],[93.78414,28.66336],[93.83205,28.6951],[93.8385,28.70162],[93.8506,28.70704],[93.86168,28.70627],[93.90168,28.67942],[93.9214,28.66983],[93.93563,28.66611],[93.94673,28.67393],[93.96176,28.6936],[93.97118,28.71532],[93.97295,28.74322],[94.00659,28.76739],[94.0103,28.77279],[94.01051,28.77875],[93.9867,28.80376],[94.00255,28.82267],[94.00724,28.8407],[94.01336,28.84507],[94.03663,28.85113],[94.05367,28.87264],[94.07467,28.89093],[94.14985,28.94401],[94.16446,28.95746],[94.17013,28.97163],[94.17658,29.00703],[94.18606,29.02873],[94.2241,29.08783],[94.25777,29.1086],[94.27717,29.12595],[94.29365,29.14535],[94.30491,29.1476],[94.32962,29.1464],[94.3528,29.14811],[94.36249,29.1526],[94.36788,29.15842],[94.37488,29.18495],[94.42982,29.21962],[94.43812,29.22319],[94.45913,29.21755],[94.48673,29.21338],[94.51311,29.21282],[94.53441,29.21456],[94.55071,29.22075],[94.56518,29.23559],[94.57391,29.24965],[94.57872,29.27457],[94.59732,29.28355],[94.60463,29.28905],[94.62253,29.31428],[94.62771,29.33465],[94.63098,29.34124],[94.64507,29.33937],[94.66319,29.32925],[94.68861,29.31795],[94.70967,29.30009],[94.72292,29.29132],[94.7413,29.27474],[94.78141,29.23095],[94.79301,29.2153],[94.79641,29.19895],[94.79352,29.18854],[94.79561,29.17343],[94.79965,29.16589],[94.80413,29.16241],[94.81064,29.16196],[94.84354,29.17426],[94.86376,29.17647],[94.87867,29.17503],[94.89393,29.16927],[94.90753,29.1564],[94.91578,29.15207],[94.93252,29.15558],[94.95841,29.15639],[94.96665,29.15206],[94.97741,29.14286],[94.98833,29.13748],[95.01358,29.13018],[95.02245,29.13394],[95.01213,29.14695],[94.99949,29.15024],[94.98159,29.15156],[94.97528,29.15654],[94.97297,29.16593],[94.97982,29.17335],[94.99277,29.17076],[95.01644,29.15827],[95.03657,29.15209],[95.06739,29.1477],[95.09505,29.13959],[95.10194,29.12933],[95.10638,29.11891],[95.16631,29.10895],[95.19428,29.10798],[95.24172,29.11062],[95.24559,29.07632],[95.24202,29.06355],[95.24872,29.0614],[95.26007,29.05408],[95.27033,29.05849],[95.28792,29.06264],[95.30464,29.05966],[95.32244,29.05066],[95.34809,29.04114],[95.36825,29.03635],[95.38506,29.03527],[95.39873,29.03119],[95.41065,29.03052],[95.42122,29.04136],[95.42774,29.04112],[95.4403,29.0366],[95.44935,29.04415],[95.46645,29.06646],[95.47723,29.08708],[95.48108,29.12229],[95.48099,29.14307],[95.49673,29.14225],[95.51754,29.1336],[95.53072,29.13049],[95.53667,29.1692],[95.52697,29.20515],[95.52693,29.21566],[95.54091,29.21753],[95.56374,29.21667],[95.5722,29.22281],[95.57807,29.25387],[95.58303,29.26061],[95.59716,29.25985],[95.608,29.25323],[95.61926,29.2497],[95.62484,29.25235],[95.63148,29.25998],[95.64445,29.26332],[95.65983,29.27157],[95.67154,29.28235],[95.68453,29.29714],[95.68899,29.30461],[95.7056,29.30445],[95.721,29.3127],[95.72838,29.31863],[95.73722,29.3319],[95.75256,29.3442],[95.7595,29.3468],[95.76571,29.35635],[95.77688,29.36165],[95.78095,29.35576],[95.78213,29.34139],[95.8027,29.34942],[95.81113,29.35961],[95.83099,29.35883],[95.83844,29.3712],[95.86175,29.39512],[95.90352,29.39084],[95.91969,29.3871],[95.93273,29.3861],[95.94181,29.38765],[95.9767,29.41348],[95.99863,29.42072],[96.00882,29.42772],[96.03063,29.45334],[96.04275,29.46073],[96.05689,29.46494],[96.06732,29.46595],[96.08125,29.46108],[96.08926,29.45264],[96.10524,29.43001],[96.12076,29.41409],[96.14057,29.40205],[96.15351,29.37381]]]}},{"type":"Feature","properties":{"slug":"assam","name":"Assam","villages":0,"districts":0,"taluks":0,"nodata":true},"geometry":{"type":"Polygon","coordinates":[[[95.97127,27.96272],[95.96471,27.95178],[95.95398,27.9415],[95.94743,27.93772],[95.94732,27.9324],[95.95407,27.93119],[95.94798,27.92438],[95.95226,27.92031],[95.94692,27.91777],[95.94236,27.91048],[95.938,27.91285],[95.9348,27.90821],[95.94063,27.90684],[95.93996,27.90519],[95.92953,27.90311],[95.9306,27.90078],[95.93775,27.8982],[95.92846,27.89537],[95.92634,27.89907],[95.925,27.89779],[95.92564,27.89525],[95.92161,27.89618],[95.91923,27.89504],[95.92293,27.88804],[95.91735,27.8903],[95.91587,27.88949],[95.91597,27.8858],[95.92484,27.88186],[95.9192,27.88067],[95.91477,27.88374],[95.9169,27.8806],[95.91452,27.87842],[95.91491,27.87675],[95.91072,27.87365],[95.91059,27.87117],[95.90696,27.87101],[95.90858,27.8695],[95.90736,27.86706],[95.90335,27.86957],[95.90174,27.86895],[95.90494,27.86307],[95.89525,27.86259],[95.89458,27.8582],[95.89008,27.85998],[95.89161,27.85677],[95.88784,27.85646],[95.88464,27.84733],[95.87053,27.83318],[95.85432,27.83026],[95.83749,27.82396],[95.83764,27.80959],[95.82571,27.80831],[95.81767,27.80374],[95.81083,27.79668],[95.80889,27.78936],[95.80277,27.78397],[95.80007,27.77416],[95.78611,27.75944],[95.77545,27.75394],[95.78055,27.73692],[95.77938,27.73371],[95.77488,27.73115],[95.76615,27.73162],[95.76425,27.73022],[95.76349,27.72555],[95.75467,27.72518],[95.75133,27.72145],[95.75858,27.71246],[95.76771,27.70546],[95.76816,27.70331],[95.76377,27.6968],[95.76367,27.69422],[95.76721,27.68757],[95.77331,27.68577],[95.78351,27.68798],[95.78798,27.68196],[95.78711,27.67917],[95.78173,27.6791],[95.77512,27.67483],[95.77347,27.67184],[95.77357,27.66226],[95.77105,27.65855],[95.77474,27.65102],[95.7781,27.65093],[95.7817,27.64728],[95.78677,27.64776],[95.78743,27.64489],[95.79037,27.64558],[95.79613,27.64055],[95.79585,27.63786],[95.79403,27.63927],[95.78715,27.6336],[95.78999,27.6277],[95.78887,27.62614],[95.77817,27.62482],[95.77959,27.61736],[95.78785,27.61459],[95.79016,27.61153],[95.79062,27.60021],[95.7932,27.59826],[95.80361,27.60131],[95.81549,27.5992],[95.81844,27.59627],[95.81377,27.5906],[95.81201,27.5844],[95.81441,27.57408],[95.819,27.57352],[95.81927,27.57558],[95.82359,27.5744],[95.83356,27.55875],[95.84135,27.56255],[95.85238,27.55456],[95.85331,27.55073],[95.8564,27.54869],[95.85706,27.54521],[95.85919,27.54347],[95.86195,27.54306],[95.86335,27.54615],[95.86671,27.54503],[95.87267,27.54612],[95.87392,27.54815],[95.87664,27.54503],[95.87715,27.52481],[95.87867,27.51918],[95.87593,27.51278],[95.8792,27.50527],[95.8855,27.50077],[95.88671,27.49735],[95.87988,27.4973],[95.87364,27.49278],[95.87267,27.48427],[95.87374,27.48143],[95.87139,27.47637],[95.87038,27.46658],[95.86277,27.4654],[95.85948,27.46228],[95.85667,27.46222],[95.85304,27.45759],[95.85651,27.44575],[95.85547,27.44404],[95.84887,27.44216],[95.84214,27.42863],[95.84431,27.42182],[95.85063,27.41677],[95.85264,27.41246],[95.85103,27.41093],[95.86245,27.41013],[95.86175,27.41267],[95.85627,27.41712],[95.85717,27.42101],[95.87074,27.42662],[95.87552,27.43506],[95.87867,27.43658],[95.8833,27.43533],[95.88377,27.43188],[95.88089,27.42385],[95.88206,27.41778],[95.88056,27.4143],[95.8864,27.41299],[95.88752,27.40761],[95.88601,27.40414],[95.87903,27.40092],[95.88075,27.39774],[95.88389,27.39706],[95.89235,27.4033],[95.89891,27.41389],[95.89943,27.42231],[95.90696,27.4311],[95.91816,27.43497],[95.92119,27.43918],[95.92432,27.44026],[95.93591,27.43554],[95.94116,27.43756],[95.9473,27.43326],[95.94732,27.43075],[95.94492,27.4279],[95.95047,27.42503],[95.95406,27.42029],[95.95676,27.42797],[95.96034,27.42994],[95.96329,27.42759],[95.96165,27.41828],[95.96442,27.41832],[95.96556,27.41939],[95.96508,27.42676],[95.96921,27.42816],[95.96947,27.42377],[95.97394,27.42196],[95.97525,27.41966],[95.975,27.41773],[95.97064,27.4171],[95.97007,27.41518],[95.97388,27.41168],[95.98315,27.41211],[95.98441,27.40472],[95.98834,27.40404],[95.99334,27.39667],[95.99734,27.39444],[95.99715,27.38626],[96.00367,27.38113],[96.00381,27.37408],[96.0092,27.37072],[96.00996,27.36713],[96.01287,27.36431],[96.01765,27.36388],[96.01771,27.36267],[96.00846,27.35708],[96.00278,27.3583],[95.99937,27.35665],[95.99303,27.3582],[95.98935,27.357],[95.98688,27.34561],[95.97654,27.33738],[95.97158,27.33655],[95.97101,27.33282],[95.96529,27.32788],[95.96772,27.32567],[95.97209,27.32744],[95.97556,27.32446],[95.96912,27.32241],[95.96276,27.32314],[95.96103,27.31644],[95.95505,27.31768],[95.95656,27.31257],[95.96004,27.31095],[95.95343,27.30892],[95.94663,27.30379],[95.94172,27.30523],[95.93756,27.30082],[95.93012,27.30028],[95.91799,27.29134],[95.91478,27.29201],[95.91338,27.28914],[95.90717,27.28897],[95.90606,27.28222],[95.90111,27.28392],[95.89721,27.28216],[95.89709,27.28054],[95.90435,27.27392],[95.90008,27.27425],[95.89945,27.26868],[95.89356,27.26757],[95.89462,27.26101],[95.89418,27.25692],[95.89243,27.25528],[95.88132,27.25591],[95.8765,27.25964],[95.86937,27.26002],[95.86383,27.26644],[95.85643,27.27106],[95.85382,27.27919],[95.85931,27.28722],[95.8505,27.28659],[95.82332,27.27887],[95.81538,27.27854],[95.80516,27.27295],[95.80553,27.2758],[95.79945,27.27655],[95.80262,27.28294],[95.80089,27.28427],[95.79954,27.28234],[95.79522,27.28253],[95.7879,27.27865],[95.78818,27.27672],[95.78059,27.27246],[95.77958,27.26975],[95.77525,27.27041],[95.76518,27.26726],[95.75686,27.26864],[95.7477,27.26575],[95.74211,27.26666],[95.73618,27.26326],[95.73469,27.26039],[95.72713,27.25965],[95.72021,27.24948],[95.71378,27.25024],[95.71224,27.25283],[95.70151,27.24857],[95.69236,27.25321],[95.68153,27.25174],[95.67603,27.24696],[95.63234,27.22968],[95.61903,27.23248],[95.61757,27.2309],[95.61554,27.23161],[95.61161,27.22989],[95.61062,27.2276],[95.60382,27.22422],[95.58757,27.22294],[95.58454,27.22489],[95.58298,27.22851],[95.58046,27.22781],[95.57826,27.23207],[95.57456,27.23436],[95.57727,27.23807],[95.5752,27.23978],[95.57465,27.24364],[95.56431,27.24467],[95.55808,27.24898],[95.55354,27.24886],[95.55099,27.25045],[95.55195,27.25315],[95.54823,27.25394],[95.54851,27.25732],[95.54512,27.25999],[95.54203,27.25901],[95.53711,27.2625],[95.53515,27.26156],[95.53452,27.26459],[95.53264,27.26147],[95.53028,27.26135],[95.52989,27.26454],[95.52789,27.26308],[95.52539,27.26372],[95.51705,27.25751],[95.51147,27.26191],[95.50917,27.26204],[95.50467,27.24936],[95.49963,27.24618],[95.49209,27.24554],[95.48426,27.24125],[95.48293,27.23652],[95.47884,27.23406],[95.47966,27.23096],[95.47742,27.22671],[95.47147,27.22272],[95.47244,27.21893],[95.46754,27.21832],[95.46716,27.21337],[95.45758,27.20878],[95.45589,27.20253],[95.45842,27.20018],[95.45914,27.19543],[95.46246,27.19437],[95.46017,27.19134],[95.4666,27.18164],[95.45952,27.17569],[95.46471,27.17221],[95.46551,27.16636],[95.46252,27.16171],[95.45332,27.15733],[95.45965,27.15374],[95.46222,27.14966],[95.45748,27.14413],[95.45657,27.14055],[95.45817,27.13796],[95.45327,27.12943],[95.44941,27.12968],[95.4493,27.13459],[95.44441,27.13521],[95.44242,27.13139],[95.44473,27.12879],[95.4406,27.12874],[95.43961,27.12592],[95.42065,27.12578],[95.39854,27.10872],[95.38464,27.10554],[95.38199,27.10028],[95.38302,27.0982],[95.37467,27.09268],[95.37012,27.09449],[95.37115,27.10084],[95.36376,27.10255],[95.36865,27.10709],[95.3649,27.10818],[95.35476,27.10391],[95.32927,27.08766],[95.31681,27.08281],[95.30004,27.07005],[95.29183,27.06649],[95.27632,27.05219],[95.27524,27.04997],[95.27768,27.04832],[95.27585,27.04408],[95.27713,27.04238],[95.27158,27.04118],[95.26339,27.03507],[95.26007,27.03555],[95.25844,27.03382],[95.25899,27.03027],[95.25657,27.03041],[95.24686,27.02416],[95.2436,27.02599],[95.23951,27.03663],[95.23289,27.03834],[95.2321,27.04333],[95.2292,27.04172],[95.23084,27.0398],[95.22813,27.03765],[95.22887,27.03552],[95.22185,27.03644],[95.2218,27.03448],[95.21669,27.03142],[95.21052,27.02979],[95.20882,27.03031],[95.20876,27.0323],[95.20551,27.03202],[95.20424,27.03733],[95.19721,27.03717],[95.19531,27.03543],[95.19582,27.03269],[95.19388,27.03224],[95.19265,27.03282],[95.19423,27.03495],[95.19242,27.03562],[95.15018,26.99924],[95.14476,26.99585],[95.1388,26.99485],[95.12421,26.98544],[95.11196,26.98066],[95.10792,26.97594],[95.10608,26.96549],[95.09527,26.95755],[95.08096,26.9501],[95.06425,26.94708],[95.04969,26.93876],[95.04408,26.93874],[95.03413,26.9356],[95.02212,26.92581],[95.01476,26.92203],[95.00151,26.91978],[94.99129,26.92081],[94.98998,26.91421],[94.98262,26.913],[94.9765,26.92128],[94.96718,26.92351],[94.96124,26.93712],[94.9575,26.93748],[94.9555,26.9401],[94.95324,26.93761],[94.94186,26.93531],[94.94026,26.93356],[94.93085,26.93256],[94.93085,26.9369],[94.92561,26.94079],[94.92349,26.94637],[94.91672,26.94125],[94.91437,26.93677],[94.90245,26.93467],[94.89782,26.93125],[94.89064,26.92954],[94.87359,26.91752],[94.86601,26.90873],[94.86253,26.89759],[94.85845,26.89221],[94.85784,26.88848],[94.85107,26.8811],[94.84956,26.87448],[94.84261,26.86855],[94.83919,26.8699],[94.83607,26.86878],[94.83404,26.86021],[94.82833,26.8554],[94.82417,26.85452],[94.81736,26.84777],[94.82112,26.8417],[94.81945,26.83759],[94.81562,26.8373],[94.81317,26.83365],[94.81443,26.81979],[94.80717,26.8188],[94.804,26.81396],[94.79719,26.8154],[94.79495,26.81441],[94.79536,26.81068],[94.80319,26.80617],[94.80208,26.80091],[94.79127,26.8001],[94.78875,26.79789],[94.78873,26.79556],[94.77566,26.78976],[94.77374,26.79061],[94.77022,26.78904],[94.7674,26.78534],[94.7668,26.77756],[94.76059,26.77541],[94.75833,26.76601],[94.75182,26.76619],[94.74835,26.7727],[94.74018,26.77598],[94.74068,26.77184],[94.73689,26.76372],[94.70717,26.74631],[94.69235,26.73193],[94.65302,26.71875],[94.64876,26.72042],[94.64164,26.72041],[94.63582,26.71709],[94.62427,26.71529],[94.6203,26.71212],[94.61896,26.71293],[94.62066,26.72313],[94.61582,26.72656],[94.60806,26.72883],[94.60964,26.73694],[94.60769,26.73721],[94.60608,26.73389],[94.59707,26.73455],[94.59355,26.73146],[94.59562,26.72629],[94.59215,26.72488],[94.59292,26.72325],[94.59109,26.7206],[94.59416,26.71908],[94.60153,26.71911],[94.60241,26.71653],[94.60109,26.71455],[94.60334,26.71235],[94.60228,26.71162],[94.5973,26.71679],[94.59337,26.71497],[94.59252,26.70496],[94.59444,26.70226],[94.59153,26.70016],[94.59388,26.6972],[94.58246,26.69739],[94.57732,26.70066],[94.57209,26.69457],[94.56788,26.69292],[94.5664,26.69007],[94.56747,26.68748],[94.57157,26.68664],[94.56649,26.68356],[94.55939,26.68643],[94.56243,26.69553],[94.56098,26.70056],[94.56235,26.70507],[94.55503,26.70507],[94.5503,26.70172],[94.54791,26.70632],[94.54519,26.70523],[94.53926,26.70618],[94.5336,26.70131],[94.52654,26.69895],[94.52421,26.69576],[94.5207,26.69921],[94.5208,26.6941],[94.5177,26.68732],[94.51758,26.68193],[94.51329,26.68009],[94.51038,26.68477],[94.50825,26.6853],[94.50905,26.68023],[94.50514,26.67865],[94.50147,26.67229],[94.49267,26.66589],[94.48506,26.66785],[94.46028,26.66163],[94.45845,26.65354],[94.4541,26.65391],[94.45314,26.65257],[94.45908,26.64461],[94.4598,26.63685],[94.46549,26.63306],[94.45793,26.6336],[94.4536,26.63194],[94.45515,26.63547],[94.45273,26.63407],[94.45128,26.63629],[94.4356,26.62204],[94.42574,26.61715],[94.40306,26.61074],[94.40576,26.60538],[94.40492,26.60335],[94.4024,26.60331],[94.40355,26.60085],[94.40171,26.59899],[94.4014,26.59294],[94.40402,26.59327],[94.40588,26.59055],[94.40805,26.59172],[94.40667,26.5879],[94.40928,26.58789],[94.40988,26.58403],[94.41244,26.58239],[94.4114,26.57966],[94.41357,26.57749],[94.40966,26.57681],[94.41151,26.57225],[94.40822,26.57115],[94.40604,26.56766],[94.40775,26.56054],[94.40273,26.55894],[94.40666,26.55684],[94.40518,26.55567],[94.40619,26.55395],[94.40358,26.55299],[94.40584,26.55189],[94.40651,26.54945],[94.40056,26.54991],[94.40172,26.54757],[94.40468,26.54703],[94.40237,26.54221],[94.39933,26.5433],[94.40172,26.54015],[94.39901,26.54029],[94.39691,26.53767],[94.40072,26.53713],[94.39831,26.53432],[94.39504,26.5346],[94.39531,26.53212],[94.39769,26.53054],[94.39607,26.52687],[94.39056,26.52699],[94.38496,26.53122],[94.38523,26.52506],[94.38111,26.52592],[94.379,26.52088],[94.37626,26.52225],[94.37566,26.51829],[94.37266,26.5176],[94.37245,26.51557],[94.37674,26.51357],[94.37423,26.51067],[94.37196,26.51066],[94.37415,26.5083],[94.37084,26.50438],[94.36452,26.50269],[94.36519,26.50562],[94.36046,26.50428],[94.35881,26.50694],[94.35489,26.50303],[94.35063,26.50293],[94.34918,26.50501],[94.34597,26.50357],[94.34624,26.50216],[94.3497,26.50289],[94.35296,26.49928],[94.34957,26.49626],[94.34947,26.49377],[94.34665,26.49207],[94.35011,26.49243],[94.35285,26.49006],[94.34927,26.4911],[94.34686,26.486],[94.34469,26.48875],[94.34386,26.48471],[94.34081,26.48554],[94.33944,26.4805],[94.33631,26.48205],[94.33394,26.47933],[94.332,26.48058],[94.33041,26.4795],[94.32552,26.48195],[94.32647,26.47544],[94.3216,26.47566],[94.31956,26.47421],[94.32257,26.47244],[94.32128,26.47102],[94.32385,26.46551],[94.31844,26.46528],[94.31662,26.45832],[94.30798,26.46253],[94.30671,26.46079],[94.30578,26.46323],[94.30351,26.46416],[94.29992,26.46365],[94.29928,26.46682],[94.29343,26.4711],[94.29324,26.47429],[94.29157,26.47522],[94.2923,26.47757],[94.28975,26.47971],[94.29006,26.48877],[94.28323,26.50497],[94.28338,26.51075],[94.28582,26.51234],[94.28656,26.51522],[94.28176,26.5245],[94.28291,26.5294],[94.28096,26.53506],[94.28194,26.54059],[94.28614,26.54251],[94.28127,26.54865],[94.28479,26.56107],[94.27151,26.55155],[94.27064,26.54928],[94.25634,26.54122],[94.25332,26.53279],[94.24782,26.52821],[94.24872,26.52497],[94.23662,26.50614],[94.22127,26.49813],[94.20809,26.48701],[94.20301,26.47456],[94.20266,26.46906],[94.19405,26.46124],[94.18523,26.45843],[94.17613,26.43642],[94.17174,26.42981],[94.17572,26.42443],[94.17191,26.41584],[94.17401,26.40951],[94.17319,26.40328],[94.17758,26.38201],[94.17223,26.37365],[94.17411,26.37072],[94.17113,26.36275],[94.16016,26.35429],[94.16203,26.34716],[94.16706,26.34799],[94.16871,26.35093],[94.17261,26.35059],[94.17759,26.34642],[94.17456,26.34046],[94.17164,26.33796],[94.16718,26.33932],[94.16287,26.33551],[94.14758,26.33346],[94.14506,26.33059],[94.14188,26.33062],[94.14099,26.33531],[94.13789,26.33625],[94.12838,26.33036],[94.11582,26.32903],[94.11498,26.32395],[94.12168,26.31776],[94.11206,26.31799],[94.10968,26.31992],[94.10505,26.31995],[94.10251,26.31523],[94.09971,26.3139],[94.10078,26.30863],[94.09778,26.30196],[94.08427,26.28897],[94.0841,26.28334],[94.07473,26.2836],[94.07224,26.27611],[94.07471,26.27304],[94.07462,26.26438],[94.07092,26.26232],[94.06786,26.25697],[94.05608,26.25501],[94.04769,26.24936],[94.0424,26.2345],[94.03646,26.22605],[94.03203,26.19754],[94.02179,26.19381],[94.01536,26.18402],[94.00781,26.1825],[94.00108,26.17227],[94.00261,26.17087],[94.00137,26.16578],[94.00361,26.16037],[94.0019,26.15696],[93.99773,26.15595],[93.99452,26.14831],[93.99584,26.14662],[94.00055,26.14718],[94.00348,26.14438],[94.00197,26.1345],[93.99696,26.1305],[93.99086,26.13364],[93.98724,26.13108],[93.98887,26.1282],[93.99704,26.12938],[93.99749,26.12728],[93.99488,26.12584],[93.99918,26.12503],[93.99733,26.10622],[93.99371,26.10393],[93.98931,26.09697],[93.98865,26.08634],[93.98274,26.08336],[93.98153,26.08124],[93.98739,26.06679],[93.97076,26.04642],[93.97039,26.04035],[93.96247,26.03654],[93.9627,26.02576],[93.96054,26.01536],[93.953,26.00297],[93.95915,25.99433],[93.95415,25.96926],[93.96871,25.95726],[93.96996,25.93678],[93.97799,25.92807],[93.9787,25.91673],[93.97121,25.91276],[93.96671,25.9059],[93.96107,25.90123],[93.95977,25.90211],[93.95166,25.89857],[93.94501,25.89764],[93.94432,25.89552],[93.93797,25.89631],[93.93542,25.89445],[93.93398,25.88525],[93.916,25.8837],[93.91088,25.87945],[93.91157,25.87652],[93.90751,25.87252],[93.90195,25.87085],[93.89604,25.85786],[93.88997,25.85864],[93.88654,25.84832],[93.8818,25.84335],[93.87611,25.84248],[93.86918,25.85093],[93.85857,25.85369],[93.85226,25.85823],[93.8397,25.85661],[93.83048,25.84925],[93.82972,25.84651],[93.82526,25.8444],[93.82115,25.83874],[93.81639,25.82261],[93.8063,25.81689],[93.80384,25.81142],[93.79547,25.80893],[93.79005,25.81123],[93.78751,25.81576],[93.78709,25.82216],[93.78424,25.82617],[93.78479,25.82903],[93.78033,25.83543],[93.78145,25.8395],[93.78036,25.84086],[93.77816,25.84012],[93.77782,25.84241],[93.78111,25.84459],[93.77754,25.84981],[93.78113,25.85401],[93.77853,25.85687],[93.78141,25.85649],[93.78443,25.85842],[93.78497,25.86426],[93.78984,25.86781],[93.78895,25.87011],[93.78509,25.87024],[93.78708,25.87714],[93.78414,25.87984],[93.78344,25.88478],[93.78879,25.89034],[93.79158,25.88969],[93.79171,25.89171],[93.79476,25.89245],[93.79295,25.89563],[93.79321,25.89979],[93.79507,25.90044],[93.79517,25.90667],[93.79149,25.90664],[93.79366,25.90771],[93.79381,25.91276],[93.79159,25.91266],[93.79106,25.91563],[93.78807,25.91683],[93.79033,25.92628],[93.78806,25.92838],[93.78967,25.92951],[93.78683,25.92992],[93.7873,25.93154],[93.78577,25.93246],[93.78943,25.93397],[93.78628,25.93826],[93.78685,25.94388],[93.78409,25.94388],[93.78688,25.94665],[93.78534,25.94968],[93.78273,25.95042],[93.77985,25.95652],[93.77648,25.95787],[93.77789,25.96041],[93.77462,25.96117],[93.77382,25.96605],[93.77622,25.96679],[93.7766,25.96876],[93.77358,25.97048],[93.77142,25.96799],[93.76545,25.96975],[93.76458,25.96853],[93.76814,25.96742],[93.77003,25.96126],[93.76952,25.95875],[93.76355,25.95937],[93.76823,25.95359],[93.76796,25.95101],[93.76419,25.95085],[93.76421,25.95444],[93.76181,25.95114],[93.75865,25.95262],[93.75872,25.9457],[93.75293,25.94667],[93.75246,25.94212],[93.75038,25.94087],[93.74714,25.94318],[93.74512,25.94234],[93.7462,25.9387],[93.75202,25.93596],[93.75131,25.93281],[93.74764,25.93492],[93.73953,25.93179],[93.73953,25.92982],[93.73655,25.92767],[93.73864,25.92532],[93.73703,25.92515],[93.73615,25.92276],[93.73397,25.92389],[93.72821,25.92058],[93.71869,25.91985],[93.71362,25.91681],[93.70663,25.91883],[93.70545,25.91492],[93.70088,25.91066],[93.69398,25.91172],[93.68477,25.9037],[93.68153,25.90439],[93.70208,25.85154],[93.71432,25.84451],[93.71183,25.84414],[93.70781,25.84781],[93.70088,25.84327],[93.69968,25.84463],[93.70168,25.84842],[93.70061,25.8496],[93.69952,25.84673],[93.69539,25.84825],[93.69143,25.84385],[93.6883,25.84595],[93.68565,25.84367],[93.69022,25.84069],[93.68056,25.83835],[93.67945,25.83503],[93.68068,25.83343],[93.67863,25.82841],[93.67262,25.82764],[93.67116,25.82405],[93.66764,25.82596],[93.66829,25.82183],[93.66496,25.82318],[93.66054,25.82161],[93.65481,25.82364],[93.6516,25.81986],[93.64614,25.82238],[93.64651,25.81973],[93.64431,25.8187],[93.64347,25.81577],[93.63816,25.81563],[93.6386,25.80979],[93.6331,25.81138],[93.63495,25.80927],[93.6317,25.80664],[93.63289,25.80276],[93.62951,25.80156],[93.6247,25.80256],[93.62776,25.79888],[93.62669,25.79715],[93.6234,25.7973],[93.62675,25.78961],[93.6232,25.78733],[93.62252,25.78497],[93.6185,25.7837],[93.6201,25.78023],[93.61742,25.77599],[93.61272,25.77656],[93.61029,25.77375],[93.60504,25.7749],[93.60265,25.76508],[93.60056,25.76516],[93.59851,25.7688],[93.59167,25.76253],[93.58951,25.76605],[93.58592,25.76615],[93.58234,25.76055],[93.58548,25.75798],[93.57775,25.75449],[93.57708,25.75677],[93.56794,25.75843],[93.56827,25.75681],[93.57243,25.75644],[93.57322,25.75412],[93.57029,25.75276],[93.56833,25.75499],[93.56633,25.75475],[93.56707,25.74882],[93.56361,25.74575],[93.56146,25.73883],[93.55367,25.73934],[93.55535,25.7343],[93.55041,25.73405],[93.54949,25.7304],[93.54233,25.73218],[93.54235,25.72668],[93.53999,25.72408],[93.54284,25.72187],[93.54242,25.7159],[93.54735,25.71253],[93.54096,25.70459],[93.54054,25.69945],[93.53716,25.70152],[93.53401,25.70023],[93.53089,25.69707],[93.5307,25.69306],[93.52808,25.69186],[93.52268,25.69278],[93.52329,25.69707],[93.52195,25.69779],[93.51946,25.69198],[93.51203,25.68537],[93.5127,25.68372],[93.51609,25.6829],[93.51746,25.68008],[93.51382,25.67797],[93.51028,25.6723],[93.50676,25.67265],[93.50898,25.66891],[93.50494,25.66706],[93.5058,25.66408],[93.5,25.661],[93.497,25.65512],[93.49114,25.65357],[93.48773,25.65448],[93.48609,25.64888],[93.48193,25.65155],[93.48294,25.64546],[93.48174,25.6445],[93.47675,25.64777],[93.47383,25.64401],[93.47149,25.6454],[93.4688,25.64433],[93.47204,25.64239],[93.46417,25.64462],[93.46046,25.64062],[93.45731,25.64114],[93.45573,25.63869],[93.4606,25.63678],[93.4609,25.63231],[93.45509,25.63385],[93.44959,25.63953],[93.44948,25.63561],[93.44666,25.6346],[93.44437,25.63961],[93.44216,25.63817],[93.44162,25.63468],[93.43736,25.63481],[93.43726,25.63166],[93.43457,25.63119],[93.43366,25.62943],[93.43043,25.62947],[93.42738,25.63253],[93.42491,25.6303],[93.42455,25.62547],[93.41997,25.6247],[93.42226,25.62043],[93.42161,25.61824],[93.41835,25.61764],[93.41373,25.62099],[93.41436,25.61805],[93.41048,25.61654],[93.41101,25.61359],[93.40783,25.61441],[93.40626,25.6114],[93.40152,25.61109],[93.40127,25.60577],[93.40287,25.60216],[93.39947,25.59907],[93.39878,25.59603],[93.39695,25.59703],[93.3947,25.59445],[93.39403,25.59607],[93.39243,25.5959],[93.38929,25.5911],[93.3856,25.59277],[93.38695,25.58997],[93.38575,25.58705],[93.38307,25.58772],[93.38321,25.58519],[93.37835,25.5826],[93.38159,25.58197],[93.37983,25.57658],[93.3743,25.57709],[93.37539,25.57308],[93.36951,25.57042],[93.36554,25.56518],[93.36245,25.566],[93.36159,25.56387],[93.36406,25.5612],[93.35847,25.55726],[93.35872,25.55463],[93.35644,25.55619],[93.35461,25.55552],[93.35216,25.55999],[93.34328,25.56004],[93.33798,25.55687],[93.33575,25.55398],[93.33708,25.55283],[93.33261,25.54838],[93.32949,25.54863],[93.32697,25.54696],[93.33049,25.54203],[93.33299,25.54236],[93.33378,25.53959],[93.33639,25.53873],[93.33498,25.53442],[93.34036,25.53284],[93.34057,25.53495],[93.34508,25.53419],[93.34833,25.52994],[93.35034,25.532],[93.34997,25.52868],[93.35266,25.5283],[93.35509,25.52478],[93.35769,25.51527],[93.35686,25.5137],[93.36158,25.51234],[93.36213,25.50671],[93.364,25.50653],[93.36433,25.50376],[93.3692,25.50353],[93.36706,25.50096],[93.36752,25.49924],[93.37672,25.49774],[93.3758,25.49586],[93.37755,25.49541],[93.37706,25.49323],[93.38543,25.49071],[93.38378,25.48801],[93.38651,25.48763],[93.38453,25.48519],[93.38587,25.48341],[93.39137,25.48245],[93.38901,25.47865],[93.3864,25.47765],[93.38916,25.47657],[93.38879,25.47261],[93.38431,25.46932],[93.38674,25.46911],[93.38586,25.46776],[93.38704,25.46617],[93.39036,25.46468],[93.38818,25.46374],[93.39023,25.4604],[93.39167,25.46199],[93.39389,25.45857],[93.39723,25.46046],[93.40061,25.45658],[93.40033,25.45421],[93.40256,25.45083],[93.40872,25.44829],[93.41041,25.44987],[93.41555,25.44498],[93.41995,25.44496],[93.42561,25.44832],[93.43639,25.44818],[93.43855,25.44551],[93.43753,25.44304],[93.43952,25.44101],[93.44333,25.4411],[93.45029,25.43565],[93.45543,25.4344],[93.45819,25.43098],[93.45829,25.42604],[93.46232,25.41785],[93.45933,25.40837],[93.45966,25.40323],[93.4632,25.39559],[93.47299,25.38599],[93.47361,25.37928],[93.47177,25.37589],[93.47253,25.37428],[93.46501,25.36067],[93.4638,25.35964],[93.45875,25.36068],[93.45158,25.35395],[93.45196,25.34703],[93.44843,25.34064],[93.45205,25.33596],[93.45651,25.33538],[93.45542,25.33214],[93.45667,25.32986],[93.45343,25.32146],[93.46663,25.31182],[93.4705,25.30506],[93.4673,25.30166],[93.46316,25.30147],[93.45536,25.29347],[93.44532,25.29134],[93.43606,25.28782],[93.43078,25.28295],[93.42752,25.28324],[93.4267,25.27964],[93.42053,25.27746],[93.41594,25.26427],[93.40668,25.26078],[93.40116,25.26062],[93.39366,25.25474],[93.39259,25.24997],[93.3866,25.24278],[93.38334,25.24228],[93.38112,25.23963],[93.38096,25.23794],[93.38269,25.23725],[93.38164,25.23431],[93.38426,25.23352],[93.38465,25.23136],[93.38127,25.22736],[93.38178,25.2229],[93.37561,25.22014],[93.37671,25.21788],[93.37338,25.21484],[93.37383,25.21182],[93.36894,25.21097],[93.37072,25.20789],[93.3661,25.2061],[93.36562,25.19808],[93.35927,25.1952],[93.35999,25.19185],[93.35671,25.19188],[93.35742,25.1877],[93.35616,25.18896],[93.35412,25.18767],[93.35496,25.18593],[93.35134,25.1832],[93.3515,25.17966],[93.34981,25.1795],[93.34587,25.16981],[93.34401,25.15912],[93.34657,25.15708],[93.34518,25.15074],[93.34751,25.13877],[93.34238,25.13749],[93.34534,25.13034],[93.34172,25.12671],[93.34526,25.12346],[93.34118,25.12306],[93.3422,25.11989],[93.33933,25.11549],[93.34141,25.11383],[93.33675,25.1116],[93.33808,25.1099],[93.33246,25.10073],[93.33354,25.09799],[93.3317,25.09605],[93.33237,25.09352],[93.32754,25.0934],[93.32188,25.09082],[93.31492,25.08462],[93.31274,25.07935],[93.30611,25.07164],[93.30631,25.06825],[93.30282,25.06436],[93.30259,25.06137],[93.30556,25.05743],[93.30423,25.05562],[93.30079,25.05586],[93.3021,25.05424],[93.29996,25.04604],[93.29754,25.04658],[93.29941,25.04935],[93.2988,25.05195],[93.2948,25.05106],[93.29368,25.04633],[93.29136,25.04864],[93.28897,25.04568],[93.28718,25.04701],[93.28346,25.045],[93.2827,25.04901],[93.27966,25.04722],[93.28007,25.051],[93.27731,25.04957],[93.27451,25.05094],[93.27215,25.04844],[93.27045,25.05077],[93.2642,25.04936],[93.26227,25.04591],[93.26605,25.04384],[93.26219,25.04072],[93.25962,25.04121],[93.25835,25.03802],[93.25989,25.03497],[93.25379,25.02716],[93.25135,25.02714],[93.25117,25.02585],[93.25404,25.02547],[93.2525,25.02293],[93.25395,25.02058],[93.24908,25.02009],[93.24781,25.01811],[93.24388,25.01829],[93.24385,25.01602],[93.24767,25.0149],[93.24491,25.01207],[93.24178,25.00393],[93.2442,25.00326],[93.24439,24.99809],[93.24686,24.99738],[93.24888,24.99891],[93.24878,25.00299],[93.2505,25.00432],[93.25234,25.00093],[93.25701,25.00474],[93.25978,25.00159],[93.25863,24.99948],[93.25416,25.00023],[93.25277,24.99891],[93.25298,24.99734],[93.25704,24.99607],[93.25141,24.98601],[93.25343,24.98207],[93.24967,24.97989],[93.24934,24.97704],[93.25203,24.97645],[93.24941,24.97266],[93.2534,24.96907],[93.25788,24.97133],[93.26176,24.96273],[93.26032,24.95895],[93.25812,24.95778],[93.25813,24.95452],[93.25618,24.95341],[93.25809,24.94968],[93.25615,24.94928],[93.24844,24.95329],[93.24536,24.95081],[93.24913,24.94817],[93.24732,24.94512],[93.25097,24.94341],[93.25127,24.94064],[93.24388,24.94094],[93.23681,24.93716],[93.23713,24.93253],[93.24264,24.93611],[93.2451,24.93539],[93.24471,24.9325],[93.23849,24.92568],[93.23934,24.92437],[93.24597,24.92525],[93.24884,24.91485],[93.24406,24.91055],[93.2352,24.91141],[93.23778,24.90582],[93.24032,24.90513],[93.2408,24.90336],[93.23849,24.8987],[93.22961,24.89782],[93.23212,24.89188],[93.22758,24.89293],[93.22602,24.89193],[93.22799,24.88834],[93.23155,24.88754],[93.23279,24.88466],[93.22774,24.88503],[93.22492,24.88018],[93.22151,24.88152],[93.22196,24.87766],[93.22644,24.87283],[93.22036,24.87352],[93.22167,24.86981],[93.2169,24.86535],[93.21471,24.86529],[93.21361,24.86063],[93.21003,24.85608],[93.20687,24.85576],[93.20407,24.85105],[93.19955,24.85515],[93.19472,24.85361],[93.19812,24.85301],[93.20126,24.84854],[93.20155,24.84206],[93.19997,24.84152],[93.19543,24.84433],[93.19231,24.84276],[93.19175,24.84002],[93.19611,24.83669],[93.19969,24.83948],[93.2006,24.83795],[93.19779,24.83416],[93.19327,24.83557],[93.19161,24.8344],[93.19165,24.83299],[93.19591,24.83091],[93.19006,24.81864],[93.19681,24.81114],[93.19064,24.80372],[93.17995,24.80307],[93.17935,24.79721],[93.17615,24.79385],[93.17359,24.796],[93.17357,24.80123],[93.17068,24.80185],[93.16109,24.79623],[93.15987,24.79338],[93.15424,24.78871],[93.14946,24.78737],[93.1485,24.78908],[93.15115,24.79228],[93.15117,24.79468],[93.14626,24.79744],[93.14175,24.79728],[93.1411,24.80126],[93.13471,24.80813],[93.13857,24.80999],[93.13483,24.81058],[93.13176,24.80521],[93.12703,24.80876],[93.11886,24.80766],[93.1179,24.80925],[93.12194,24.81662],[93.12137,24.81922],[93.10943,24.81148],[93.1114,24.80058],[93.10798,24.79487],[93.10839,24.79184],[93.10481,24.79128],[93.10611,24.78844],[93.1043,24.78631],[93.10522,24.78111],[93.10052,24.77942],[93.10028,24.7736],[93.10361,24.7672],[93.10238,24.75922],[93.09825,24.75437],[93.10112,24.74958],[93.09833,24.74675],[93.09988,24.74317],[93.1016,24.74277],[93.10272,24.74685],[93.10776,24.74144],[93.0971,24.73195],[93.09589,24.72421],[93.09065,24.72508],[93.09037,24.72139],[93.09325,24.71891],[93.09079,24.71818],[93.0901,24.71432],[93.08662,24.70953],[93.08292,24.70867],[93.07738,24.71296],[93.07355,24.70781],[93.08184,24.70216],[93.09126,24.68803],[93.09229,24.68548],[93.09011,24.67717],[93.10191,24.6807],[93.10415,24.67416],[93.09647,24.66426],[93.09537,24.65283],[93.08625,24.65273],[93.08319,24.64981],[93.08763,24.63699],[93.08728,24.62967],[93.08521,24.62817],[93.07872,24.62885],[93.07568,24.62454],[93.07714,24.62008],[93.08421,24.6136],[93.07394,24.60561],[93.07115,24.60064],[93.08027,24.59011],[93.08921,24.59238],[93.09359,24.5917],[93.10158,24.58759],[93.10436,24.58238],[93.10184,24.58079],[93.09321,24.5815],[93.08916,24.57337],[93.0844,24.57113],[93.07574,24.57505],[93.06216,24.57624],[93.05818,24.57384],[93.06917,24.56188],[93.07081,24.55805],[93.06462,24.54679],[93.0617,24.54731],[93.06052,24.55358],[93.05701,24.55441],[93.04999,24.54421],[93.04719,24.52857],[93.05055,24.5232],[93.05013,24.51943],[93.04131,24.51557],[93.03874,24.51287],[93.03721,24.50939],[93.04238,24.50664],[93.04277,24.50479],[93.03256,24.4953],[93.04024,24.48631],[93.04637,24.47357],[93.04556,24.46328],[93.04366,24.46177],[93.03811,24.46193],[93.03572,24.45976],[93.03643,24.44222],[93.03292,24.42875],[93.03728,24.42362],[93.04265,24.42055],[93.04164,24.41301],[93.03247,24.40856],[93.02344,24.40675],[93.01617,24.40871],[93.01507,24.41553],[93.01195,24.41672],[93.00885,24.41168],[93.00596,24.41081],[93.00575,24.40947],[93.00751,24.40961],[93.00645,24.4076],[93.00385,24.40713],[92.99894,24.40031],[92.99427,24.39911],[92.99199,24.3993],[92.98864,24.40369],[92.9848,24.40581],[92.97364,24.40847],[92.97382,24.40588],[92.96847,24.40136],[92.9662,24.39701],[92.96015,24.3921],[92.9579,24.39207],[92.95327,24.40175],[92.95115,24.40316],[92.94759,24.40253],[92.94544,24.40022],[92.93929,24.40089],[92.93668,24.39856],[92.93468,24.39298],[92.93118,24.39317],[92.9275,24.39664],[92.92417,24.39622],[92.92434,24.39806],[92.92035,24.40105],[92.92197,24.40368],[92.90925,24.4103],[92.91094,24.41214],[92.90932,24.41307],[92.90705,24.41145],[92.90669,24.40292],[92.90285,24.39593],[92.9039,24.39237],[92.90286,24.39123],[92.89295,24.39284],[92.89254,24.39764],[92.89078,24.3985],[92.89143,24.40061],[92.88853,24.3985],[92.88366,24.40258],[92.87332,24.39503],[92.86878,24.39481],[92.86092,24.39866],[92.84622,24.38616],[92.84521,24.37987],[92.84334,24.37803],[92.83983,24.37686],[92.83573,24.37865],[92.82958,24.37376],[92.82555,24.3775],[92.82659,24.3814],[92.82312,24.38663],[92.82992,24.40045],[92.82014,24.40387],[92.81766,24.40818],[92.81892,24.41021],[92.81243,24.40945],[92.81214,24.41164],[92.81005,24.41202],[92.81159,24.41345],[92.80878,24.41284],[92.80898,24.41586],[92.80682,24.41901],[92.80432,24.41769],[92.79935,24.41929],[92.80177,24.42074],[92.80267,24.42452],[92.80114,24.42552],[92.80125,24.42981],[92.79654,24.43323],[92.763,24.52113],[92.75765,24.51254],[92.75805,24.51102],[92.75604,24.51126],[92.75613,24.50957],[92.75215,24.50623],[92.75189,24.50401],[92.75422,24.502],[92.74934,24.49498],[92.7503,24.49246],[92.74634,24.4868],[92.73993,24.46851],[92.73061,24.44901],[92.7275,24.44642],[92.72612,24.43851],[92.72171,24.43195],[92.72286,24.42811],[92.71797,24.42015],[92.71739,24.4156],[92.71509,24.41498],[92.7129,24.41121],[92.71509,24.40954],[92.71138,24.40724],[92.71327,24.40332],[92.70922,24.39735],[92.70928,24.39337],[92.70647,24.39215],[92.70734,24.38699],[92.7058,24.38448],[92.70409,24.38464],[92.70361,24.37545],[92.69764,24.3743],[92.69533,24.36885],[92.69282,24.36847],[92.69476,24.36536],[92.69117,24.36252],[92.69151,24.35754],[92.68925,24.35524],[92.68976,24.3536],[92.68376,24.35046],[92.68484,24.34654],[92.67933,24.34769],[92.67716,24.35015],[92.67339,24.34964],[92.66894,24.34609],[92.6663,24.3463],[92.66562,24.34964],[92.66427,24.34606],[92.66316,24.34882],[92.66137,24.34816],[92.66062,24.34405],[92.65768,24.34438],[92.65911,24.3419],[92.65161,24.33547],[92.65172,24.33105],[92.65011,24.3316],[92.64923,24.3286],[92.64617,24.33095],[92.64576,24.32778],[92.63872,24.32842],[92.64036,24.33361],[92.6363,24.33134],[92.63542,24.33356],[92.63869,24.33445],[92.63569,24.3367],[92.63024,24.33362],[92.62477,24.33408],[92.62243,24.33134],[92.62234,24.32811],[92.62368,24.32728],[92.62155,24.32371],[92.62374,24.3228],[92.62361,24.32028],[92.61955,24.31354],[92.6195,24.30801],[92.6183,24.30745],[92.61819,24.29818],[92.61591,24.28958],[92.61971,24.28713],[92.61311,24.25865],[92.61416,24.25595],[92.6123,24.25347],[92.60605,24.24845],[92.59571,24.25049],[92.58903,24.24877],[92.57213,24.25188],[92.56261,24.2512],[92.55595,24.24681],[92.5509,24.24722],[92.54705,24.23645],[92.54692,24.2328],[92.54848,24.23186],[92.54675,24.22991],[92.54712,24.22016],[92.5423,24.21344],[92.54326,24.21147],[92.54096,24.21024],[92.54201,24.20752],[92.54048,24.20358],[92.53669,24.20126],[92.53784,24.19677],[92.53464,24.19367],[92.53111,24.18511],[92.53418,24.18011],[92.52893,24.17808],[92.53017,24.17632],[92.52404,24.17144],[92.51934,24.1739],[92.51552,24.17886],[92.50997,24.17246],[92.51211,24.17048],[92.51468,24.17072],[92.51441,24.16946],[92.50691,24.16988],[92.51141,24.16541],[92.51004,24.1646],[92.50753,24.16706],[92.50327,24.16777],[92.50618,24.16413],[92.50335,24.16343],[92.50151,24.16039],[92.49421,24.16018],[92.49039,24.16279],[92.48392,24.16317],[92.48241,24.16061],[92.48342,24.15826],[92.47943,24.15661],[92.48184,24.15597],[92.4807,24.15003],[92.47705,24.1474],[92.48061,24.14541],[92.47858,24.14413],[92.47896,24.14232],[92.47462,24.14364],[92.47224,24.13971],[92.46881,24.14031],[92.46568,24.13865],[92.46548,24.13627],[92.46331,24.13687],[92.46379,24.13889],[92.46101,24.13764],[92.45673,24.14436],[92.45237,24.1442],[92.45058,24.14714],[92.44912,24.14397],[92.4428,24.15446],[92.44046,24.15275],[92.43642,24.15303],[92.43584,24.16513],[92.43792,24.16951],[92.43401,24.17513],[92.43573,24.17929],[92.43237,24.18448],[92.42155,24.1895],[92.419,24.19241],[92.42132,24.20119],[92.41876,24.20469],[92.41857,24.21236],[92.42117,24.21811],[92.41936,24.22613],[92.42254,24.25499],[92.21287,24.24993],[92.26576,24.36609],[92.26814,24.36788],[92.26806,24.37811],[92.27289,24.37897],[92.26864,24.38406],[92.27409,24.38832],[92.27202,24.39236],[92.26911,24.39254],[92.27081,24.39628],[92.26933,24.39847],[92.26414,24.39895],[92.26172,24.40869],[92.26349,24.40947],[92.26328,24.41119],[92.25448,24.42053],[92.25654,24.42484],[92.25689,24.43202],[92.25936,24.43403],[92.2594,24.43921],[92.25347,24.44031],[92.25314,24.44244],[92.24647,24.44533],[92.24382,24.44452],[92.23887,24.44763],[92.23487,24.45265],[92.23634,24.45832],[92.23017,24.46162],[92.23089,24.46604],[92.22869,24.47097],[92.22881,24.47572],[92.23336,24.48422],[92.23662,24.48472],[92.22992,24.49284],[92.23051,24.49998],[92.21271,24.50372],[92.22011,24.51631],[92.2238,24.51745],[92.23115,24.53125],[92.23221,24.57139],[92.23463,24.57529],[92.23459,24.57776],[92.23301,24.57833],[92.2363,24.59456],[92.23539,24.59755],[92.23925,24.60777],[92.24239,24.61153],[92.24235,24.61537],[92.24399,24.61652],[92.24354,24.6254],[92.24859,24.63881],[92.24993,24.64905],[92.24708,24.65474],[92.24847,24.65835],[92.25166,24.65996],[92.25712,24.67318],[92.25453,24.67496],[92.25442,24.67803],[92.25988,24.68145],[92.2578,24.68286],[92.25892,24.68619],[92.26161,24.69012],[92.265,24.6905],[92.26786,24.69435],[92.27612,24.70744],[92.27499,24.70808],[92.27621,24.71074],[92.28536,24.71984],[92.2942,24.7317],[92.29388,24.73461],[92.29603,24.73646],[92.28127,24.74225],[92.28192,24.74338],[92.27916,24.7453],[92.28035,24.74579],[92.2798,24.74817],[92.29013,24.75971],[92.28574,24.76294],[92.28507,24.76848],[92.2818,24.77532],[92.28471,24.77461],[92.28792,24.77919],[92.28892,24.78449],[92.28742,24.78741],[92.28854,24.78818],[92.28118,24.79053],[92.27889,24.79742],[92.27312,24.80019],[92.27531,24.80371],[92.27423,24.8065],[92.27621,24.81047],[92.27385,24.81412],[92.27629,24.81544],[92.27275,24.82141],[92.27308,24.82744],[92.26929,24.82983],[92.253,24.83215],[92.25225,24.8305],[92.24908,24.82975],[92.24837,24.8323],[92.25172,24.83421],[92.25024,24.83586],[92.25497,24.83845],[92.24251,24.84045],[92.24146,24.84202],[92.23981,24.8577],[92.23589,24.859],[92.23493,24.86139],[92.23821,24.86816],[92.24627,24.86749],[92.24486,24.87125],[92.24683,24.87199],[92.2481,24.88549],[92.24723,24.88752],[92.23944,24.89001],[92.23948,24.89189],[92.23666,24.89195],[92.23611,24.89914],[92.23287,24.90015],[92.23561,24.90287],[92.24142,24.90447],[92.24837,24.90887],[92.25912,24.90663],[92.267,24.90692],[92.27156,24.90494],[92.28206,24.90585],[92.28665,24.91202],[92.29483,24.91549],[92.29943,24.91572],[92.30324,24.91382],[92.3062,24.90991],[92.30695,24.90203],[92.3161,24.89519],[92.32289,24.89718],[92.32675,24.89641],[92.32868,24.88881],[92.33946,24.8781],[92.34404,24.88019],[92.34428,24.88852],[92.34584,24.89124],[92.34819,24.89153],[92.35436,24.87947],[92.36132,24.87819],[92.3634,24.87191],[92.37168,24.87491],[92.37474,24.87395],[92.37701,24.87056],[92.37751,24.86303],[92.38405,24.85834],[92.38494,24.85227],[92.4001,24.84865],[92.40278,24.8497],[92.40299,24.85575],[92.40637,24.85894],[92.41466,24.8583],[92.42539,24.85285],[92.4374,24.85561],[92.44096,24.86014],[92.44114,24.86848],[92.4448,24.87198],[92.461,24.87314],[92.47614,24.86734],[92.4792,24.87243],[92.48792,24.87131],[92.48787,24.87283],[92.48957,24.87256],[92.4923,24.87557],[92.49116,24.89146],[92.49684,24.90202],[92.49289,24.90611],[92.4946,24.91586],[92.48756,24.92062],[92.484,24.92846],[92.48762,24.94677],[92.48361,24.94728],[92.47565,24.94177],[92.44927,24.93876],[92.44787,24.9437],[92.44974,24.94999],[92.45373,24.95365],[92.46615,24.95707],[92.46837,24.95991],[92.46817,24.96303],[92.46059,24.96981],[92.45763,24.9706],[92.44763,24.965],[92.44173,24.96624],[92.42372,24.96484],[92.42033,24.96595],[92.42208,24.98849],[92.42051,24.99033],[92.41635,24.98992],[92.4242,25.00949],[92.42424,25.01937],[92.42592,25.02006],[92.42528,25.02956],[92.42925,25.02915],[92.43223,25.03513],[92.43819,25.03465],[92.43828,25.04387],[92.4443,25.04519],[92.44907,25.04056],[92.45277,25.04075],[92.45981,25.03704],[92.46429,25.03744],[92.46298,25.03958],[92.46429,25.04362],[92.46238,25.04813],[92.46051,25.04873],[92.45705,25.04667],[92.45698,25.05407],[92.46023,25.05729],[92.46366,25.05494],[92.46357,25.05808],[92.46535,25.05867],[92.46843,25.06589],[92.47203,25.06725],[92.47202,25.07463],[92.47062,25.0764],[92.47535,25.07777],[92.47411,25.08197],[92.47758,25.08255],[92.47716,25.08501],[92.47941,25.08661],[92.47731,25.09078],[92.47743,25.10019],[92.48063,25.10831],[92.49102,25.10769],[92.49696,25.10951],[92.50892,25.10422],[92.51995,25.10594],[92.52782,25.104],[92.53052,25.10031],[92.53396,25.09898],[92.53942,25.09905],[92.5231,25.12597],[92.52265,25.13303],[92.52064,25.13695],[92.52236,25.13941],[92.5249,25.13519],[92.53836,25.13349],[92.55536,25.12695],[92.5613,25.13044],[92.56815,25.12845],[92.5771,25.13121],[92.58251,25.12856],[92.58893,25.12871],[92.59501,25.1222],[92.6089,25.12262],[92.61632,25.1158],[92.62143,25.11503],[92.62577,25.12362],[92.62888,25.12646],[92.62729,25.13095],[92.62831,25.1381],[92.63868,25.14773],[92.65209,25.1523],[92.65576,25.15495],[92.65802,25.15884],[92.65843,25.17195],[92.66348,25.17667],[92.66796,25.17408],[92.66859,25.1767],[92.67645,25.18277],[92.68338,25.17954],[92.6939,25.17924],[92.70262,25.18838],[92.70924,25.19007],[92.71614,25.19578],[92.73722,25.20054],[92.74287,25.20665],[92.7468,25.20651],[92.75484,25.20183],[92.76281,25.20159],[92.76747,25.20349],[92.77621,25.19961],[92.78192,25.20325],[92.78605,25.20935],[92.79503,25.20975],[92.80291,25.21617],[92.80152,25.22024],[92.78911,25.22468],[92.78203,25.23016],[92.77167,25.22998],[92.77016,25.23733],[92.76189,25.24653],[92.76263,25.24927],[92.76646,25.25214],[92.77118,25.25099],[92.77497,25.252],[92.77775,25.25818],[92.7692,25.26559],[92.76831,25.268],[92.77556,25.26968],[92.77994,25.27384],[92.78729,25.27428],[92.79223,25.28241],[92.78719,25.28972],[92.78719,25.29581],[92.78306,25.29972],[92.7811,25.30556],[92.78656,25.31481],[92.78356,25.32937],[92.78132,25.33367],[92.77722,25.33417],[92.7699,25.33851],[92.76379,25.3339],[92.7605,25.33378],[92.75593,25.33864],[92.7546,25.34238],[92.7499,25.3441],[92.74995,25.34994],[92.74642,25.35833],[92.73955,25.36131],[92.73879,25.36695],[92.73236,25.36892],[92.73326,25.37272],[92.73802,25.37933],[92.72375,25.37882],[92.71794,25.37263],[92.70988,25.38451],[92.70176,25.38448],[92.69828,25.38632],[92.69283,25.39767],[92.68815,25.40208],[92.67778,25.40702],[92.67353,25.41402],[92.66752,25.41483],[92.66353,25.4065],[92.66164,25.40635],[92.65641,25.41154],[92.6519,25.41924],[92.65146,25.42584],[92.65442,25.4326],[92.65362,25.43352],[92.64708,25.42824],[92.63956,25.41757],[92.63672,25.42141],[92.63584,25.42732],[92.62565,25.43492],[92.62525,25.43114],[92.62838,25.42388],[92.62764,25.42197],[92.62461,25.42092],[92.61858,25.423],[92.6151,25.42111],[92.61126,25.41517],[92.60663,25.41323],[92.6045,25.4209],[92.60698,25.42763],[92.60307,25.43513],[92.60452,25.44788],[92.59748,25.45064],[92.60025,25.4648],[92.59685,25.46984],[92.59029,25.4699],[92.58432,25.46523],[92.58253,25.46715],[92.58222,25.4717],[92.58017,25.47185],[92.56881,25.4637],[92.56616,25.46333],[92.56449,25.46512],[92.56416,25.4738],[92.57365,25.49048],[92.59109,25.50115],[92.5973,25.50246],[92.5999,25.50635],[92.60908,25.51181],[92.6202,25.51606],[92.62769,25.52197],[92.63191,25.52774],[92.63776,25.53024],[92.64284,25.53481],[92.64206,25.54158],[92.64542,25.55574],[92.65679,25.56085],[92.65748,25.56975],[92.66146,25.57219],[92.65831,25.57406],[92.65865,25.57813],[92.65264,25.59144],[92.64922,25.59244],[92.64164,25.58875],[92.63374,25.58092],[92.63002,25.57183],[92.62203,25.56552],[92.60188,25.56229],[92.59998,25.55504],[92.59482,25.55159],[92.58996,25.5526],[92.58407,25.55045],[92.58236,25.55763],[92.57542,25.55851],[92.57249,25.55735],[92.55673,25.57096],[92.5563,25.57702],[92.55877,25.58012],[92.55494,25.58457],[92.55432,25.5883],[92.55467,25.59533],[92.55659,25.59648],[92.55332,25.59739],[92.55439,25.59957],[92.55217,25.60254],[92.55548,25.60178],[92.55673,25.61141],[92.5541,25.61303],[92.55417,25.6148],[92.53922,25.61158],[92.53886,25.61358],[92.53585,25.61315],[92.53338,25.61495],[92.51643,25.61506],[92.51507,25.61834],[92.50948,25.61559],[92.50563,25.61631],[92.50609,25.6214],[92.4972,25.62439],[92.47026,25.67527],[92.46535,25.67664],[92.46298,25.68128],[92.44343,25.68905],[92.43804,25.69486],[92.43813,25.70628],[92.44036,25.70824],[92.44399,25.70736],[92.4477,25.70901],[92.44429,25.7197],[92.43294,25.72696],[92.43118,25.73218],[92.42205,25.7299],[92.41165,25.73003],[92.40912,25.73375],[92.41458,25.73996],[92.41432,25.74146],[92.40718,25.74187],[92.40803,25.74349],[92.40662,25.7446],[92.39766,25.74045],[92.38784,25.74415],[92.38178,25.74204],[92.38225,25.74715],[92.3858,25.751],[92.38462,25.75488],[92.37847,25.74852],[92.37376,25.75041],[92.36894,25.74729],[92.36427,25.73735],[92.36093,25.73665],[92.35324,25.73991],[92.34591,25.72943],[92.33361,25.72439],[92.32432,25.72496],[92.31731,25.72253],[92.31501,25.72313],[92.31127,25.7281],[92.30238,25.72127],[92.29712,25.72019],[92.29275,25.71662],[92.2776,25.71586],[92.2704,25.71108],[92.26451,25.70923],[92.25485,25.7126],[92.25114,25.71082],[92.24751,25.71333],[92.23383,25.70783],[92.23155,25.7162],[92.22439,25.716],[92.22099,25.7134],[92.21648,25.7046],[92.20925,25.69882],[92.20781,25.69561],[92.20039,25.69209],[92.19676,25.68665],[92.18746,25.68413],[92.17951,25.67785],[92.17748,25.67431],[92.17343,25.67414],[92.1702,25.66713],[92.16486,25.66663],[92.15615,25.67218],[92.1596,25.67624],[92.16053,25.68412],[92.15598,25.69167],[92.15684,25.69582],[92.15463,25.69796],[92.15478,25.70621],[92.15241,25.70861],[92.15083,25.70778],[92.14773,25.70946],[92.14411,25.71714],[92.14808,25.72547],[92.1544,25.72527],[92.16161,25.73693],[92.16281,25.74388],[92.15582,25.75106],[92.15573,25.75779],[92.15054,25.76399],[92.15127,25.76672],[92.1483,25.7728],[92.15297,25.77785],[92.15025,25.77986],[92.15154,25.78201],[92.14681,25.78357],[92.15019,25.79404],[92.1487,25.80594],[92.15258,25.81178],[92.1511,25.81664],[92.15533,25.81853],[92.15695,25.82158],[92.16023,25.81979],[92.16128,25.82059],[92.16235,25.82724],[92.16059,25.83039],[92.16411,25.83356],[92.16202,25.83554],[92.16623,25.83529],[92.16981,25.83886],[92.17301,25.84718],[92.17261,25.8499],[92.1775,25.8515],[92.17759,25.8581],[92.1801,25.85823],[92.1762,25.8682],[92.17724,25.87275],[92.18363,25.87688],[92.18755,25.8772],[92.19901,25.88899],[92.21498,25.8953],[92.2157,25.89995],[92.22085,25.90026],[92.22281,25.90639],[92.22556,25.90917],[92.21727,25.9115],[92.20443,25.90914],[92.20228,25.90633],[92.20105,25.90845],[92.19404,25.91167],[92.19633,25.91575],[92.19453,25.91846],[92.18947,25.91457],[92.18608,25.91663],[92.18173,25.91126],[92.17656,25.91042],[92.17757,25.90885],[92.17555,25.90737],[92.16242,25.91116],[92.15474,25.91099],[92.15461,25.91377],[92.15682,25.91463],[92.16093,25.92815],[92.15922,25.93322],[92.16015,25.93532],[92.15252,25.93959],[92.15244,25.94432],[92.1571,25.94919],[92.1573,25.95263],[92.16405,25.95781],[92.16152,25.96025],[92.16213,25.96656],[92.16421,25.97028],[92.16932,25.97338],[92.17554,25.97461],[92.17949,25.97844],[92.18088,25.98501],[92.18468,25.9858],[92.18846,25.98455],[92.19855,25.98822],[92.19631,25.99085],[92.19754,25.99456],[92.20101,25.99516],[92.20366,26.00103],[92.2092,25.99781],[92.21194,26.00472],[92.21911,26.00389],[92.22032,26.00569],[92.2248,26.00599],[92.22775,26.00856],[92.23387,26.00912],[92.23504,26.01223],[92.24452,26.01819],[92.24285,26.02039],[92.24373,26.02152],[92.24858,26.02338],[92.25329,26.029],[92.25681,26.0287],[92.26347,26.03313],[92.26508,26.0361],[92.26108,26.04164],[92.26901,26.04282],[92.27003,26.04745],[92.26814,26.05143],[92.26357,26.05431],[92.26395,26.05736],[92.26949,26.06057],[92.27061,26.06404],[92.27489,26.06565],[92.27166,26.06523],[92.26888,26.06817],[92.26746,26.06676],[92.26095,26.06614],[92.25832,26.06346],[92.25052,26.06453],[92.24163,26.06177],[92.22944,26.06462],[92.22859,26.0668],[92.22249,26.06798],[92.22054,26.0703],[92.21548,26.06841],[92.20818,26.07047],[92.20627,26.06963],[92.20651,26.06814],[92.20042,26.06962],[92.19265,26.06733],[92.19101,26.06884],[92.18716,26.06657],[92.18613,26.06765],[92.18734,26.0693],[92.18181,26.06906],[92.18029,26.07117],[92.17804,26.06855],[92.17608,26.07023],[92.17617,26.07429],[92.17878,26.07569],[92.1788,26.07819],[92.1694,26.07764],[92.15471,26.06715],[92.15224,26.06678],[92.14339,26.05604],[92.13754,26.05504],[92.13421,26.05245],[92.13262,26.04424],[92.12821,26.04568],[92.1214,26.04388],[92.1199,26.04596],[92.1088,26.05068],[92.09729,26.04922],[92.07791,26.04229],[92.06506,26.03446],[92.05796,26.03482],[92.05143,26.03279],[92.04814,26.03277],[92.04069,26.03651],[92.03633,26.03621],[92.0344,26.03892],[92.03062,26.03958],[92.02404,26.03781],[92.01845,26.03919],[92.0165,26.03705],[92.01327,26.03844],[92.01044,26.03665],[92.00622,26.03855],[92.00411,26.03557],[91.99922,26.03579],[91.99476,26.03849],[91.98906,26.03853],[91.98546,26.03103],[91.98617,26.02898],[91.98357,26.0258],[91.97897,26.02748],[91.97317,26.02211],[91.96195,26.02026],[91.96191,26.01892],[91.95137,26.01466],[91.9478,26.01529],[91.94718,26.01317],[91.93397,26.01027],[91.93115,26.01236],[91.9271,26.00056],[91.91713,25.99642],[91.91767,25.99872],[91.9137,26.00057],[91.91229,26.00484],[91.91417,26.0072],[91.91059,26.00737],[91.90976,26.00877],[91.91332,26.0094],[91.90975,26.01267],[91.91479,26.01399],[91.91299,26.01471],[91.91469,26.0205],[91.90851,26.02097],[91.90518,26.02387],[91.9023,26.02237],[91.89783,26.0234],[91.88874,26.02787],[91.8858,26.02804],[91.88304,26.0261],[91.87874,26.03151],[91.87878,26.03472],[91.87527,26.03544],[91.87575,26.03665],[91.87347,26.0387],[91.8742,26.04327],[91.87173,26.04449],[91.8673,26.04202],[91.87192,26.05096],[91.87028,26.05451],[91.87265,26.06791],[91.87661,26.07667],[91.87845,26.08978],[91.87687,26.09165],[91.87964,26.09604],[91.87917,26.09798],[91.87364,26.10063],[91.86576,26.10042],[91.86393,26.10263],[91.86072,26.10289],[91.85101,26.1084],[91.84828,26.10807],[91.83736,26.11224],[91.831,26.11837],[91.8254,26.11941],[91.82023,26.11641],[91.82023,26.11255],[91.81702,26.11115],[91.81014,26.10329],[91.80904,26.09779],[91.80562,26.09912],[91.80292,26.09526],[91.80035,26.10004],[91.79136,26.08523],[91.78586,26.08401],[91.78332,26.08809],[91.77728,26.08935],[91.763,26.07461],[91.76273,26.07235],[91.75707,26.07036],[91.75554,26.06793],[91.74372,26.06556],[91.74213,26.06284],[91.73124,26.05922],[91.73123,26.05733],[91.73708,26.05652],[91.73485,26.05438],[91.73456,26.05118],[91.73273,26.05057],[91.73343,26.04952],[91.72526,26.04686],[91.72274,26.0356],[91.7246,26.01936],[91.72132,26.01273],[91.71962,25.9929],[91.72153,25.98833],[91.72007,25.98177],[91.72111,25.96855],[91.71978,25.96583],[91.72252,25.96572],[91.72024,25.96085],[91.72011,25.9536],[91.71333,25.94573],[91.71348,25.94405],[91.7024,25.94127],[91.70113,25.93563],[91.69893,25.93501],[91.68943,25.92462],[91.68808,25.92021],[91.67884,25.91625],[91.6706,25.90415],[91.66342,25.90776],[91.65149,25.90628],[91.6365,25.92133],[91.63221,25.92179],[91.63046,25.92495],[91.62559,25.92579],[91.62129,25.93233],[91.61558,25.93372],[91.61356,25.93613],[91.61012,25.93697],[91.60916,25.9393],[91.61188,25.94503],[91.62289,25.94479],[91.62616,25.94219],[91.62982,25.94325],[91.6294,25.94715],[91.63436,25.96051],[91.6406,25.9633],[91.63551,25.97033],[91.62825,25.97615],[91.62853,25.98244],[91.62606,25.98668],[91.62624,25.98887],[91.63023,25.99013],[91.62863,25.99532],[91.62947,25.99849],[91.62712,26.0012],[91.63047,26.00389],[91.63282,26.01146],[91.635,26.01248],[91.63189,26.01439],[91.63118,26.01775],[91.63238,26.0198],[91.62979,26.02278],[91.62616,26.02237],[91.62035,26.02577],[91.60023,26.02161],[91.59753,26.01807],[91.59389,26.01978],[91.59407,26.02168],[91.58872,26.02956],[91.57984,26.03325],[91.57073,26.02568],[91.56922,26.01821],[91.57207,26.01547],[91.56354,26.00761],[91.56497,26.00212],[91.56045,26.00123],[91.55745,25.99274],[91.5517,25.98503],[91.55125,25.9766],[91.5447,25.97591],[91.54272,25.97317],[91.53836,25.97141],[91.5354,25.96673],[91.53562,25.9623],[91.53036,25.96307],[91.52865,25.96064],[91.5253,25.96163],[91.52217,25.95947],[91.51808,25.95973],[91.51658,25.95571],[91.51982,25.93988],[91.51515,25.94123],[91.51381,25.93289],[91.50796,25.93228],[91.50675,25.92842],[91.50325,25.92683],[91.50177,25.92429],[91.50124,25.91886],[91.50447,25.91672],[91.50318,25.91415],[91.50467,25.91139],[91.50955,25.91721],[91.51299,25.91678],[91.51791,25.91966],[91.52276,25.92531],[91.53255,25.92989],[91.53653,25.93574],[91.53695,25.93121],[91.53302,25.92657],[91.52097,25.91906],[91.52057,25.91681],[91.50488,25.90777],[91.50421,25.90288],[91.49874,25.89599],[91.5039,25.89117],[91.49943,25.89119],[91.49191,25.89585],[91.484,25.89304],[91.47837,25.88747],[91.47784,25.88048],[91.47481,25.87402],[91.47604,25.87252],[91.47538,25.86988],[91.4912,25.86594],[91.51142,25.86534],[91.51383,25.86622],[91.52131,25.87511],[91.52129,25.88346],[91.52555,25.89091],[91.52772,25.89085],[91.53298,25.88816],[91.53519,25.88388],[91.53043,25.88163],[91.53043,25.87125],[91.52795,25.87316],[91.52236,25.87285],[91.51372,25.86397],[91.50342,25.86425],[91.49737,25.86109],[91.49577,25.86382],[91.48366,25.86417],[91.4779,25.85727],[91.46947,25.85916],[91.46308,25.857],[91.46178,25.85434],[91.44861,25.845],[91.44838,25.84189],[91.44515,25.83974],[91.43583,25.84356],[91.42817,25.85264],[91.42247,25.85447],[91.41346,25.85357],[91.40586,25.85001],[91.40273,25.8514],[91.39314,25.84759],[91.38114,25.84563],[91.3729,25.84672],[91.37105,25.84262],[91.36583,25.84003],[91.35774,25.84149],[91.35216,25.83856],[91.34672,25.84003],[91.34404,25.83712],[91.33535,25.84054],[91.33326,25.83675],[91.33432,25.83307],[91.32232,25.82153],[91.32075,25.81572],[91.31472,25.80959],[91.30971,25.79888],[91.30259,25.7899],[91.30185,25.78648],[91.29556,25.78018],[91.29456,25.77592],[91.29004,25.77264],[91.28863,25.7655],[91.27898,25.75736],[91.27439,25.75036],[91.27341,25.74563],[91.26512,25.74978],[91.25678,25.74793],[91.24701,25.74153],[91.23469,25.73005],[91.22605,25.72694],[91.22093,25.72187],[91.21998,25.72682],[91.20947,25.72555],[91.20431,25.72932],[91.19198,25.73036],[91.19365,25.73418],[91.19291,25.73687],[91.1865,25.73867],[91.18935,25.75286],[91.18929,25.76395],[91.18416,25.76643],[91.18513,25.77199],[91.17826,25.77735],[91.1784,25.78016],[91.18207,25.7836],[91.18419,25.79889],[91.19044,25.81143],[91.18631,25.81836],[91.18937,25.82374],[91.19446,25.82728],[91.19468,25.83486],[91.19729,25.83524],[91.20364,25.84321],[91.19768,25.84926],[91.19583,25.86139],[91.18906,25.852],[91.18383,25.85046],[91.18012,25.84417],[91.17362,25.84441],[91.1599,25.84995],[91.14755,25.85049],[91.13611,25.84263],[91.12946,25.84261],[91.12036,25.83293],[91.07714,25.82894],[91.06697,25.82573],[91.06214,25.82078],[91.04888,25.82927],[91.05297,25.83181],[91.05773,25.83177],[91.05937,25.83666],[91.06641,25.83886],[91.06773,25.83681],[91.07186,25.83876],[91.07319,25.84014],[91.07298,25.84589],[91.0785,25.85274],[91.06721,25.84663],[91.04822,25.8492],[91.03923,25.83689],[91.0325,25.835],[91.03208,25.83285],[91.02863,25.83116],[91.02245,25.82377],[91.00601,25.82038],[91.00132,25.82512],[91.00693,25.83249],[91.00798,25.83796],[91.01024,25.83733],[91.01221,25.84178],[91.01148,25.84591],[91.01531,25.8484],[91.01402,25.85687],[91.02791,25.86933],[91.03055,25.8858],[91.02522,25.88878],[91.01791,25.88456],[91.0106,25.88417],[91.00103,25.88582],[91.00066,25.88794],[90.97605,25.88967],[90.96885,25.88522],[90.96598,25.88844],[90.969,25.90375],[90.96662,25.91406],[90.95704,25.93496],[90.94614,25.94101],[90.94547,25.94487],[90.94743,25.94809],[90.93999,25.9473],[90.93386,25.93977],[90.92393,25.94287],[90.92194,25.94134],[90.91949,25.94445],[90.91734,25.94441],[90.91481,25.93589],[90.91557,25.93075],[90.91424,25.92571],[90.91543,25.9204],[90.91951,25.91522],[90.91684,25.91406],[90.90617,25.92502],[90.90529,25.9289],[90.89442,25.93118],[90.89745,25.93748],[90.89003,25.93807],[90.88966,25.94318],[90.88581,25.94492],[90.88453,25.95031],[90.88049,25.95049],[90.88108,25.94283],[90.87669,25.94942],[90.87169,25.94763],[90.87483,25.94255],[90.84847,25.94438],[90.84436,25.94597],[90.84234,25.94212],[90.83904,25.94131],[90.83547,25.93661],[90.83619,25.94842],[90.83291,25.94586],[90.8259,25.94869],[90.82441,25.9454],[90.81927,25.95032],[90.8162,25.94893],[90.80905,25.95244],[90.80788,25.95097],[90.80915,25.94741],[90.79638,25.94052],[90.78449,25.92513],[90.78532,25.92429],[90.78328,25.92185],[90.78107,25.91135],[90.77795,25.91128],[90.77801,25.9087],[90.76628,25.90772],[90.75658,25.91107],[90.75669,25.91351],[90.76057,25.91575],[90.76043,25.92197],[90.75097,25.91835],[90.74475,25.91164],[90.73857,25.91586],[90.7477,25.91894],[90.74686,25.92489],[90.75405,25.92951],[90.75453,25.93352],[90.75269,25.93435],[90.74622,25.92817],[90.74006,25.9391],[90.74767,25.94838],[90.74773,25.95001],[90.74531,25.95069],[90.74519,25.95355],[90.748,25.9568],[90.74428,25.9551],[90.74261,25.95808],[90.73742,25.95572],[90.73773,25.95243],[90.73076,25.9515],[90.72451,25.94681],[90.71952,25.94888],[90.71899,25.95436],[90.71767,25.95512],[90.71374,25.95177],[90.70726,25.95209],[90.68786,25.94892],[90.67194,25.93427],[90.6321,25.92005],[90.62833,25.91757],[90.62573,25.91276],[90.62588,25.90982],[90.63032,25.90938],[90.63035,25.90594],[90.62443,25.89796],[90.61792,25.89784],[90.61329,25.89953],[90.6114,25.90743],[90.60701,25.9106],[90.60712,25.9187],[90.62642,25.93652],[90.60724,25.94587],[90.6034,25.95342],[90.59822,25.95114],[90.59616,25.95318],[90.58818,25.95514],[90.58808,25.95665],[90.58354,25.95872],[90.58116,25.95799],[90.57258,25.94909],[90.57481,25.9412],[90.57344,25.93765],[90.55568,25.92866],[90.55317,25.92516],[90.54831,25.92472],[90.5491,25.92093],[90.5463,25.92149],[90.54622,25.91816],[90.54963,25.91475],[90.53875,25.91347],[90.53793,25.91075],[90.53262,25.90684],[90.52639,25.90462],[90.51928,25.89739],[90.51505,25.8964],[90.51223,25.90053],[90.51763,25.90675],[90.51658,25.9103],[90.5197,25.9138],[90.52449,25.92526],[90.52537,25.93275],[90.53227,25.93314],[90.5333,25.93136],[90.5361,25.93521],[90.53447,25.93836],[90.53646,25.9411],[90.53515,25.94856],[90.53696,25.95019],[90.53411,25.95981],[90.51744,25.97469],[90.50145,26.00098],[90.49648,26.00379],[90.4898,26.00469],[90.47873,26.01361],[90.47129,26.01221],[90.45591,26.00026],[90.42906,25.98881],[90.42374,25.98888],[90.41694,25.99133],[90.41636,25.99716],[90.4117,26.00055],[90.41137,26.00447],[90.40806,26.00417],[90.39769,26.01206],[90.39017,26.01024],[90.36849,26.01069],[90.34947,26.00339],[90.34692,26.00052],[90.3469,25.99794],[90.34289,25.99627],[90.34096,25.98909],[90.33182,25.98732],[90.33122,25.98283],[90.32689,25.97407],[90.2702,25.96018],[90.21606,25.95265],[90.21177,25.95268],[90.20945,25.95956],[90.20196,25.96074],[90.19986,25.95734],[90.19174,25.95535],[90.18887,25.95065],[90.18851,25.94686],[90.18463,25.94379],[90.18059,25.94449],[90.18042,25.95037],[90.17671,25.95564],[90.17731,25.95876],[90.16723,25.95538],[90.15816,25.95616],[90.15528,25.95814],[90.15192,25.9658],[90.14454,25.96044],[90.1399,25.95898],[90.13978,25.9563],[90.12931,25.95732],[90.11947,25.9546],[90.12079,25.95698],[90.11952,25.95822],[90.11598,25.95702],[90.11169,25.95165],[90.10772,25.94997],[90.10454,25.94492],[90.10646,25.94268],[90.10401,25.94214],[90.10081,25.9438],[90.10143,25.94047],[90.09829,25.93777],[90.0924,25.93839],[90.09404,25.92849],[90.09075,25.92868],[90.08555,25.92532],[90.08643,25.91971],[90.07638,25.91521],[90.07287,25.91853],[90.07045,25.91855],[90.06688,25.91343],[90.06008,25.91375],[90.0627,25.91123],[90.05544,25.90639],[90.0565,25.90351],[90.055,25.90091],[90.04766,25.90034],[90.04622,25.89639],[90.04107,25.89439],[90.04321,25.89276],[90.04287,25.88851],[90.04137,25.88791],[90.03391,25.89226],[90.03364,25.89497],[90.02452,25.89605],[90.01916,25.89229],[90.01386,25.88506],[90.01075,25.88438],[90.00565,25.87908],[90.01293,25.87266],[90.02326,25.87035],[90.02366,25.86701],[90.02092,25.8597],[90.01725,25.85698],[90.01685,25.85292],[90.01488,25.85079],[90.00689,25.84606],[89.99624,25.84375],[89.99724,25.83707],[89.98644,25.83438],[89.97966,25.83472],[89.97771,25.82952],[89.97254,25.82673],[89.96829,25.82805],[89.96615,25.83233],[89.96397,25.83266],[89.96725,25.82234],[89.96327,25.82176],[89.9616,25.8196],[89.95693,25.82046],[89.95405,25.82277],[89.95494,25.82529],[89.96067,25.82784],[89.96027,25.82987],[89.94885,25.82643],[89.94845,25.82407],[89.95183,25.82161],[89.94966,25.81576],[89.9555,25.81157],[89.95491,25.80537],[89.95856,25.80173],[89.95488,25.79686],[89.95592,25.79325],[89.95443,25.78768],[89.95967,25.78153],[89.95537,25.77807],[89.95728,25.7755],[89.95308,25.7648],[89.94885,25.76184],[89.94489,25.75598],[89.93563,25.75468],[89.93728,25.74512],[89.92816,25.73904],[89.92428,25.73834],[89.89995,25.74709],[89.89474,25.74497],[89.8944,25.73494],[89.89569,25.73155],[89.89867,25.72957],[89.89913,25.72642],[89.9026,25.72526],[89.91348,25.70856],[89.91871,25.70515],[89.92358,25.69449],[89.93671,25.68943],[89.9373,25.68615],[89.94442,25.67926],[89.94287,25.67242],[89.94744,25.67103],[89.94544,25.66788],[89.94715,25.66615],[89.94674,25.66187],[89.95045,25.6556],[89.96293,25.64948],[89.96485,25.6468],[89.97916,25.63878],[89.98335,25.63055],[89.98318,25.62679],[89.99175,25.62408],[89.9954,25.62459],[89.99716,25.62261],[90.00585,25.62413],[90.00658,25.62023],[90.01387,25.61583],[90.01598,25.61029],[90.01974,25.60708],[90.02887,25.6054],[90.02458,25.60396],[90.0193,25.6045],[90.01843,25.60139],[90.01253,25.60047],[90.00458,25.59944],[90.0017,25.60121],[89.99739,25.58591],[89.98771,25.59155],[89.9828,25.59094],[89.97854,25.58696],[89.97542,25.57611],[89.97216,25.57349],[89.9605,25.57445],[89.9538,25.57079],[89.94106,25.56826],[89.93687,25.5644],[89.91225,25.56317],[89.90959,25.56045],[89.90747,25.56135],[89.90157,25.55894],[89.89865,25.56051],[89.89247,25.55584],[89.8853,25.55499],[89.87836,25.55033],[89.87495,25.54373],[89.87883,25.5377],[89.86808,25.52987],[89.86794,25.52424],[89.86883,25.52149],[89.87149,25.52192],[89.87174,25.51853],[89.87347,25.51945],[89.87335,25.51689],[89.87734,25.51962],[89.87995,25.518],[89.88349,25.51911],[89.8807,25.51674],[89.88411,25.51424],[89.88594,25.50792],[89.87287,25.50742],[89.87687,25.50063],[89.87669,25.4955],[89.87228,25.48594],[89.87169,25.47735],[89.86543,25.47169],[89.85225,25.46588],[89.85225,25.47243],[89.84929,25.47392],[89.8505,25.48573],[89.84931,25.4928],[89.8552,25.49746],[89.85391,25.50424],[89.85564,25.50353],[89.85803,25.50652],[89.86679,25.50793],[89.86964,25.51091],[89.86013,25.51682],[89.85127,25.53863],[89.86301,25.5432],[89.86604,25.54619],[89.86729,25.56219],[89.87039,25.56808],[89.87292,25.56949],[89.87215,25.57317],[89.87564,25.58114],[89.87329,25.58761],[89.8788,25.60154],[89.88251,25.6172],[89.88179,25.62586],[89.88009,25.63612],[89.87109,25.66255],[89.86681,25.66277],[89.86355,25.66555],[89.85853,25.67974],[89.85171,25.68697],[89.84669,25.69562],[89.85193,25.70664],[89.85053,25.71296],[89.84926,25.71512],[89.83513,25.71576],[89.82837,25.72825],[89.82696,25.74036],[89.83649,25.75095],[89.84135,25.75899],[89.84033,25.76673],[89.83828,25.77603],[89.83398,25.78295],[89.83395,25.78836],[89.83127,25.79107],[89.82949,25.79642],[89.82997,25.80063],[89.8265,25.81021],[89.81654,25.8143],[89.82723,25.83294],[89.83528,25.84073],[89.83384,25.85414],[89.83566,25.86026],[89.83257,25.87061],[89.8488,25.88784],[89.84829,25.89208],[89.85683,25.8997],[89.86078,25.90733],[89.86232,25.90736],[89.87818,25.92423],[89.87811,25.92777],[89.88708,25.9452],[89.87623,25.94684],[89.86884,25.94439],[89.84858,25.94288],[89.84503,25.94003],[89.84274,25.94003],[89.83915,25.94108],[89.84235,25.94431],[89.82539,25.9455],[89.82568,25.95153],[89.8306,25.95517],[89.84934,25.94911],[89.8445,25.95476],[89.84719,25.95671],[89.84298,25.9641],[89.83854,25.96585],[89.83856,25.96785],[89.84108,25.96828],[89.84259,25.97079],[89.84896,25.97098],[89.85623,25.96877],[89.86684,25.97203],[89.87333,25.97588],[89.87103,25.9807],[89.86926,25.98149],[89.86728,25.97978],[89.86708,25.98258],[89.85042,25.98996],[89.84728,25.99677],[89.8477,26.00067],[89.84409,26.00619],[89.83584,26.0126],[89.83114,26.00985],[89.83093,26.00183],[89.83334,25.99554],[89.83322,25.99063],[89.83663,25.98657],[89.83594,25.98242],[89.82424,25.98495],[89.82027,25.98764],[89.81487,25.99787],[89.81854,25.99586],[89.82043,25.99756],[89.81919,26.00411],[89.82204,26.00993],[89.81899,26.01562],[89.81622,26.01698],[89.81536,26.02021],[89.81932,26.02582],[89.81388,26.03178],[89.81141,26.04083],[89.80742,26.044],[89.80504,26.04341],[89.8023,26.03226],[89.79772,26.02452],[89.79501,26.02317],[89.79419,26.02226],[89.7954,26.02181],[89.79159,26.01815],[89.78804,26.01921],[89.78782,26.02139],[89.79156,26.02087],[89.79399,26.02266],[89.79371,26.02813],[89.7978,26.03074],[89.8023,26.03824],[89.80183,26.04025],[89.79364,26.04233],[89.79234,26.04058],[89.79305,26.03594],[89.79064,26.03429],[89.78768,26.03602],[89.78948,26.03962],[89.78777,26.04035],[89.77989,26.04042],[89.77657,26.03493],[89.77365,26.03764],[89.7792,26.04439],[89.78867,26.04869],[89.78731,26.05093],[89.78475,26.05138],[89.78535,26.05686],[89.79881,26.05958],[89.7973,26.06312],[89.79853,26.06507],[89.79557,26.06458],[89.79815,26.06572],[89.79495,26.07288],[89.7966,26.07631],[89.79014,26.07539],[89.79502,26.0833],[89.79485,26.08751],[89.79063,26.08929],[89.78514,26.08334],[89.78132,26.08344],[89.7831,26.09357],[89.78602,26.09633],[89.78437,26.0987],[89.78179,26.09823],[89.78338,26.1012],[89.78584,26.10136],[89.78316,26.10598],[89.77865,26.10813],[89.77632,26.10579],[89.76995,26.10453],[89.76832,26.10791],[89.76504,26.10954],[89.75787,26.10786],[89.75617,26.10936],[89.75536,26.11358],[89.76525,26.12478],[89.76657,26.13048],[89.76314,26.13704],[89.75403,26.1394],[89.75328,26.14842],[89.74766,26.15737],[89.74305,26.15932],[89.72049,26.1563],[89.71945,26.16646],[89.72886,26.16794],[89.72748,26.17196],[89.7289,26.17411],[89.73655,26.17279],[89.73293,26.17753],[89.72235,26.17771],[89.71365,26.17266],[89.71014,26.17242],[89.70354,26.17805],[89.70328,26.18299],[89.6986,26.19118],[89.7061,26.18773],[89.71307,26.18772],[89.71911,26.19229],[89.72037,26.1956],[89.71781,26.20135],[89.7116,26.20297],[89.71916,26.20662],[89.72721,26.20596],[89.73323,26.21199],[89.73171,26.21616],[89.7257,26.21818],[89.71287,26.21246],[89.7075,26.21228],[89.70211,26.2152],[89.70039,26.21845],[89.70119,26.21994],[89.70447,26.21719],[89.71004,26.21784],[89.71364,26.22212],[89.7141,26.23025],[89.72707,26.23316],[89.73215,26.23778],[89.73183,26.23988],[89.72962,26.24115],[89.71787,26.24516],[89.71648,26.24753],[89.71845,26.25585],[89.71708,26.25737],[89.71443,26.25825],[89.70583,26.25621],[89.70262,26.25786],[89.70585,26.27043],[89.71155,26.27126],[89.71471,26.26994],[89.71258,26.26191],[89.72202,26.25746],[89.734,26.25941],[89.73557,26.26149],[89.73428,26.26703],[89.73854,26.26994],[89.735,26.27767],[89.72413,26.28764],[89.71783,26.29582],[89.71981,26.30732],[89.72371,26.30928],[89.72585,26.30722],[89.72139,26.29951],[89.72632,26.29471],[89.73691,26.29261],[89.74484,26.29689],[89.7478,26.29126],[89.75812,26.28779],[89.76089,26.2921],[89.75414,26.30222],[89.75152,26.32086],[89.75559,26.32304],[89.76043,26.31656],[89.76408,26.31623],[89.76909,26.32129],[89.76953,26.32414],[89.78131,26.32768],[89.78378,26.33099],[89.78158,26.34112],[89.78347,26.35103],[89.79306,26.35822],[89.80595,26.36295],[89.81421,26.37049],[89.8207,26.36981],[89.8224,26.3714],[89.82141,26.36741],[89.81579,26.36349],[89.8131,26.35806],[89.81597,26.35233],[89.82277,26.35086],[89.82606,26.35447],[89.82232,26.35917],[89.82248,26.36263],[89.82805,26.36584],[89.8299,26.37022],[89.82628,26.37693],[89.82837,26.38047],[89.83317,26.38347],[89.8359,26.38311],[89.83966,26.3779],[89.84339,26.37703],[89.84729,26.38437],[89.85213,26.38446],[89.85506,26.38139],[89.85941,26.3835],[89.85595,26.39019],[89.85766,26.39541],[89.84994,26.40289],[89.8482,26.40337],[89.84638,26.39589],[89.83814,26.39017],[89.83069,26.39275],[89.83033,26.39645],[89.83292,26.39971],[89.83375,26.40857],[89.83584,26.41139],[89.85802,26.41133],[89.8575,26.41407],[89.85043,26.41982],[89.84991,26.42211],[89.85625,26.42383],[89.8586,26.42895],[89.85638,26.4317],[89.85992,26.43521],[89.85972,26.43918],[89.86349,26.44211],[89.86522,26.44612],[89.87324,26.45132],[89.87139,26.45583],[89.87394,26.46179],[89.87312,26.4645],[89.86979,26.46779],[89.86605,26.46831],[89.86349,26.48277],[89.85763,26.48446],[89.85518,26.48851],[89.85557,26.49244],[89.85985,26.49842],[89.85653,26.50062],[89.85878,26.51261],[89.85604,26.51478],[89.8561,26.51843],[89.86294,26.53004],[89.86586,26.53228],[89.86318,26.54164],[89.86899,26.55387],[89.86736,26.56948],[89.86449,26.57324],[89.86599,26.57677],[89.87116,26.57907],[89.87292,26.5783],[89.8826,26.58339],[89.87377,26.59134],[89.87953,26.6093],[89.87842,26.61553],[89.86415,26.61573],[89.85825,26.62338],[89.85916,26.62956],[89.86713,26.63495],[89.87693,26.64851],[89.87046,26.65533],[89.87078,26.66065],[89.87419,26.66672],[89.87235,26.67248],[89.87477,26.68227],[89.86333,26.70085],[89.86552,26.70551],[89.86207,26.71645],[89.86449,26.73002],[89.85895,26.73492],[89.86292,26.73707],[89.89733,26.72434],[89.96706,26.72347],[90.00824,26.73215],[90.04957,26.73037],[90.13988,26.75362],[90.19452,26.77327],[90.18767,26.80681],[90.20077,26.83529],[90.2305,26.85891],[90.24878,26.85904],[90.28329,26.85283],[90.3003,26.84822],[90.34779,26.87529],[90.35027,26.88913],[90.35663,26.90066],[90.41661,26.90453],[90.54661,26.81664],[90.58455,26.80374],[90.63444,26.79381],[90.64657,26.77658],[90.67598,26.78409],[90.69326,26.77064],[90.71728,26.76827],[90.74236,26.77483],[90.81643,26.77598],[90.9565,26.78777],[90.95692,26.78162],[90.95928,26.78448],[90.99187,26.79064],[91.05406,26.78099],[91.09756,26.82199],[91.14585,26.81087],[91.19213,26.81342],[91.23689,26.812],[91.27709,26.80031],[91.29663,26.78697],[91.33725,26.78086],[91.37601,26.79523],[91.40765,26.8396],[91.44555,26.81222],[91.46395,26.80235],[91.49511,26.79121],[91.59242,26.80519],[91.62552,26.82087],[91.6898,26.80645],[91.70458,26.81295],[91.72062,26.81174],[91.82415,26.86404],[91.85911,26.91334],[91.88494,26.91667],[91.89174,26.91906],[91.9436,26.89499],[91.96421,26.88253],[91.97047,26.87066],[91.9835,26.85819],[92.01713,26.85001],[92.05672,26.84739],[92.0782,26.85554],[92.10265,26.86717],[92.10192,26.88106],[92.11438,26.89358],[92.12002,26.88898],[92.16986,26.89165],[92.1948,26.88996],[92.23802,26.90579],[92.25519,26.90961],[92.27609,26.902],[92.30296,26.90714],[92.30266,26.92264],[92.36315,26.93454],[92.3671,26.92868],[92.39833,26.92469],[92.41201,26.94276],[92.42581,26.94104],[92.44747,26.95881],[92.49686,26.96337],[92.55419,26.95744],[92.58334,26.95954],[92.64462,26.98677],[92.64546,27.01357],[92.6604,27.03854],[92.68409,27.03215],[92.71336,27.02657],[92.76934,27.03342],[92.80575,27.02473],[92.83141,27.01252],[92.88661,26.99975],[92.91841,26.98231],[92.91553,26.97392],[92.91715,26.96293],[92.98189,26.93605],[93.02186,26.91342],[93.06272,26.92227],[93.08823,26.91439],[93.10737,26.92576],[93.17256,26.936],[93.20095,26.94322],[93.24682,26.95125],[93.32272,26.96001],[93.38049,26.95922],[93.44877,26.95078],[93.46249,26.93788],[93.47065,26.9366],[93.47473,26.93932],[93.48626,26.94228],[93.4891,26.93618],[93.50575,26.94339],[93.52112,26.9477],[93.54101,26.94897],[93.54494,26.95123],[93.54915,26.95001],[93.56036,26.95273],[93.58667,26.95047],[93.61473,26.9603],[93.62746,26.96316],[93.65744,26.96632],[93.67077,26.97149],[93.69367,26.989],[93.70215,27.00007],[93.72241,27.02053],[93.73216,27.02585],[93.74665,27.02978],[93.76768,27.03984],[93.76741,27.05283],[93.76916,27.05361],[93.77,27.05123],[93.77158,27.05348],[93.77107,27.05805],[93.77312,27.05931],[93.77926,27.04879],[93.77945,27.05144],[93.78038,27.05043],[93.779,27.05765],[93.782,27.06077],[93.78582,27.05159],[93.79474,27.05492],[93.79365,27.06046],[93.79646,27.05696],[93.80009,27.05792],[93.79976,27.06225],[93.80179,27.06307],[93.80319,27.05821],[93.80552,27.05998],[93.80636,27.05863],[93.80696,27.05985],[93.81089,27.0598],[93.81024,27.06503],[93.8075,27.06798],[93.81551,27.06109],[93.82508,27.06305],[93.82363,27.06602],[93.8249,27.06894],[93.82673,27.06644],[93.83073,27.06613],[93.83651,27.074],[93.83536,27.07711],[93.83764,27.07523],[93.83434,27.08273],[93.83825,27.08728],[93.83629,27.08571],[93.83212,27.08732],[93.83096,27.09171],[93.83368,27.09274],[93.83525,27.09579],[93.83275,27.09585],[93.83016,27.09827],[93.8306,27.10173],[93.83739,27.10474],[93.83737,27.10799],[93.82987,27.10971],[93.82589,27.11693],[93.82019,27.12263],[93.81164,27.12133],[93.80929,27.12328],[93.8128,27.12993],[93.80705,27.13031],[93.80252,27.13258],[93.79715,27.12891],[93.79439,27.13438],[93.79603,27.13885],[93.80669,27.14006],[93.80513,27.14722],[93.80608,27.15183],[93.81302,27.15538],[93.82505,27.16891],[93.83201,27.16935],[93.85716,27.19113],[93.86437,27.20037],[93.86936,27.20249],[93.87769,27.21417],[93.89779,27.23591],[93.98429,27.32305],[93.98796,27.32329],[94.02196,27.34641],[94.02565,27.34504],[94.02769,27.34704],[94.03011,27.34586],[94.03077,27.3486],[94.04041,27.35171],[94.05389,27.36054],[94.05967,27.36174],[94.06131,27.36394],[94.0607,27.36551],[94.06906,27.37367],[94.0756,27.38988],[94.08945,27.40725],[94.10478,27.41418],[94.11771,27.42989],[94.12754,27.4348],[94.1313,27.44113],[94.14128,27.44654],[94.15942,27.46162],[94.15667,27.47486],[94.16454,27.47678],[94.16913,27.48123],[94.17623,27.48215],[94.18502,27.48732],[94.18752,27.49164],[94.1923,27.4935],[94.19637,27.49294],[94.20064,27.49488],[94.21009,27.49303],[94.21679,27.50087],[94.23389,27.51211],[94.26826,27.52084],[94.25749,27.53703],[94.25687,27.54171],[94.2594,27.54905],[94.2587,27.55546],[94.24588,27.56947],[94.23699,27.56888],[94.22573,27.57468],[94.22477,27.58337],[94.22205,27.58802],[94.2264,27.59536],[94.22637,27.59891],[94.21932,27.59858],[94.21241,27.60143],[94.20931,27.60516],[94.20914,27.60782],[94.21636,27.60867],[94.22353,27.6133],[94.2284,27.61884],[94.23171,27.62588],[94.23495,27.62695],[94.23384,27.62965],[94.23807,27.6331],[94.24654,27.633],[94.2513,27.63785],[94.25425,27.63586],[94.26156,27.63607],[94.26725,27.6297],[94.26669,27.6268],[94.26542,27.62442],[94.26294,27.62447],[94.26041,27.62208],[94.26078,27.61831],[94.25452,27.616],[94.2541,27.61444],[94.25624,27.61072],[94.27232,27.60315],[94.27449,27.60004],[94.27365,27.59518],[94.27724,27.58965],[94.28814,27.58947],[94.28969,27.59637],[94.2981,27.60215],[94.30166,27.60123],[94.3091,27.59099],[94.32262,27.58885],[94.32416,27.58483],[94.33267,27.58716],[94.33681,27.5794],[94.33808,27.58143],[94.34477,27.58235],[94.35052,27.57733],[94.35898,27.57714],[94.36385,27.57456],[94.36973,27.57497],[94.37635,27.58259],[94.38174,27.58181],[94.38843,27.58501],[94.39223,27.58924],[94.40145,27.58519],[94.4183,27.59773],[94.43153,27.60055],[94.43155,27.59184],[94.43318,27.58864],[94.43944,27.58144],[94.45117,27.57198],[94.45479,27.56682],[94.45628,27.56005],[94.46158,27.55546],[94.46775,27.56137],[94.47765,27.57636],[94.49873,27.57248],[94.50213,27.57717],[94.51499,27.58065],[94.52122,27.5848],[94.52185,27.59164],[94.52942,27.59161],[94.53202,27.5945],[94.53574,27.59275],[94.54475,27.60112],[94.55517,27.60112],[94.56245,27.60498],[94.56849,27.60264],[94.5739,27.60407],[94.57744,27.60714],[94.57971,27.61234],[94.5868,27.61874],[94.5943,27.61997],[94.59923,27.6188],[94.60275,27.62132],[94.60631,27.61932],[94.6132,27.62389],[94.61808,27.62396],[94.62332,27.62766],[94.63245,27.6243],[94.64333,27.63136],[94.64744,27.63878],[94.65725,27.64205],[94.66263,27.64596],[94.67275,27.64769],[94.67897,27.64578],[94.6826,27.64664],[94.68639,27.65079],[94.68346,27.65944],[94.68754,27.66568],[94.68946,27.66537],[94.69041,27.66219],[94.6993,27.66209],[94.70966,27.65703],[94.71658,27.65803],[94.7203,27.66681],[94.72498,27.66923],[94.7286,27.66468],[94.73557,27.66352],[94.74257,27.65968],[94.75415,27.66078],[94.76099,27.66516],[94.76307,27.67072],[94.76934,27.67948],[94.7785,27.67993],[94.79,27.68617],[94.79357,27.69541],[94.79682,27.69586],[94.80732,27.69244],[94.81968,27.69214],[94.84203,27.70143],[94.84821,27.70634],[94.84858,27.71665],[94.8522,27.72744],[94.92352,27.75064],[94.99238,27.77062],[95.3086,27.86826],[95.37941,27.83943],[95.51997,27.88149],[95.526,27.89087],[95.53387,27.8984],[95.53977,27.89672],[95.5441,27.90004],[95.54202,27.90652],[95.5445,27.9111],[95.55367,27.91399],[95.56337,27.91952],[95.56465,27.92953],[95.56842,27.93616],[95.57583,27.93996],[95.58595,27.93698],[95.59354,27.94703],[95.60511,27.95488],[95.82158,27.97139],[95.97127,27.96272]],[[89.79468,26.34012],[89.7983,26.3377],[89.79845,26.33094],[89.79981,26.32918],[89.81445,26.32008],[89.81843,26.31843],[89.82143,26.31921],[89.82432,26.32763],[89.82063,26.3329],[89.81916,26.3389],[89.81338,26.3447],[89.80489,26.34971],[89.79984,26.34923],[89.79618,26.34252],[89.79269,26.3411],[89.79468,26.34012]]]}},{"type":"Feature","properties":{"slug":"himachal-pradesh","name":"Himachal Pradesh","villages":0,"districts":0,"taluks":0,"nodata":true},"geometry":{"type":"MultiPolygon","coordinates":[[[[76.92226,30.88175],[76.92351,30.87629],[76.92235,30.88047],[76.91741,30.88346],[76.91749,30.88628],[76.92226,30.88175]]],[[[76.80344,33.25295],[76.80684,33.24498],[76.82006,33.23584],[76.8224,33.23678],[76.82352,33.24333],[76.83071,33.24919],[76.84317,33.24674],[76.84461,33.24227],[76.84052,33.23959],[76.83769,33.23403],[76.83185,33.22911],[76.82771,33.22257],[76.82839,33.21856],[76.82561,33.21569],[76.83176,33.21233],[76.83131,33.20995],[76.83406,33.20859],[76.83446,33.20485],[76.8293,33.20325],[76.82364,33.19762],[76.81739,33.19414],[76.82234,33.18355],[76.81354,33.17724],[76.81291,33.17191],[76.81737,33.16673],[76.8167,33.16034],[76.818,33.15709],[76.82537,33.14817],[76.82964,33.14659],[76.83005,33.14284],[76.83481,33.14065],[76.83881,33.14122],[76.84397,33.13778],[76.84299,33.13033],[76.84891,33.12871],[76.85291,33.12569],[76.84923,33.12043],[76.85507,33.11438],[76.86243,33.11272],[76.87051,33.11336],[76.87724,33.11884],[76.8851,33.12138],[76.88892,33.11722],[76.89327,33.10992],[76.89255,33.10591],[76.89749,33.10085],[76.89771,33.09869],[76.90929,33.09381],[76.90996,33.08962],[76.90569,33.08504],[76.9052,33.07952],[76.91089,33.07601],[76.91421,33.06338],[76.92546,33.04742],[76.92577,33.03827],[76.92869,33.03165],[76.93299,33.02817],[76.94097,33.02832],[76.9507,33.01818],[76.95966,33.01534],[76.96145,33.01129],[76.9606,33.00914],[76.96373,33.00517],[76.96812,33.00418],[76.97135,33.00028],[76.98082,33.0],[76.98901,33.00262],[76.99231,33.00179],[76.9959,32.99757],[77.00951,32.98865],[77.02387,32.99132],[77.03163,32.98971],[77.03894,32.99765],[77.04739,32.99862],[77.05704,32.9916],[77.07119,32.98441],[77.08016,32.98301],[77.08266,32.97844],[77.08185,32.97528],[77.08652,32.97241],[77.09684,32.9715],[77.11076,32.97514],[77.11161,32.97914],[77.11602,32.98467],[77.13372,32.98007],[77.14217,32.98149],[77.14678,32.97851],[77.15045,32.97821],[77.14931,32.96924],[77.14736,32.9657],[77.14922,32.96058],[77.14873,32.95616],[77.16113,32.95266],[77.16194,32.95064],[77.15947,32.93825],[77.16454,32.93648],[77.16171,32.93171],[77.16389,32.91823],[77.15988,32.91304],[77.15574,32.91158],[77.17044,32.91067],[77.17393,32.91333],[77.1785,32.92313],[77.18797,32.92874],[77.19287,32.92344],[77.19341,32.9164],[77.20292,32.90655],[77.21913,32.90407],[77.23367,32.89444],[77.24299,32.89216],[77.23997,32.88439],[77.23726,32.88335],[77.23759,32.88018],[77.24426,32.87267],[77.25,32.87236],[77.25331,32.86934],[77.25524,32.86602],[77.25427,32.86394],[77.26269,32.86409],[77.26629,32.86883],[77.27399,32.87385],[77.28607,32.86449],[77.29044,32.85708],[77.30086,32.84986],[77.30949,32.8516],[77.3219,32.85154],[77.32874,32.84297],[77.32534,32.83551],[77.327,32.83149],[77.32968,32.83047],[77.33203,32.8261],[77.33602,32.82498],[77.33679,32.81904],[77.33896,32.81678],[77.35315,32.81599],[77.37287,32.8232],[77.3766,32.83708],[77.37924,32.83892],[77.37987,32.84426],[77.37545,32.85008],[77.37501,32.85574],[77.38146,32.86192],[77.38779,32.86355],[77.39422,32.87132],[77.39589,32.87717],[77.4045,32.88274],[77.41344,32.88412],[77.42798,32.87561],[77.43331,32.87593],[77.43956,32.87924],[77.44481,32.8799],[77.44796,32.87531],[77.44782,32.87026],[77.45207,32.86409],[77.46119,32.85998],[77.4692,32.85868],[77.47494,32.86161],[77.48082,32.87054],[77.48619,32.87369],[77.49103,32.87961],[77.49719,32.88037],[77.50149,32.88558],[77.51258,32.87736],[77.53847,32.88608],[77.54539,32.8916],[77.55039,32.90031],[77.56372,32.9123],[77.57725,32.91445],[77.59436,32.92594],[77.60311,32.94293],[77.64316,32.94651],[77.64358,32.94922],[77.65269,32.95488],[77.65601,32.95888],[77.66413,32.95831],[77.67413,32.96119],[77.67407,32.96735],[77.67873,32.96958],[77.68202,32.97477],[77.68072,32.98379],[77.68249,32.9888],[77.68952,32.98802],[77.69778,32.98271],[77.6975,32.97938],[77.71315,32.98246],[77.7141,32.97633],[77.71957,32.96866],[77.72493,32.96932],[77.73095,32.97455],[77.73282,32.97178],[77.74101,32.96903],[77.74449,32.962],[77.74977,32.95773],[77.75091,32.95456],[77.76354,32.94905],[77.76651,32.94629],[77.76475,32.94358],[77.7658,32.94154],[77.77183,32.93802],[77.7876,32.92347],[77.79456,32.91999],[77.79973,32.91244],[77.81063,32.90703],[77.81175,32.90454],[77.81069,32.90016],[77.80666,32.89555],[77.80246,32.89333],[77.79327,32.8931],[77.78947,32.89061],[77.78398,32.88285],[77.78096,32.86579],[77.79186,32.85593],[77.79766,32.85629],[77.80549,32.84988],[77.81593,32.8483],[77.82612,32.83619],[77.83244,32.83627],[77.83532,32.84067],[77.83901,32.84201],[77.84687,32.83898],[77.8554,32.83234],[77.86919,32.82703],[77.87127,32.82248],[77.87851,32.81918],[77.88209,32.81036],[77.8811,32.80413],[77.88795,32.79869],[77.88419,32.78755],[77.89183,32.78287],[77.89456,32.77826],[77.90368,32.77188],[77.91624,32.77384],[77.92572,32.772],[77.92723,32.76572],[77.93293,32.76129],[77.93413,32.7565],[77.93143,32.75048],[77.93291,32.74655],[77.92926,32.74253],[77.93066,32.73696],[77.92703,32.73648],[77.9263,32.73482],[77.93161,32.73171],[77.93439,32.72586],[77.92829,32.72224],[77.92485,32.71723],[77.92455,32.71127],[77.92163,32.70844],[77.92282,32.70643],[77.92155,32.70316],[77.92246,32.69905],[77.91829,32.69627],[77.91862,32.69054],[77.92665,32.68628],[77.93106,32.68201],[77.93457,32.68114],[77.94096,32.6734],[77.9428,32.66559],[77.94744,32.66088],[77.95512,32.65819],[77.96585,32.65757],[77.97091,32.65497],[77.97227,32.65292],[77.97056,32.64636],[77.98466,32.6415],[77.98757,32.63614],[77.9917,32.63254],[77.99151,32.63064],[77.99519,32.62744],[78.00329,32.62457],[78.01186,32.62499],[78.01282,32.62181],[78.01589,32.61961],[78.02903,32.6235],[78.02516,32.62723],[78.03345,32.63381],[78.03402,32.63693],[78.04276,32.64032],[78.04702,32.64531],[78.05639,32.63468],[78.06088,32.62642],[78.06788,32.62663],[78.07471,32.63094],[78.08134,32.62622],[78.08753,32.62465],[78.09171,32.62851],[78.09886,32.63036],[78.0992,32.63644],[78.09592,32.6444],[78.0926,32.64784],[78.11049,32.66277],[78.11676,32.66027],[78.12062,32.66073],[78.1271,32.65223],[78.13664,32.65447],[78.14719,32.65396],[78.14788,32.67187],[78.14238,32.68183],[78.14973,32.68175],[78.15836,32.68399],[78.16548,32.68311],[78.17115,32.68047],[78.17576,32.68101],[78.19692,32.67052],[78.20129,32.67043],[78.20394,32.66706],[78.21895,32.66463],[78.23223,32.67171],[78.2459,32.6716],[78.25441,32.68918],[78.2538,32.69202],[78.25577,32.69706],[78.26054,32.7029],[78.26849,32.7011],[78.27391,32.70253],[78.29318,32.70034],[78.2946,32.70363],[78.30179,32.70411],[78.30601,32.70712],[78.30685,32.71043],[78.31473,32.71739],[78.3139,32.72081],[78.30585,32.73248],[78.30988,32.7351],[78.31285,32.73978],[78.33326,32.74971],[78.35705,32.7577],[78.3649,32.75334],[78.388,32.75669],[78.38596,32.74965],[78.38656,32.74523],[78.38944,32.74069],[78.38466,32.7317],[78.38537,32.71956],[78.38887,32.71184],[78.39699,32.70757],[78.39721,32.6985],[78.40074,32.6942],[78.39168,32.68537],[78.38714,32.67725],[78.38651,32.66468],[78.38142,32.65413],[78.38775,32.64513],[78.38786,32.64078],[78.39161,32.63343],[78.40135,32.62831],[78.40838,32.6271],[78.40966,32.62313],[78.40363,32.61967],[78.40231,32.61707],[78.39753,32.61761],[78.39079,32.61488],[78.3896,32.60999],[78.38414,32.60894],[78.37961,32.60455],[78.37859,32.59794],[78.36617,32.59366],[78.3629,32.58966],[78.35056,32.58896],[78.34328,32.57808],[78.33149,32.57662],[78.31355,32.56591],[78.31445,32.55991],[78.31245,32.55147],[78.3155,32.54967],[78.31297,32.54511],[78.30904,32.5431],[78.30697,32.53754],[78.30866,32.52555],[78.30455,32.51743],[78.3067,32.5115],[78.30113,32.50387],[78.29252,32.49897],[78.29264,32.48984],[78.28995,32.48514],[78.28575,32.48239],[78.28953,32.47934],[78.29127,32.47532],[78.28566,32.47155],[78.28473,32.46854],[78.28737,32.46299],[78.29785,32.46234],[78.29929,32.45654],[78.30852,32.45116],[78.31144,32.44633],[78.32913,32.44337],[78.33271,32.44609],[78.33446,32.45066],[78.32844,32.45403],[78.32575,32.45964],[78.32844,32.46501],[78.34055,32.46273],[78.34897,32.46433],[78.35314,32.46985],[78.34998,32.47334],[78.34971,32.47746],[78.36378,32.48227],[78.36654,32.48544],[78.36761,32.49373],[78.36514,32.4994],[78.37856,32.50645],[78.38601,32.51301],[78.39419,32.5148],[78.39894,32.5209],[78.39952,32.5246],[78.40987,32.52401],[78.4175,32.51931],[78.4253,32.50891],[78.42863,32.50736],[78.43492,32.50981],[78.44299,32.51041],[78.46125,32.5038],[78.46688,32.48763],[78.46724,32.47785],[78.4621,32.47234],[78.46003,32.46742],[78.46088,32.46184],[78.46555,32.45466],[78.47586,32.44871],[78.48975,32.43482],[78.49576,32.42202],[78.503,32.41972],[78.5228,32.4223],[78.53351,32.41546],[78.53341,32.41038],[78.52175,32.39185],[78.51479,32.37504],[78.50579,32.36646],[78.49674,32.36171],[78.48479,32.34914],[78.48341,32.28139],[78.47997,32.26895],[78.47376,32.25844],[78.4635,32.24742],[78.46084,32.24171],[78.46317,32.24024],[78.49628,32.23747],[78.54589,32.24772],[78.55948,32.24869],[78.57347,32.24454],[78.58795,32.2361],[78.60841,32.21909],[78.61469,32.20881],[78.61257,32.19499],[78.61445,32.18125],[78.61376,32.17537],[78.60788,32.16781],[78.59623,32.15777],[78.59678,32.15391],[78.59979,32.14983],[78.61139,32.14248],[78.6148,32.13329],[78.61401,32.12232],[78.61767,32.11522],[78.62122,32.11153],[78.6566,32.11148],[78.66593,32.10178],[78.67396,32.0854],[78.68343,32.07271],[78.69619,32.0627],[78.70777,32.04686],[78.71891,32.03572],[78.73536,32.02328],[78.7581,32.00095],[78.78555,31.99731],[78.78855,31.99323],[78.78615,31.97307],[78.78015,31.95195],[78.77816,31.93516],[78.7707,31.92265],[78.76157,31.91283],[78.75014,31.90448],[78.75277,31.88474],[78.74764,31.87924],[78.74512,31.87055],[78.74584,31.85564],[78.74021,31.83746],[78.73202,31.82289],[78.72168,31.81529],[78.7143,31.80745],[78.70991,31.79976],[78.70985,31.78662],[78.72016,31.76451],[78.73195,31.75926],[78.74119,31.75761],[78.74069,31.75341],[78.73327,31.74938],[78.72839,31.74174],[78.73143,31.73384],[78.74134,31.72111],[78.74485,31.70044],[78.75402,31.68565],[78.7627,31.67938],[78.77581,31.67697],[78.78692,31.67855],[78.79483,31.68253],[78.79822,31.68181],[78.80034,31.65787],[78.80699,31.64711],[78.83994,31.62811],[78.85199,31.61688],[78.85334,31.60743],[78.84581,31.59833],[78.82934,31.58491],[78.81891,31.57224],[78.80295,31.56303],[78.79072,31.56104],[78.78386,31.55663],[78.7784,31.54819],[78.76981,31.54257],[78.7574,31.54238],[78.74705,31.53861],[78.73595,31.52854],[78.72898,31.51981],[78.72839,31.51477],[78.73522,31.49296],[78.73428,31.48498],[78.73624,31.48057],[78.74315,31.4804],[78.75737,31.48765],[78.76663,31.48642],[78.77357,31.47394],[78.79551,31.4627],[78.81278,31.44974],[78.8181,31.44036],[78.81871,31.42885],[78.81659,31.41928],[78.81093,31.40917],[78.80034,31.4033],[78.79201,31.39554],[78.82355,31.38643],[78.83624,31.38489],[78.84793,31.3792],[78.85877,31.36637],[78.86381,31.34641],[78.85465,31.32346],[78.87271,31.30914],[78.89241,31.28789],[78.89703,31.27688],[78.89879,31.26272],[78.9121,31.25515],[78.91155,31.25147],[78.9161,31.24859],[78.91761,31.24576],[78.92203,31.23154],[78.92206,31.22531],[78.92609,31.2231],[78.92605,31.22007],[78.93113,31.21605],[78.94773,31.21677],[78.94868,31.21331],[78.94383,31.20648],[78.94703,31.20279],[78.948,31.19851],[78.95831,31.19037],[78.95753,31.18659],[78.97266,31.17991],[78.9792,31.17902],[78.9808,31.17616],[78.98373,31.17613],[78.98591,31.17383],[78.9905,31.16127],[78.98822,31.15421],[78.99083,31.14816],[78.98748,31.14356],[78.99076,31.13806],[78.9996,31.13469],[79.00366,31.12154],[79.0068,31.11853],[79.00892,31.10992],[79.00216,31.11242],[78.99855,31.10995],[78.99004,31.10852],[78.97299,31.10808],[78.96308,31.10118],[78.95073,31.09798],[78.94348,31.10081],[78.93223,31.10068],[78.92593,31.10944],[78.92057,31.11072],[78.91273,31.10764],[78.91231,31.10208],[78.9086,31.09886],[78.90044,31.09979],[78.89064,31.0969],[78.88543,31.09872],[78.87289,31.10886],[78.86524,31.12001],[78.85352,31.12208],[78.84801,31.12511],[78.84147,31.12971],[78.83814,31.13834],[78.83121,31.1406],[78.82734,31.15262],[78.82296,31.15774],[78.82489,31.16351],[78.81807,31.16778],[78.81304,31.16888],[78.81072,31.17187],[78.81047,31.18026],[78.8143,31.18754],[78.81738,31.18961],[78.81641,31.19437],[78.80991,31.19828],[78.79675,31.19641],[78.77916,31.18889],[78.76518,31.18576],[78.75641,31.18783],[78.72838,31.18965],[78.71833,31.18777],[78.7097,31.1897],[78.70336,31.189],[78.695,31.19217],[78.68677,31.19776],[78.67882,31.19625],[78.6719,31.19688],[78.66735,31.19075],[78.66172,31.18923],[78.65801,31.18504],[78.66001,31.19108],[78.65654,31.19357],[78.65732,31.19573],[78.64907,31.20217],[78.6493,31.21087],[78.64704,31.21472],[78.63655,31.21484],[78.62597,31.21787],[78.62257,31.22407],[78.60934,31.22926],[78.60092,31.2281],[78.59676,31.22512],[78.5895,31.22667],[78.57824,31.22526],[78.57486,31.22122],[78.56807,31.21915],[78.56549,31.21348],[78.55162,31.19991],[78.52652,31.19646],[78.50756,31.19587],[78.48375,31.19894],[78.48427,31.20121],[78.48145,31.20451],[78.4798,31.21378],[78.47286,31.21845],[78.46174,31.23603],[78.45771,31.23778],[78.45571,31.24102],[78.44999,31.24064],[78.44359,31.24435],[78.43658,31.25412],[78.43425,31.25458],[78.43116,31.25275],[78.42591,31.24425],[78.42074,31.24405],[78.4142,31.23961],[78.40695,31.24219],[78.40283,31.24789],[78.40717,31.25621],[78.39728,31.26698],[78.39617,31.27531],[78.38951,31.2742],[78.3863,31.27143],[78.38354,31.28248],[78.37032,31.28633],[78.35197,31.2806],[78.34561,31.28059],[78.33991,31.28267],[78.33187,31.27761],[78.31803,31.27892],[78.31678,31.28153],[78.31116,31.28314],[78.30804,31.27554],[78.31006,31.27409],[78.31045,31.27109],[78.30633,31.25989],[78.30255,31.25902],[78.29642,31.26113],[78.29188,31.25995],[78.28287,31.26621],[78.27996,31.26247],[78.27603,31.26151],[78.2735,31.25589],[78.26908,31.25232],[78.26868,31.24858],[78.26264,31.24519],[78.26047,31.23975],[78.25539,31.23851],[78.24951,31.24004],[78.25071,31.23331],[78.24695,31.23041],[78.24317,31.2293],[78.23709,31.23267],[78.22643,31.23501],[78.22032,31.23394],[78.21626,31.22971],[78.21517,31.222],[78.21244,31.21957],[78.20916,31.22012],[78.19948,31.21721],[78.19564,31.21973],[78.19218,31.22476],[78.18703,31.22705],[78.17976,31.22565],[78.17381,31.22683],[78.16715,31.22465],[78.16023,31.22548],[78.1581,31.2189],[78.15362,31.21822],[78.14842,31.2137],[78.14768,31.21059],[78.13338,31.20833],[78.1286,31.20078],[78.12348,31.20015],[78.10362,31.18538],[78.09714,31.18421],[78.08774,31.18724],[78.06596,31.18717],[78.05121,31.17989],[78.04264,31.1785],[78.04104,31.17292],[78.03384,31.16971],[78.02971,31.16411],[78.03034,31.15097],[78.02062,31.15155],[78.01445,31.15778],[78.00863,31.16082],[78.00082,31.16195],[77.99094,31.16005],[77.98472,31.15695],[77.98059,31.16212],[77.97327,31.16615],[77.96732,31.17337],[77.9589,31.17092],[77.95362,31.16595],[77.95149,31.16131],[77.94316,31.16126],[77.93516,31.15469],[77.92479,31.15043],[77.92152,31.15047],[77.91581,31.15389],[77.90787,31.15404],[77.90131,31.15182],[77.89874,31.15023],[77.90045,31.1422],[77.89401,31.13396],[77.88905,31.13299],[77.89089,31.12223],[77.88913,31.1195],[77.88241,31.11772],[77.88052,31.11479],[77.87803,31.11503],[77.87845,31.11633],[77.87323,31.11497],[77.86382,31.10851],[77.86047,31.10159],[77.86374,31.09396],[77.85124,31.07337],[77.83806,31.07265],[77.82893,31.05827],[77.82436,31.05545],[77.82205,31.05519],[77.82296,31.05866],[77.81136,31.0591],[77.81679,31.05669],[77.81604,31.04998],[77.82162,31.04671],[77.82137,31.04274],[77.82982,31.02876],[77.82288,31.02928],[77.81747,31.03304],[77.81145,31.03163],[77.807,31.02677],[77.80751,31.01621],[77.80994,31.01099],[77.82501,31.0098],[77.82199,31.00429],[77.83182,30.99399],[77.82417,30.98842],[77.82513,30.98509],[77.82406,30.98047],[77.82237,30.97649],[77.8163,30.97278],[77.81438,30.96178],[77.82419,30.95711],[77.83219,30.95959],[77.83769,30.95518],[77.8376,30.95317],[77.83473,30.95205],[77.82862,30.95329],[77.82436,30.9505],[77.81398,30.95383],[77.79366,30.96875],[77.77238,30.97435],[77.76917,30.97419],[77.76659,30.97014],[77.75409,30.96448],[77.74901,30.95348],[77.75075,30.94349],[77.75404,30.93756],[77.75274,30.93381],[77.76394,30.93045],[77.7628,30.91818],[77.76589,30.91968],[77.76752,30.91733],[77.7718,30.91861],[77.78265,30.91673],[77.78473,30.91715],[77.78653,30.92026],[77.79182,30.92173],[77.80493,30.92359],[77.81153,30.92327],[77.8133,30.92187],[77.81094,30.91663],[77.81587,30.91032],[77.81528,30.90438],[77.80883,30.8967],[77.80138,30.89332],[77.79886,30.86804],[77.80359,30.86499],[77.80568,30.85321],[77.78624,30.85715],[77.77923,30.86037],[77.77738,30.86315],[77.77613,30.87541],[77.77341,30.87754],[77.76321,30.8804],[77.75822,30.8768],[77.7561,30.87268],[77.75719,30.85998],[77.75418,30.85547],[77.74587,30.85112],[77.74402,30.84659],[77.75768,30.83513],[77.76128,30.82607],[77.74837,30.82163],[77.7456,30.81314],[77.73497,30.80448],[77.73294,30.80108],[77.73187,30.79187],[77.72136,30.77579],[77.71512,30.77072],[77.70378,30.76516],[77.70896,30.75249],[77.70552,30.75112],[77.70243,30.74627],[77.70505,30.74275],[77.70879,30.73972],[77.72153,30.7416],[77.72836,30.73414],[77.73319,30.73534],[77.7373,30.73034],[77.73659,30.72415],[77.74669,30.71972],[77.74741,30.71697],[77.74562,30.71387],[77.75582,30.70692],[77.7504,30.70012],[77.75258,30.69665],[77.74694,30.69443],[77.74841,30.68775],[77.74675,30.68304],[77.74741,30.67985],[77.75916,30.67577],[77.75975,30.67309],[77.76421,30.67082],[77.77251,30.6691],[77.77458,30.66476],[77.78119,30.65997],[77.78445,30.65956],[77.7895,30.66223],[77.79253,30.65869],[77.79249,30.65693],[77.78687,30.65498],[77.78603,30.65182],[77.78123,30.64667],[77.78674,30.6417],[77.78639,30.6367],[77.79062,30.634],[77.78605,30.62994],[77.78614,30.62442],[77.79255,30.62091],[77.79626,30.61365],[77.78672,30.61431],[77.78025,30.61284],[77.77111,30.61638],[77.76894,30.61452],[77.77107,30.61053],[77.77022,30.6049],[77.77241,30.59855],[77.77167,30.5969],[77.76435,30.59592],[77.75564,30.60469],[77.7519,30.60178],[77.7461,30.60389],[77.74325,30.60149],[77.74679,30.59746],[77.74325,30.59616],[77.74315,30.59311],[77.74838,30.59145],[77.75664,30.58561],[77.76066,30.57752],[77.76714,30.57115],[77.76752,30.56535],[77.77403,30.55784],[77.78357,30.55983],[77.79411,30.5532],[77.79718,30.55406],[77.79964,30.55766],[77.80637,30.55449],[77.81399,30.56008],[77.81785,30.56102],[77.8226,30.55378],[77.81994,30.54682],[77.82767,30.53274],[77.82682,30.52775],[77.82526,30.52594],[77.82022,30.52499],[77.81739,30.50633],[77.80829,30.50478],[77.79986,30.50106],[77.78307,30.50058],[77.77567,30.49431],[77.76436,30.49108],[77.7394,30.47602],[77.73172,30.47314],[77.72098,30.473],[77.7072,30.45924],[77.69794,30.45586],[77.69025,30.44802],[77.67077,30.44419],[77.66298,30.44704],[77.65237,30.44805],[77.649,30.44515],[77.64865,30.44032],[77.64507,30.43255],[77.6415,30.43179],[77.637,30.43319],[77.63192,30.43125],[77.62595,30.43469],[77.62268,30.43466],[77.59613,30.42729],[77.59184,30.42341],[77.58619,30.42158],[77.57427,30.41338],[77.57232,30.41045],[77.57512,30.39921],[77.5847,30.38529],[77.58563,30.37947],[77.58016,30.37734],[77.55714,30.38808],[77.54679,30.39601],[77.54796,30.40037],[77.53639,30.41076],[77.52883,30.42241],[77.52543,30.43332],[77.52555,30.44053],[77.5198,30.44539],[77.51538,30.44514],[77.50299,30.42983],[77.49995,30.41888],[77.50161,30.4087],[77.49871,30.40582],[77.49294,30.41169],[77.47954,30.40602],[77.4735,30.401],[77.46567,30.4025],[77.46271,30.40098],[77.45445,30.40081],[77.44532,30.396],[77.43849,30.40404],[77.42289,30.40408],[77.42382,30.41075],[77.43038,30.41169],[77.43376,30.41702],[77.445,30.41867],[77.44636,30.42294],[77.45369,30.43035],[77.45396,30.43373],[77.46156,30.43461],[77.46144,30.44388],[77.4662,30.45001],[77.45901,30.4581],[77.45612,30.45854],[77.45159,30.44827],[77.44963,30.4485],[77.44542,30.44476],[77.44274,30.43974],[77.43598,30.43278],[77.42197,30.42512],[77.41742,30.42538],[77.41587,30.41909],[77.40948,30.41534],[77.40954,30.40979],[77.40523,30.41019],[77.39864,30.41742],[77.40434,30.42214],[77.40399,30.42533],[77.40614,30.4256],[77.40652,30.42791],[77.40831,30.42872],[77.40353,30.43088],[77.40022,30.4288],[77.399,30.43138],[77.39137,30.43167],[77.38967,30.43476],[77.39047,30.44147],[77.38756,30.442],[77.37768,30.44087],[77.36723,30.44222],[77.36398,30.43437],[77.36346,30.44325],[77.35481,30.4557],[77.35358,30.46075],[77.34669,30.45783],[77.34188,30.45994],[77.33267,30.45766],[77.32823,30.45575],[77.32588,30.45168],[77.3211,30.44807],[77.31924,30.44796],[77.31923,30.4503],[77.31667,30.44814],[77.30872,30.44916],[77.30683,30.45025],[77.30783,30.45273],[77.30392,30.45199],[77.29439,30.45451],[77.29182,30.45699],[77.29285,30.45951],[77.29107,30.46061],[77.28988,30.4604],[77.29117,30.45923],[77.28809,30.45765],[77.28333,30.45777],[77.27973,30.46025],[77.27826,30.45846],[77.27426,30.45875],[77.27245,30.46955],[77.26615,30.47434],[77.26536,30.47683],[77.25476,30.47665],[77.25266,30.47847],[77.251,30.47698],[77.24153,30.48306],[77.23162,30.48452],[77.23034,30.48334],[77.22809,30.48545],[77.22101,30.4799],[77.21652,30.47067],[77.21351,30.46841],[77.20907,30.48274],[77.21304,30.49639],[77.20939,30.50003],[77.20132,30.5153],[77.19681,30.51729],[77.19786,30.5195],[77.19504,30.52257],[77.18722,30.52372],[77.18119,30.52788],[77.17446,30.52921],[77.17258,30.53021],[77.17288,30.53231],[77.17034,30.53337],[77.15232,30.53431],[77.14536,30.53645],[77.13568,30.54302],[77.12793,30.55672],[77.12173,30.56294],[77.13428,30.56955],[77.13829,30.56894],[77.13762,30.57148],[77.14018,30.57808],[77.1482,30.57675],[77.15313,30.58333],[77.15764,30.58399],[77.16111,30.58661],[77.15941,30.58887],[77.16557,30.5916],[77.16427,30.59437],[77.17377,30.60056],[77.1708,30.60437],[77.1727,30.61114],[77.1706,30.61336],[77.17255,30.61954],[77.1714,30.62755],[77.17334,30.63332],[77.17691,30.63698],[77.16771,30.64237],[77.16476,30.65126],[77.16304,30.65084],[77.16281,30.65468],[77.16822,30.66408],[77.16853,30.66954],[77.16643,30.67506],[77.16089,30.68021],[77.16175,30.68305],[77.16719,30.6839],[77.16121,30.69093],[77.15483,30.6926],[77.14788,30.69947],[77.14219,30.69946],[77.13761,30.70618],[77.12885,30.71075],[77.12796,30.7161],[77.12439,30.72177],[77.12034,30.71878],[77.11373,30.71819],[77.11348,30.72079],[77.11146,30.72143],[77.11536,30.72482],[77.1141,30.72857],[77.10951,30.72918],[77.10126,30.734],[77.09353,30.74233],[77.07802,30.74401],[77.06801,30.74095],[77.06258,30.74568],[77.05547,30.74543],[77.04719,30.75295],[77.04838,30.74923],[77.04479,30.75164],[77.04162,30.7502],[77.04562,30.74133],[77.0335,30.74029],[77.03309,30.73864],[77.027,30.73687],[77.01751,30.74342],[77.01775,30.74828],[77.02109,30.74888],[77.02045,30.75243],[77.01624,30.75033],[77.01893,30.75469],[77.01861,30.76554],[77.01469,30.76786],[77.01042,30.76703],[77.00794,30.76919],[77.00127,30.77044],[77.00587,30.77411],[77.00897,30.77355],[77.01425,30.77566],[77.01859,30.7803],[77.01823,30.78277],[77.0169,30.78011],[77.01548,30.78088],[77.0166,30.78572],[77.01786,30.78603],[77.01241,30.78803],[77.01513,30.79309],[77.01196,30.80014],[77.01252,30.80919],[77.01069,30.8097],[77.00278,30.80564],[76.99807,30.81197],[76.98659,30.81399],[76.98452,30.81226],[76.97758,30.81235],[76.97817,30.81691],[76.97391,30.81854],[76.97046,30.82465],[76.96512,30.82556],[76.96209,30.82362],[76.96208,30.82139],[76.96007,30.82731],[76.95189,30.81756],[76.9508,30.81383],[76.94891,30.81407],[76.94861,30.8167],[76.94594,30.81842],[76.94264,30.81743],[76.94895,30.82443],[76.944,30.83766],[76.95125,30.85052],[76.94862,30.85337],[76.94383,30.85294],[76.94303,30.85997],[76.93546,30.86969],[76.93838,30.87106],[76.9364,30.87457],[76.93311,30.87444],[76.92839,30.87142],[76.92658,30.87257],[76.93107,30.87316],[76.93015,30.87624],[76.93615,30.87777],[76.93647,30.88464],[76.93096,30.88774],[76.92839,30.89145],[76.92482,30.88991],[76.92746,30.88596],[76.92566,30.88481],[76.92139,30.88505],[76.92055,30.88725],[76.91795,30.88758],[76.91687,30.90077],[76.90953,30.897],[76.90862,30.89416],[76.89909,30.8927],[76.89495,30.89042],[76.89535,30.88698],[76.88733,30.88553],[76.8853,30.88296],[76.87595,30.8809],[76.87837,30.87574],[76.86958,30.87312],[76.86719,30.87604],[76.863,30.87762],[76.8604,30.88367],[76.85606,30.88424],[76.85109,30.88995],[76.84459,30.88926],[76.84104,30.89166],[76.83404,30.9045],[76.82998,30.90714],[76.82646,30.91313],[76.8293,30.91662],[76.82311,30.92818],[76.81114,30.92401],[76.79816,30.91524],[76.78683,30.91334],[76.77609,30.90597],[76.77187,30.90684],[76.77222,30.91006],[76.76666,30.91709],[76.76633,30.92107],[76.76019,30.92293],[76.75985,30.92633],[76.75652,30.92815],[76.75387,30.9287],[76.75195,30.92691],[76.7485,30.92673],[76.74696,30.93014],[76.73943,30.93379],[76.73978,30.93618],[76.73658,30.93837],[76.73772,30.94044],[76.73617,30.94711],[76.73714,30.94961],[76.73371,30.94934],[76.72234,30.9615],[76.71722,30.96011],[76.71176,30.96461],[76.7085,30.97029],[76.70055,30.97098],[76.68395,30.96786],[76.67386,30.96871],[76.67312,30.97438],[76.66441,30.98175],[76.66149,30.98074],[76.6517,30.9878],[76.63848,30.99014],[76.63373,30.99605],[76.62501,30.99864],[76.62655,31.02166],[76.62905,31.02362],[76.62295,31.0258],[76.61677,31.03048],[76.61608,31.03651],[76.61097,31.04583],[76.62295,31.05457],[76.61721,31.0676],[76.61658,31.07771],[76.62315,31.07962],[76.62537,31.09077],[76.6322,31.09781],[76.63191,31.09997],[76.63741,31.10313],[76.63858,31.10802],[76.63623,31.11649],[76.63328,31.11554],[76.63102,31.11691],[76.62498,31.11516],[76.62384,31.11639],[76.61662,31.11607],[76.61323,31.1223],[76.602,31.12354],[76.60089,31.12838],[76.605,31.13079],[76.60405,31.13337],[76.61041,31.14059],[76.60912,31.14321],[76.6123,31.14803],[76.60993,31.14957],[76.60746,31.14869],[76.60605,31.15169],[76.60233,31.15297],[76.60526,31.16017],[76.6031,31.16473],[76.6076,31.17065],[76.60553,31.17239],[76.60715,31.17425],[76.60464,31.17675],[76.59923,31.1743],[76.59682,31.17799],[76.60978,31.18097],[76.61346,31.18413],[76.61488,31.18964],[76.61779,31.19286],[76.63536,31.20195],[76.64542,31.20906],[76.64254,31.21427],[76.63456,31.2178],[76.63686,31.21761],[76.63719,31.22075],[76.64167,31.22302],[76.63536,31.22438],[76.63154,31.22359],[76.62765,31.22622],[76.61341,31.21756],[76.60609,31.21654],[76.60353,31.21436],[76.60102,31.2148],[76.60082,31.21259],[76.59257,31.21126],[76.59268,31.21476],[76.59057,31.21453],[76.59237,31.2175],[76.58901,31.21929],[76.58854,31.22295],[76.59198,31.22316],[76.59279,31.22583],[76.59522,31.22686],[76.59471,31.23424],[76.59834,31.23955],[76.61029,31.24381],[76.6119,31.24912],[76.60108,31.25909],[76.59627,31.26116],[76.59184,31.26593],[76.59235,31.26836],[76.58775,31.2742],[76.58351,31.27615],[76.57915,31.27111],[76.57515,31.27023],[76.5713,31.26617],[76.57196,31.26479],[76.56954,31.26141],[76.56546,31.26179],[76.56002,31.25276],[76.55648,31.2524],[76.55284,31.25512],[76.54921,31.25275],[76.54427,31.25617],[76.54361,31.2589],[76.54847,31.26606],[76.54747,31.26727],[76.55021,31.26987],[76.54883,31.27428],[76.5513,31.27875],[76.54293,31.28243],[76.54109,31.27496],[76.53773,31.27055],[76.53998,31.26626],[76.53934,31.26105],[76.53143,31.25639],[76.5238,31.25814],[76.52393,31.26228],[76.5289,31.26565],[76.52859,31.2681],[76.53055,31.27105],[76.52899,31.27083],[76.52971,31.27226],[76.52794,31.27343],[76.52715,31.27749],[76.52134,31.2802],[76.50391,31.26688],[76.50095,31.27003],[76.49757,31.26986],[76.49491,31.28081],[76.49672,31.28534],[76.49421,31.28905],[76.49089,31.28825],[76.49102,31.29423],[76.48801,31.29674],[76.48517,31.3045],[76.47913,31.30867],[76.47437,31.30235],[76.4635,31.29412],[76.45955,31.28892],[76.45937,31.28623],[76.44272,31.27728],[76.4413,31.27922],[76.43999,31.27872],[76.44037,31.28789],[76.45722,31.29513],[76.46281,31.29878],[76.46349,31.30195],[76.45431,31.31228],[76.44685,31.31698],[76.44322,31.31753],[76.43754,31.32221],[76.43587,31.32637],[76.43233,31.32656],[76.4252,31.33958],[76.42679,31.34486],[76.42409,31.34931],[76.41956,31.3493],[76.40726,31.36728],[76.40757,31.37078],[76.40368,31.37828],[76.40061,31.37957],[76.39271,31.38906],[76.39345,31.39119],[76.39812,31.39377],[76.40328,31.39239],[76.40357,31.39583],[76.39956,31.39975],[76.39708,31.40792],[76.38755,31.40944],[76.38964,31.41677],[76.38284,31.42363],[76.38392,31.4259],[76.37955,31.42844],[76.3796,31.43331],[76.37621,31.43748],[76.37311,31.43713],[76.37317,31.43333],[76.3713,31.43298],[76.37037,31.43007],[76.37252,31.42499],[76.3713,31.42017],[76.37303,31.41734],[76.37045,31.41729],[76.37223,31.41397],[76.37173,31.40946],[76.36726,31.40437],[76.35834,31.40355],[76.35228,31.39831],[76.34733,31.39816],[76.34587,31.40308],[76.34293,31.40254],[76.34295,31.39862],[76.34205,31.40139],[76.33109,31.40163],[76.33046,31.38726],[76.33174,31.38728],[76.33168,31.38407],[76.32976,31.37905],[76.34161,31.37878],[76.34049,31.36336],[76.34292,31.36345],[76.34228,31.35496],[76.34622,31.35486],[76.34712,31.34895],[76.35354,31.34786],[76.35316,31.34496],[76.35148,31.34524],[76.35161,31.34658],[76.34753,31.34667],[76.34687,31.34319],[76.34503,31.34305],[76.34391,31.3402],[76.3375,31.33983],[76.3356,31.34949],[76.33021,31.3481],[76.33146,31.34642],[76.30765,31.34235],[76.31352,31.32914],[76.32238,31.32161],[76.31057,31.31916],[76.31079,31.31795],[76.30391,31.31358],[76.29043,31.30919],[76.28924,31.30622],[76.28691,31.30735],[76.27555,31.3004],[76.27081,31.30237],[76.26934,31.31192],[76.26481,31.31],[76.25671,31.31034],[76.25099,31.30767],[76.23914,31.30885],[76.21397,31.29939],[76.19099,31.29999],[76.1863,31.30209],[76.18432,31.30565],[76.17982,31.30653],[76.18138,31.33365],[76.17882,31.34047],[76.1761,31.34197],[76.159,31.34369],[76.15769,31.34706],[76.15331,31.34954],[76.15212,31.35272],[76.14936,31.35326],[76.14898,31.35742],[76.14689,31.35898],[76.14863,31.36093],[76.1473,31.36463],[76.14728,31.3803],[76.15402,31.3829],[76.16857,31.39625],[76.16979,31.39895],[76.16654,31.40575],[76.16831,31.41044],[76.16013,31.41539],[76.16254,31.42117],[76.15672,31.43076],[76.15231,31.43362],[76.14532,31.43413],[76.14495,31.43679],[76.14043,31.44158],[76.13899,31.4487],[76.13313,31.45189],[76.13545,31.45867],[76.13468,31.46141],[76.13028,31.46505],[76.13069,31.47104],[76.12871,31.47178],[76.1277,31.47453],[76.12165,31.47732],[76.1209,31.48015],[76.11705,31.48301],[76.12075,31.4893],[76.11916,31.49316],[76.12069,31.49766],[76.11295,31.50012],[76.11003,31.50687],[76.10644,31.51004],[76.10369,31.52058],[76.1019,31.52239],[76.10266,31.52506],[76.09807,31.53265],[76.09942,31.53504],[76.09861,31.53725],[76.09218,31.54071],[76.0919,31.54415],[76.08966,31.5451],[76.08923,31.54762],[76.08515,31.54852],[76.08196,31.55186],[76.07736,31.56079],[76.07331,31.56393],[76.07252,31.56974],[76.06911,31.57077],[76.06652,31.57345],[76.06495,31.5792],[76.05971,31.58132],[76.05629,31.58533],[76.05802,31.58885],[76.05378,31.59322],[76.05881,31.59594],[76.05752,31.59746],[76.05822,31.60177],[76.05585,31.6055],[76.05376,31.60586],[76.04878,31.60266],[76.04617,31.60364],[76.04135,31.61068],[76.03788,31.60952],[76.03668,31.61325],[76.02929,31.61892],[76.02862,31.62288],[76.02451,31.62457],[76.01794,31.63313],[76.02227,31.63961],[76.01738,31.6466],[76.01965,31.64886],[76.00966,31.65335],[76.00673,31.66314],[76.00574,31.676],[76.00143,31.68337],[76.00078,31.68853],[75.99835,31.68956],[75.9931,31.69685],[75.99165,31.70142],[75.99296,31.7034],[75.98895,31.70767],[75.98872,31.7127],[75.98305,31.71881],[75.98322,31.72147],[75.97946,31.72602],[75.97842,31.73366],[75.97445,31.73488],[75.97265,31.73856],[75.97248,31.74145],[75.97542,31.74251],[75.97515,31.74373],[75.97112,31.74918],[75.97235,31.75096],[75.97066,31.75649],[75.96624,31.76654],[75.96341,31.76879],[75.96323,31.77388],[75.96022,31.78113],[75.95312,31.78329],[75.95306,31.78959],[75.93668,31.81541],[75.94182,31.81269],[75.9475,31.81301],[75.95699,31.8163],[75.9581,31.81841],[75.96737,31.82381],[75.96941,31.82383],[75.97327,31.81843],[75.97561,31.81875],[75.97856,31.813],[75.98195,31.814],[75.9835,31.81161],[75.98654,31.81224],[75.98649,31.81792],[75.97486,31.82835],[75.97123,31.82846],[75.97091,31.83342],[75.96597,31.83827],[75.96119,31.85487],[75.94512,31.88361],[75.93875,31.89105],[75.93665,31.89882],[75.91556,31.93101],[75.91157,31.93982],[75.91041,31.95011],[75.90371,31.95272],[75.8925,31.96178],[75.88268,31.96582],[75.88303,31.96889],[75.87426,31.96946],[75.85698,31.9738],[75.85106,31.98201],[75.82171,31.98392],[75.79966,31.99375],[75.77979,32.00465],[75.76498,32.01991],[75.75084,32.03768],[75.74295,32.03945],[75.72386,32.03259],[75.71207,32.03998],[75.70332,32.05515],[75.69291,32.06043],[75.67767,32.06333],[75.67412,32.06711],[75.67425,32.0704],[75.66324,32.07401],[75.66292,32.07573],[75.65432,32.07732],[75.64622,32.07274],[75.63429,32.07124],[75.6307,32.07419],[75.60155,32.06554],[75.60003,32.06867],[75.59482,32.06947],[75.59579,32.07443],[75.59459,32.0784],[75.59691,32.08209],[75.59581,32.08574],[75.60016,32.09244],[75.61428,32.09441],[75.61981,32.09743],[75.62646,32.1074],[75.62727,32.11733],[75.6257,32.11874],[75.66002,32.13665],[75.67268,32.15922],[75.66346,32.16218],[75.66369,32.16429],[75.66615,32.16474],[75.66702,32.17839],[75.65831,32.17817],[75.65901,32.18278],[75.65669,32.18289],[75.65936,32.18371],[75.65988,32.18781],[75.66312,32.18958],[75.66192,32.19291],[75.65789,32.19382],[75.65534,32.19677],[75.64537,32.19248],[75.63772,32.1925],[75.63752,32.18704],[75.6332,32.1868],[75.63157,32.1896],[75.62377,32.19004],[75.62744,32.20684],[75.62583,32.20983],[75.6263,32.21602],[75.63261,32.21716],[75.63665,32.21984],[75.63732,32.22272],[75.63561,32.23167],[75.62226,32.23387],[75.61806,32.23581],[75.61846,32.23757],[75.63205,32.24405],[75.63671,32.24995],[75.64087,32.25222],[75.65809,32.25113],[75.7132,32.27218],[75.74667,32.27722],[75.77232,32.28936],[75.78172,32.31011],[75.80157,32.32836],[75.81483,32.33018],[75.81295,32.33506],[75.80751,32.34071],[75.81121,32.34849],[75.82749,32.35023],[75.83445,32.35728],[75.84381,32.35531],[75.8455,32.35907],[75.84477,32.36486],[75.85378,32.38135],[75.8565,32.38487],[75.86474,32.38879],[75.8736,32.39568],[75.88671,32.3962],[75.8939,32.3933],[75.90208,32.3941],[75.90465,32.396],[75.90798,32.39334],[75.91452,32.39552],[75.91772,32.39483],[75.92003,32.39681],[75.92363,32.39123],[75.92873,32.39461],[75.93309,32.39157],[75.93651,32.39742],[75.93799,32.39754],[75.93115,32.39942],[75.9302,32.40233],[75.92159,32.41023],[75.91669,32.42001],[75.91994,32.42305],[75.92018,32.43009],[75.90555,32.43766],[75.90593,32.44039],[75.90103,32.44893],[75.90277,32.45233],[75.88591,32.46363],[75.88079,32.46417],[75.8764,32.47034],[75.85343,32.48752],[75.84415,32.49966],[75.84424,32.5024],[75.84012,32.50937],[75.83579,32.51156],[75.83221,32.5107],[75.83033,32.51324],[75.83153,32.51438],[75.83882,32.5137],[75.83669,32.51847],[75.83826,32.52232],[75.85383,32.5277],[75.85564,32.53004],[75.8549,32.5369],[75.87321,32.54947],[75.87333,32.55413],[75.86614,32.56246],[75.86974,32.5661],[75.87771,32.56915],[75.87989,32.57739],[75.87895,32.58698],[75.88404,32.58982],[75.89273,32.58896],[75.89769,32.59066],[75.90503,32.60037],[75.90591,32.60759],[75.91636,32.61443],[75.91858,32.62172],[75.9155,32.62771],[75.91913,32.62969],[75.91863,32.63311],[75.9242,32.63675],[75.92734,32.63133],[75.93087,32.63176],[75.92881,32.63717],[75.93381,32.64265],[75.93323,32.64711],[75.92341,32.64274],[75.9188,32.64456],[75.91503,32.6436],[75.91499,32.6531],[75.90626,32.65814],[75.89784,32.65432],[75.89311,32.64861],[75.88677,32.6504],[75.88583,32.65218],[75.89218,32.6588],[75.89307,32.6664],[75.89754,32.66978],[75.89693,32.6721],[75.89879,32.67303],[75.89719,32.68552],[75.90046,32.69353],[75.89741,32.69762],[75.90483,32.70889],[75.90695,32.71607],[75.91829,32.72715],[75.91835,32.7349],[75.92295,32.74368],[75.92135,32.74771],[75.90478,32.76478],[75.89795,32.76917],[75.8965,32.77492],[75.88582,32.78225],[75.88421,32.80193],[75.87909,32.81121],[75.86504,32.81338],[75.86563,32.8203],[75.85266,32.83438],[75.84819,32.83648],[75.84608,32.83507],[75.84244,32.83769],[75.84047,32.84343],[75.82988,32.84503],[75.82636,32.85001],[75.81862,32.85273],[75.81693,32.85879],[75.81083,32.86033],[75.80947,32.86931],[75.80598,32.8768],[75.79625,32.88426],[75.81259,32.89311],[75.81715,32.89937],[75.81895,32.90753],[75.82427,32.91131],[75.83264,32.92403],[75.8377,32.92802],[75.84519,32.92846],[75.85185,32.92493],[75.85933,32.9254],[75.86708,32.92276],[75.873,32.92385],[75.87679,32.91948],[75.88328,32.91868],[75.88875,32.91454],[75.89914,32.91221],[75.90385,32.91279],[75.91293,32.90671],[75.91886,32.90576],[75.92827,32.88979],[75.94106,32.87828],[75.95011,32.87283],[75.96971,32.88505],[75.97537,32.88648],[75.98124,32.8951],[75.99651,32.89935],[75.99895,32.90204],[76.00234,32.90152],[76.00876,32.9085],[76.02719,32.91571],[76.03314,32.92137],[76.032,32.92691],[76.03436,32.93174],[76.03883,32.93575],[76.06126,32.94095],[76.06831,32.9519],[76.08302,32.95525],[76.08224,32.96157],[76.09069,32.96289],[76.09416,32.96516],[76.10629,32.98688],[76.1038,32.99119],[76.10793,33.0],[76.1072,33.00606],[76.13631,33.00959],[76.16034,33.00663],[76.1679,33.00856],[76.17559,33.01813],[76.18009,33.02054],[76.2035,33.01599],[76.21233,33.01645],[76.22071,33.02288],[76.24277,33.02082],[76.24623,33.02728],[76.25535,33.03405],[76.27291,33.03705],[76.27495,33.04076],[76.27632,33.05105],[76.2897,33.0568],[76.29041,33.05985],[76.28929,33.06794],[76.28366,33.07191],[76.28282,33.07684],[76.28305,33.08636],[76.28848,33.09872],[76.28595,33.10239],[76.30029,33.11235],[76.30522,33.11962],[76.31341,33.12267],[76.31486,33.12505],[76.3263,33.12734],[76.345,33.14364],[76.3621,33.1532],[76.36846,33.15346],[76.37661,33.16533],[76.39089,33.17385],[76.39785,33.18212],[76.4011,33.18289],[76.4039,33.18579],[76.41416,33.18505],[76.42033,33.18766],[76.42826,33.18197],[76.43571,33.18029],[76.44483,33.18147],[76.45437,33.17944],[76.46639,33.18241],[76.47278,33.17976],[76.48064,33.17887],[76.50175,33.18988],[76.50931,33.19584],[76.52288,33.19588],[76.53612,33.20007],[76.54719,33.19855],[76.55335,33.20449],[76.56165,33.20954],[76.57266,33.20633],[76.58337,33.20662],[76.59112,33.20486],[76.59589,33.20591],[76.59923,33.20307],[76.59718,33.19572],[76.59863,33.19027],[76.60134,33.18861],[76.60626,33.19043],[76.61107,33.18734],[76.61257,33.17338],[76.62338,33.16691],[76.63941,33.16166],[76.64444,33.16187],[76.64837,33.164],[76.655,33.16375],[76.66461,33.17128],[76.67166,33.17066],[76.6859,33.17352],[76.69963,33.17317],[76.70726,33.17687],[76.70932,33.1807],[76.71997,33.18168],[76.72895,33.1767],[76.74682,33.17841],[76.74676,33.18308],[76.75018,33.18806],[76.75009,33.19149],[76.75781,33.19539],[76.76624,33.20789],[76.76659,33.21084],[76.77095,33.21304],[76.77161,33.21856],[76.77584,33.22049],[76.77941,33.23812],[76.77312,33.24215],[76.77069,33.24944],[76.77174,33.25102],[76.77743,33.25377],[76.78484,33.25346],[76.793,33.25636],[76.79915,33.25624],[76.80344,33.25295]]]]}},{"type":"Feature","properties":{"slug":"jammu-kashmir","name":"Jammu & Kashmir","villages":0,"districts":0,"taluks":0,"nodata":true},"geometry":{"type":"Polygon","coordinates":[[[74.5398,35.07498],[74.53885,35.06856],[74.53007,35.06013],[74.52907,35.05129],[74.53073,35.04618],[74.55552,35.03135],[74.56047,35.02602],[74.57837,35.02432],[74.58509,35.01812],[74.58778,35.00636],[74.58502,34.99794],[74.5763,34.98654],[74.57053,34.97563],[74.56975,34.96228],[74.57701,34.91392],[74.59032,34.91584],[74.59653,34.9218],[74.60423,34.9248],[74.62008,34.92063],[74.63434,34.90986],[74.6464,34.90364],[74.66253,34.90677],[74.66409,34.9004],[74.68415,34.8788],[74.69822,34.88072],[74.70167,34.88303],[74.71145,34.88092],[74.71669,34.86649],[74.72944,34.86325],[74.73948,34.85411],[74.74026,34.84836],[74.75017,34.84499],[74.76276,34.84408],[74.77694,34.84077],[74.78785,34.85246],[74.79846,34.85207],[74.80757,34.85048],[74.81329,34.84362],[74.82325,34.83736],[74.83969,34.84074],[74.85322,34.8311],[74.86104,34.82833],[74.87215,34.83019],[74.88707,34.82228],[74.89857,34.80972],[74.90145,34.80165],[74.90731,34.79253],[74.9186,34.78511],[74.92982,34.78697],[74.95063,34.80174],[74.95674,34.80813],[75.01634,34.84825],[75.0311,34.84843],[75.04376,34.84336],[75.05712,34.84234],[75.06403,34.84711],[75.06528,34.85749],[75.06362,34.87081],[75.06412,34.90524],[75.07164,34.9192],[75.1013,34.9191],[75.14197,34.87495],[75.14423,34.85028],[75.15809,34.84548],[75.17257,34.84267],[75.19062,34.83493],[75.22324,34.81752],[75.23966,34.80183],[75.25625,34.77389],[75.25093,34.74986],[75.26357,34.74458],[75.26256,34.73168],[75.2543,34.72169],[75.25827,34.69757],[75.23207,34.69082],[75.20791,34.66542],[75.20446,34.6535],[75.21818,34.6516],[75.20948,34.64767],[75.20603,34.64378],[75.20807,34.63868],[75.21272,34.63812],[75.22062,34.63383],[75.22533,34.63463],[75.22993,34.63303],[75.23288,34.63616],[75.2415,34.63778],[75.25407,34.62828],[75.25664,34.62151],[75.25834,34.61459],[75.25326,34.6075],[75.25337,34.60413],[75.26553,34.60226],[75.26912,34.59792],[75.27799,34.59439],[75.28637,34.59543],[75.28971,34.58917],[75.29956,34.58694],[75.30636,34.57875],[75.31181,34.57686],[75.31504,34.56965],[75.3199,34.56484],[75.32853,34.56879],[75.33366,34.56801],[75.3379,34.56474],[75.34416,34.56303],[75.35267,34.55315],[75.35562,34.54687],[75.36176,34.54209],[75.36111,34.54017],[75.36557,34.5381],[75.36418,34.52899],[75.36638,34.52446],[75.36612,34.52145],[75.3572,34.52129],[75.35293,34.51759],[75.34738,34.5027],[75.34733,34.49556],[75.34292,34.48944],[75.34459,34.48505],[75.35024,34.48014],[75.34965,34.4753],[75.35324,34.46879],[75.34905,34.46346],[75.34016,34.46056],[75.33723,34.45167],[75.3326,34.45193],[75.33049,34.4503],[75.33291,34.44709],[75.33317,34.44295],[75.32754,34.43977],[75.3297,34.43623],[75.3342,34.43324],[75.3351,34.42927],[75.35249,34.42515],[75.35738,34.418],[75.36512,34.41848],[75.37234,34.4126],[75.36963,34.40176],[75.3666,34.39774],[75.36697,34.39103],[75.37714,34.38714],[75.37795,34.38511],[75.37878,34.38206],[75.37676,34.37567],[75.37338,34.3715],[75.38571,34.36614],[75.38051,34.3583],[75.38476,34.35402],[75.38577,34.34989],[75.37602,34.34195],[75.38398,34.33672],[75.38467,34.32824],[75.39605,34.31672],[75.39027,34.31103],[75.38892,34.30548],[75.39284,34.29708],[75.4035,34.28469],[75.41089,34.28469],[75.41922,34.28189],[75.42263,34.2839],[75.42612,34.28219],[75.43087,34.28357],[75.43737,34.28248],[75.43949,34.27949],[75.44424,34.28033],[75.45362,34.28592],[75.45918,34.27942],[75.47011,34.27939],[75.47485,34.27759],[75.48217,34.27165],[75.48295,34.26904],[75.48105,34.2624],[75.48379,34.2587],[75.48238,34.25506],[75.48858,34.24662],[75.4959,34.24097],[75.49696,34.23764],[75.49536,34.2324],[75.5029,34.23435],[75.51459,34.22671],[75.52313,34.229],[75.52973,34.22683],[75.53427,34.22366],[75.53824,34.22308],[75.55533,34.21141],[75.57026,34.21137],[75.57993,34.21397],[75.59336,34.19769],[75.6046,34.19519],[75.62179,34.20179],[75.62607,34.20131],[75.63701,34.20979],[75.64812,34.212],[75.6549,34.20796],[75.65739,34.20294],[75.66242,34.19913],[75.67075,34.19803],[75.68054,34.20096],[75.68529,34.19956],[75.69072,34.19527],[75.6873,34.18694],[75.68805,34.18486],[75.68411,34.17802],[75.68278,34.17059],[75.68448,34.16678],[75.68005,34.16246],[75.67814,34.15378],[75.67016,34.14998],[75.66795,34.14429],[75.67361,34.14516],[75.68235,34.14404],[75.68571,34.14216],[75.68229,34.13556],[75.68316,34.13243],[75.69125,34.12761],[75.68563,34.12091],[75.68736,34.11605],[75.69684,34.11343],[75.70774,34.10724],[75.7188,34.10325],[75.72148,34.0944],[75.7251,34.08966],[75.73337,34.08411],[75.73475,34.07895],[75.74254,34.07326],[75.73703,34.05891],[75.74148,34.05616],[75.75,34.05485],[75.75517,34.05674],[75.76852,34.05492],[75.76769,34.04381],[75.76919,34.04128],[75.7797,34.03762],[75.78671,34.0312],[75.79694,34.03045],[75.79754,34.02598],[75.79984,34.02298],[75.81429,34.01451],[75.81827,34.00751],[75.82783,34.00626],[75.8358,34.00714],[75.84306,34.00478],[75.84371,34.00324],[75.84161,33.99957],[75.83024,33.9924],[75.8256,33.97781],[75.81963,33.97221],[75.82212,33.96558],[75.83065,33.95874],[75.83824,33.95496],[75.84525,33.95447],[75.85249,33.96225],[75.87356,33.96205],[75.88672,33.96827],[75.8932,33.96909],[75.89856,33.96744],[75.90854,33.96888],[75.91745,33.96295],[75.94286,33.96046],[75.9496,33.95589],[75.9587,33.95685],[75.96654,33.95452],[75.96883,33.96016],[75.97271,33.96252],[75.9782,33.97219],[75.99053,33.97239],[76.00542,33.97674],[76.01219,33.97439],[76.01795,33.97507],[76.02436,33.98212],[76.02654,33.97163],[76.04292,33.95255],[76.04826,33.94036],[76.04947,33.93386],[76.04938,33.93191],[76.04137,33.92529],[76.03389,33.92417],[76.03257,33.91966],[76.03804,33.91887],[76.04776,33.91242],[76.07008,33.90887],[76.08258,33.90348],[76.09191,33.90243],[76.0969,33.90041],[76.10024,33.89626],[76.10725,33.89185],[76.1179,33.88872],[76.12296,33.88905],[76.12501,33.88528],[76.13668,33.8786],[76.13847,33.87242],[76.13754,33.87008],[76.14255,33.86646],[76.14951,33.85362],[76.14908,33.85015],[76.1554,33.84725],[76.15425,33.8406],[76.15998,33.83692],[76.15687,33.82999],[76.16264,33.8212],[76.16598,33.81935],[76.16324,33.81741],[76.15975,33.80847],[76.16138,33.80185],[76.16725,33.79782],[76.18474,33.80015],[76.19867,33.78723],[76.20036,33.77564],[76.2108,33.77119],[76.21258,33.76118],[76.21885,33.75873],[76.23611,33.75987],[76.24708,33.75853],[76.24786,33.75456],[76.25097,33.75183],[76.26021,33.75],[76.26524,33.74688],[76.26726,33.74038],[76.26578,33.73378],[76.27117,33.73075],[76.26741,33.72468],[76.26713,33.71709],[76.26324,33.71209],[76.26618,33.70694],[76.26311,33.70305],[76.26569,33.69743],[76.26472,33.68942],[76.2696,33.6851],[76.26621,33.67953],[76.2705,33.67559],[76.27352,33.66935],[76.28465,33.66184],[76.28004,33.65468],[76.27412,33.65232],[76.27048,33.64331],[76.26556,33.64351],[76.25304,33.63808],[76.24891,33.63864],[76.22937,33.62983],[76.22778,33.62563],[76.23281,33.62316],[76.23723,33.61759],[76.24096,33.60959],[76.24034,33.60485],[76.23865,33.60244],[76.23071,33.60304],[76.22422,33.60031],[76.22412,33.59684],[76.22792,33.5941],[76.2314,33.58695],[76.22522,33.57728],[76.21787,33.57366],[76.20648,33.57328],[76.20544,33.5692],[76.20549,33.56771],[76.20914,33.56646],[76.21977,33.55532],[76.22503,33.54759],[76.23192,33.54519],[76.24123,33.54831],[76.24574,33.54554],[76.25964,33.56502],[76.27787,33.56752],[76.30234,33.56736],[76.30978,33.57146],[76.31014,33.57861],[76.30182,33.58976],[76.2996,33.59824],[76.30651,33.60956],[76.31745,33.60718],[76.32218,33.60227],[76.3295,33.60427],[76.33624,33.61051],[76.34692,33.60494],[76.35865,33.60369],[76.36004,33.59454],[76.36646,33.58575],[76.38073,33.57695],[76.37475,33.56588],[76.37928,33.55821],[76.37992,33.55292],[76.41024,33.54313],[76.4152,33.53908],[76.4264,33.53728],[76.43588,33.54219],[76.43996,33.54743],[76.44338,33.55979],[76.44685,33.56401],[76.44879,33.56368],[76.45783,33.55427],[76.4624,33.55162],[76.46467,33.54523],[76.45849,33.53852],[76.45916,33.53389],[76.46995,33.52768],[76.47909,33.52683],[76.49188,33.51691],[76.49927,33.51742],[76.50205,33.51598],[76.5067,33.50998],[76.5078,33.49957],[76.51442,33.49514],[76.52291,33.49338],[76.52784,33.48349],[76.53477,33.48219],[76.54091,33.47068],[76.54548,33.46873],[76.54964,33.46405],[76.55409,33.46411],[76.55764,33.46203],[76.56342,33.46252],[76.56949,33.46617],[76.57654,33.45298],[76.57706,33.44335],[76.57999,33.43831],[76.57795,33.42956],[76.58185,33.42579],[76.59341,33.42576],[76.60021,33.43143],[76.60576,33.43167],[76.61088,33.4349],[76.61327,33.43893],[76.61645,33.43992],[76.62051,33.43956],[76.62896,33.43489],[76.62955,33.4239],[76.63698,33.41553],[76.63612,33.41144],[76.63212,33.40919],[76.63841,33.40343],[76.63647,33.40184],[76.641,33.39098],[76.65148,33.38342],[76.65198,33.37044],[76.65839,33.36469],[76.65929,33.3567],[76.67242,33.34916],[76.67096,33.34202],[76.67388,33.33927],[76.68238,33.33677],[76.69596,33.32796],[76.70408,33.32781],[76.71208,33.33108],[76.71775,33.32897],[76.72588,33.31516],[76.72524,33.31134],[76.72855,33.30822],[76.72924,33.30246],[76.73211,33.29933],[76.72982,33.29676],[76.72847,33.29104],[76.72986,33.28871],[76.72773,33.28348],[76.73271,33.28151],[76.7325,33.27554],[76.73848,33.26868],[76.73705,33.2611],[76.75431,33.24868],[76.77094,33.24932],[76.77312,33.24215],[76.77941,33.23812],[76.77584,33.22049],[76.77161,33.21856],[76.77095,33.21304],[76.76659,33.21084],[76.76624,33.20789],[76.75781,33.19539],[76.75009,33.19149],[76.75018,33.18806],[76.74676,33.18308],[76.74682,33.17841],[76.72895,33.1767],[76.71997,33.18168],[76.70932,33.1807],[76.70726,33.17687],[76.69963,33.17317],[76.6859,33.17352],[76.67166,33.17066],[76.66461,33.17128],[76.655,33.16375],[76.64837,33.164],[76.64444,33.16187],[76.63941,33.16166],[76.63329,33.16468],[76.62543,33.16614],[76.61257,33.17338],[76.61107,33.18734],[76.60626,33.19043],[76.60134,33.18861],[76.59863,33.19027],[76.59718,33.19572],[76.59923,33.20307],[76.59589,33.20591],[76.59112,33.20486],[76.58337,33.20662],[76.57266,33.20633],[76.56165,33.20954],[76.55335,33.20449],[76.54719,33.19855],[76.53612,33.20007],[76.52288,33.19588],[76.50931,33.19584],[76.50175,33.18988],[76.48064,33.17887],[76.47278,33.17976],[76.46639,33.18241],[76.45437,33.17944],[76.44483,33.18147],[76.43571,33.18029],[76.42826,33.18197],[76.42033,33.18766],[76.41416,33.18505],[76.4039,33.18579],[76.4011,33.18289],[76.39785,33.18212],[76.39089,33.17385],[76.37661,33.16533],[76.36846,33.15346],[76.3621,33.1532],[76.345,33.14364],[76.3263,33.12734],[76.31486,33.12505],[76.31341,33.12267],[76.30522,33.11962],[76.30029,33.11235],[76.28595,33.10239],[76.28848,33.09872],[76.28305,33.08636],[76.28282,33.07684],[76.28366,33.07191],[76.28929,33.06794],[76.29041,33.05985],[76.2897,33.0568],[76.27632,33.05105],[76.27495,33.04076],[76.27291,33.03705],[76.25535,33.03405],[76.24623,33.02728],[76.24277,33.02082],[76.22071,33.02288],[76.21233,33.01645],[76.2035,33.01599],[76.18009,33.02054],[76.17559,33.01813],[76.1679,33.00856],[76.16034,33.00663],[76.13631,33.00959],[76.1072,33.00606],[76.10793,33.0],[76.1038,32.99119],[76.10629,32.98688],[76.09416,32.96516],[76.09069,32.96289],[76.08224,32.96157],[76.08302,32.95525],[76.06831,32.9519],[76.06126,32.94095],[76.03883,32.93575],[76.03436,32.93174],[76.032,32.92691],[76.03314,32.92137],[76.02719,32.91571],[76.00876,32.9085],[76.00234,32.90152],[75.99895,32.90204],[75.99651,32.89935],[75.98124,32.8951],[75.97537,32.88648],[75.96971,32.88505],[75.95011,32.87283],[75.94106,32.87828],[75.92827,32.88979],[75.91886,32.90576],[75.91293,32.90671],[75.90385,32.91279],[75.89914,32.91221],[75.88875,32.91454],[75.88328,32.91868],[75.87679,32.91948],[75.873,32.92385],[75.86565,32.92291],[75.85933,32.9254],[75.84993,32.9253],[75.84519,32.92846],[75.83709,32.92777],[75.83164,32.92286],[75.83073,32.91946],[75.82427,32.91131],[75.81895,32.90753],[75.81715,32.89937],[75.81259,32.89311],[75.79625,32.88426],[75.80598,32.8768],[75.80947,32.86931],[75.81083,32.86033],[75.81693,32.85879],[75.81862,32.85273],[75.82636,32.85001],[75.82988,32.84503],[75.84047,32.84343],[75.84244,32.83769],[75.84608,32.83507],[75.84819,32.83648],[75.85266,32.83438],[75.86563,32.8203],[75.86504,32.81338],[75.87909,32.81121],[75.88421,32.80193],[75.88582,32.78225],[75.8965,32.77492],[75.89795,32.76917],[75.90478,32.76478],[75.92175,32.74717],[75.92297,32.74355],[75.91835,32.7349],[75.91829,32.72715],[75.90695,32.71607],[75.90483,32.70889],[75.89741,32.69762],[75.90046,32.69353],[75.89719,32.68552],[75.89879,32.67303],[75.89693,32.6721],[75.89754,32.66978],[75.89307,32.6664],[75.89218,32.6588],[75.88583,32.65218],[75.88677,32.6504],[75.89311,32.64861],[75.89784,32.65432],[75.90626,32.65814],[75.91499,32.6531],[75.91503,32.6436],[75.9188,32.64456],[75.92341,32.64274],[75.93323,32.64711],[75.93381,32.64265],[75.92881,32.63717],[75.93071,32.63139],[75.92734,32.63133],[75.9242,32.63675],[75.91863,32.63311],[75.91913,32.62969],[75.9155,32.62771],[75.91858,32.62172],[75.91636,32.61443],[75.90591,32.60759],[75.90503,32.60037],[75.89769,32.59066],[75.89273,32.58896],[75.88404,32.58982],[75.87895,32.58698],[75.87989,32.57739],[75.87771,32.56915],[75.86974,32.5661],[75.86614,32.56246],[75.87333,32.55413],[75.87321,32.54947],[75.8549,32.5369],[75.85564,32.53004],[75.85383,32.5277],[75.83826,32.52232],[75.83669,32.51847],[75.83882,32.5137],[75.83041,32.51373],[75.83425,32.50767],[75.83347,32.50346],[75.82616,32.50388],[75.8244,32.49593],[75.81994,32.49181],[75.8136,32.48845],[75.80051,32.48513],[75.77458,32.46392],[75.76273,32.45999],[75.75934,32.46052],[75.74902,32.45408],[75.74151,32.45515],[75.72926,32.45267],[75.72884,32.44767],[75.72661,32.44481],[75.7287,32.43911],[75.73434,32.43912],[75.73714,32.43498],[75.74247,32.43363],[75.7438,32.4316],[75.73815,32.42981],[75.72989,32.4329],[75.72775,32.43168],[75.7275,32.4294],[75.73199,32.42499],[75.73187,32.42256],[75.72269,32.40938],[75.72276,32.4056],[75.71496,32.40796],[75.71134,32.41156],[75.70128,32.39944],[75.68725,32.39025],[75.67981,32.38997],[75.67549,32.39386],[75.6731,32.39392],[75.64652,32.38742],[75.63457,32.37991],[75.61193,32.37686],[75.59531,32.37704],[75.55978,32.35698],[75.55777,32.35384],[75.55033,32.34875],[75.53899,32.33423],[75.53766,32.3259],[75.54284,32.3216],[75.54189,32.31559],[75.54331,32.3092],[75.54221,32.30381],[75.53953,32.30022],[75.53933,32.29217],[75.53683,32.28311],[75.53224,32.27783],[75.52604,32.27749],[75.52618,32.27601],[75.52092,32.27724],[75.52102,32.2793],[75.51866,32.27971],[75.51839,32.28165],[75.50919,32.28399],[75.50393,32.29132],[75.50548,32.29669],[75.51329,32.30711],[75.50447,32.31269],[75.50332,32.31103],[75.49902,32.31234],[75.48639,32.31663],[75.48192,32.32029],[75.48566,32.32364],[75.48151,32.33517],[75.48447,32.33758],[75.48614,32.33657],[75.48807,32.33963],[75.49494,32.34113],[75.4891,32.34556],[75.48649,32.34473],[75.48633,32.34197],[75.47894,32.33849],[75.47505,32.33814],[75.47504,32.33993],[75.46913,32.33863],[75.47187,32.33286],[75.46597,32.32917],[75.46965,32.32779],[75.46778,32.3246],[75.4621,32.32706],[75.44951,32.32382],[75.44813,32.32604],[75.44496,32.32121],[75.44049,32.31802],[75.43161,32.31666],[75.43074,32.31506],[75.41843,32.32004],[75.41051,32.32862],[75.40662,32.32889],[75.40369,32.32688],[75.40219,32.33005],[75.39939,32.33002],[75.39448,32.32693],[75.38029,32.33399],[75.37654,32.33431],[75.37453,32.33732],[75.37068,32.33424],[75.36312,32.33294],[75.36199,32.3341],[75.36348,32.33612],[75.36087,32.33492],[75.35537,32.3367],[75.35574,32.3383],[75.34928,32.34526],[75.3412,32.34548],[75.34072,32.33765],[75.33894,32.33564],[75.3359,32.33694],[75.33543,32.33016],[75.33223,32.32668],[75.32777,32.32612],[75.32683,32.33495],[75.32267,32.34353],[75.31134,32.3427],[75.30216,32.34428],[75.29965,32.34645],[75.29887,32.35352],[75.2883,32.35448],[75.28735,32.36068],[75.28975,32.36984],[75.27538,32.37506],[75.2729,32.37512],[75.26786,32.37155],[75.26503,32.37242],[75.26011,32.37033],[75.25813,32.37141],[75.2571,32.37656],[75.25536,32.37684],[75.25718,32.38797],[75.25594,32.38927],[75.25204,32.38958],[75.24757,32.38808],[75.24482,32.38473],[75.24155,32.38518],[75.23553,32.38746],[75.23082,32.39194],[75.22862,32.39286],[75.22739,32.39179],[75.22294,32.39424],[75.22098,32.39821],[75.21502,32.40128],[75.21187,32.40067],[75.20756,32.39469],[75.19395,32.40047],[75.19241,32.40187],[75.19245,32.41012],[75.19749,32.40983],[75.19916,32.41123],[75.2004,32.41379],[75.19879,32.41827],[75.19958,32.42042],[75.19885,32.4216],[75.19175,32.42209],[75.192,32.42401],[75.18977,32.42581],[75.18033,32.42424],[75.17679,32.42137],[75.16386,32.42264],[75.16012,32.41864],[75.15266,32.42108],[75.14111,32.41235],[75.13142,32.40886],[75.13166,32.41447],[75.12753,32.41725],[75.12663,32.42028],[75.12725,32.42551],[75.13301,32.42641],[75.13323,32.4278],[75.1284,32.43352],[75.12445,32.43462],[75.1186,32.44434],[75.11927,32.45422],[75.10777,32.46057],[75.10874,32.46762],[75.10666,32.47406],[75.09898,32.47774],[75.09268,32.47011],[75.09075,32.46926],[75.08713,32.4706],[75.08554,32.46876],[75.08403,32.47201],[75.06994,32.47973],[75.06959,32.47791],[75.06782,32.47774],[75.05477,32.48164],[75.04535,32.48831],[75.04164,32.48711],[75.02802,32.49709],[75.01682,32.47946],[75.01656,32.47079],[75.01975,32.46789],[75.0193,32.46616],[75.0119,32.46412],[75.00329,32.45723],[74.99927,32.45745],[74.99187,32.45146],[74.98874,32.45242],[74.98652,32.45044],[74.98324,32.45089],[74.97129,32.45954],[74.96858,32.45934],[74.96071,32.4553],[74.95266,32.4475],[74.94704,32.44842],[74.94163,32.46285],[74.9362,32.46753],[74.93794,32.4713],[74.931,32.47124],[74.92151,32.46501],[74.91742,32.46427],[74.9066,32.47294],[74.90079,32.46738],[74.87925,32.47672],[74.87914,32.48199],[74.8839,32.48875],[74.88354,32.49087],[74.87728,32.49297],[74.87074,32.48596],[74.86529,32.48634],[74.85864,32.49285],[74.84708,32.48918],[74.83552,32.49516],[74.82423,32.49507],[74.81875,32.49791],[74.81377,32.48678],[74.81282,32.47964],[74.8005,32.48232],[74.79954,32.47781],[74.79477,32.4764],[74.77113,32.48128],[74.76548,32.48053],[74.75463,32.48208],[74.75155,32.4783],[74.72835,32.48077],[74.72746,32.47582],[74.71677,32.47814],[74.7145,32.47686],[74.71419,32.47837],[74.71118,32.47818],[74.71367,32.48805],[74.71018,32.49262],[74.70367,32.49139],[74.7011,32.49293],[74.70026,32.48999],[74.69608,32.48951],[74.69595,32.48767],[74.69358,32.48649],[74.68792,32.48687],[74.6821,32.49359],[74.68482,32.4995],[74.68566,32.50664],[74.68257,32.50971],[74.68423,32.5154],[74.69073,32.52348],[74.69061,32.53296],[74.6888,32.53508],[74.6825,32.53532],[74.66288,32.54452],[74.66171,32.54967],[74.66274,32.55383],[74.67327,32.55336],[74.67449,32.55443],[74.67384,32.56798],[74.66934,32.56883],[74.66273,32.56488],[74.65254,32.56296],[74.65211,32.56983],[74.65469,32.58083],[74.64983,32.58241],[74.64889,32.58798],[74.65711,32.59263],[74.65877,32.59685],[74.6543,32.59945],[74.64682,32.59774],[74.64661,32.59916],[74.64184,32.60055],[74.64159,32.60275],[74.63947,32.60348],[74.64034,32.60826],[74.63905,32.61464],[74.65494,32.61521],[74.65502,32.62459],[74.657,32.63045],[74.6531,32.63092],[74.65604,32.63278],[74.6551,32.63695],[74.66232,32.63508],[74.66778,32.63882],[74.67038,32.63895],[74.67126,32.64522],[74.68072,32.65252],[74.68887,32.65192],[74.69527,32.66131],[74.69526,32.66544],[74.68255,32.66883],[74.68239,32.67226],[74.66695,32.67527],[74.66136,32.68653],[74.6535,32.69669],[74.65789,32.70698],[74.65797,32.71505],[74.66371,32.72395],[74.66186,32.72703],[74.65591,32.72796],[74.65945,32.73084],[74.66457,32.74259],[74.67491,32.75599],[74.67707,32.76131],[74.67679,32.76879],[74.67842,32.77256],[74.68183,32.7765],[74.68416,32.7841],[74.69621,32.80504],[74.69749,32.8097],[74.70395,32.81699],[74.70544,32.82577],[74.70477,32.84195],[74.6835,32.83676],[74.66788,32.82504],[74.66348,32.82598],[74.65904,32.832],[74.65562,32.8321],[74.64052,32.81894],[74.63521,32.81177],[74.63463,32.80662],[74.64543,32.79544],[74.65836,32.78765],[74.65401,32.78087],[74.63967,32.78206],[74.63229,32.7764],[74.63293,32.77382],[74.63036,32.76843],[74.63835,32.75863],[74.63683,32.75625],[74.63824,32.75573],[74.63804,32.75153],[74.63532,32.75124],[74.63426,32.74954],[74.6192,32.76068],[74.61362,32.75966],[74.61347,32.75765],[74.59605,32.75646],[74.58991,32.75064],[74.58239,32.75279],[74.58052,32.7485],[74.57684,32.7479],[74.57402,32.7505],[74.5766,32.75449],[74.57623,32.75662],[74.57034,32.75973],[74.56289,32.76012],[74.55425,32.75838],[74.54703,32.75182],[74.54638,32.75001],[74.54822,32.74685],[74.54405,32.74803],[74.54334,32.75254],[74.54195,32.75191],[74.54212,32.74857],[74.53588,32.74986],[74.53386,32.74487],[74.53185,32.74436],[74.52705,32.74681],[74.51159,32.7455],[74.50943,32.74719],[74.51002,32.75102],[74.51407,32.75107],[74.51525,32.75584],[74.51043,32.76249],[74.51162,32.76453],[74.50531,32.76635],[74.50463,32.7641],[74.49791,32.76585],[74.49668,32.76469],[74.48607,32.76445],[74.48428,32.76831],[74.47596,32.7754],[74.46458,32.7759],[74.45941,32.78774],[74.44447,32.78351],[74.42611,32.78523],[74.42463,32.78347],[74.41526,32.78456],[74.41002,32.77948],[74.4076,32.77898],[74.40705,32.77428],[74.40293,32.76738],[74.39423,32.77212],[74.391,32.76316],[74.35505,32.767],[74.35133,32.77464],[74.3474,32.77484],[74.34223,32.77808],[74.33367,32.78035],[74.32723,32.79059],[74.31448,32.79684],[74.31514,32.80479],[74.30828,32.80758],[74.31283,32.82218],[74.3034,32.82984],[74.28052,32.83388],[74.27666,32.83363],[74.27672,32.83161],[74.26773,32.83223],[74.2663,32.83853],[74.26343,32.84209],[74.23445,32.84809],[74.21964,32.84882],[74.21801,32.85223],[74.21971,32.85583],[74.21985,32.86231],[74.21416,32.86268],[74.21126,32.87343],[74.19996,32.8753],[74.19426,32.87392],[74.19246,32.87497],[74.19072,32.88295],[74.1788,32.8895],[74.17441,32.88901],[74.17277,32.88637],[74.16871,32.8878],[74.16563,32.8869],[74.15631,32.89191],[74.14426,32.89495],[74.11679,32.8976],[74.10613,32.90294],[74.09047,32.90799],[74.06895,32.90956],[74.06343,32.91245],[74.06352,32.91692],[74.05968,32.92008],[74.05996,32.93182],[74.05816,32.93454],[74.04996,32.93467],[74.03917,32.93045],[74.02446,32.92975],[74.0051,32.93558],[73.99968,32.9354],[73.99815,32.93731],[73.99871,32.93948],[74.00621,32.9507],[74.00618,32.95491],[73.99834,32.96203],[73.99509,32.96315],[73.98951,32.96219],[73.97929,32.96644],[73.97237,32.96721],[73.96949,32.97085],[73.97024,32.97739],[73.96779,32.98435],[73.96464,32.98712],[73.95798,32.987],[73.95386,32.98456],[73.94145,32.98243],[73.9323,32.98724],[73.92499,32.98838],[73.92326,32.99065],[73.91628,32.99361],[73.90826,33.00143],[73.90311,33.00211],[73.89874,33.00223],[73.88792,32.99747],[73.88054,32.99747],[73.86944,33.0028],[73.84565,33.0018],[73.82566,33.00401],[73.82774,32.98795],[73.82597,32.97724],[73.80931,32.96758],[73.79758,32.96594],[73.79043,32.96681],[73.78994,32.97763],[73.79832,32.98894],[73.79451,33.00359],[73.78435,33.00726],[73.78078,33.01253],[73.77303,33.01788],[73.76443,33.02032],[73.76274,33.02335],[73.75801,33.02527],[73.75791,33.028],[73.75601,33.02979],[73.74911,33.03362],[73.74764,33.03596],[73.74986,33.058],[73.74283,33.06615],[73.72906,33.07072],[73.71572,33.07882],[73.70969,33.07943],[73.69973,33.08489],[73.69134,33.08495],[73.68877,33.08667],[73.68157,33.08747],[73.67284,33.08224],[73.65687,33.08312],[73.65568,33.08542],[73.64944,33.08634],[73.6399,33.0831],[73.63303,33.09182],[73.63132,33.11755],[73.63893,33.1258],[73.63929,33.12814],[73.63127,33.13725],[73.6312,33.13952],[73.63361,33.14194],[73.6363,33.142],[73.64403,33.13678],[73.64869,33.13747],[73.64989,33.15658],[73.65185,33.15866],[73.66024,33.15882],[73.66448,33.16135],[73.66191,33.1733],[73.66642,33.18186],[73.66264,33.19171],[73.66801,33.20186],[73.66418,33.20763],[73.65563,33.21171],[73.64953,33.22238],[73.64762,33.22282],[73.64267,33.21925],[73.63951,33.20502],[73.63531,33.20485],[73.63355,33.20764],[73.63452,33.2179],[73.63173,33.22317],[73.6378,33.2257],[73.63756,33.23041],[73.63631,33.23272],[73.62373,33.23437],[73.62178,33.23599],[73.61941,33.24612],[73.6132,33.24821],[73.61521,33.25797],[73.60651,33.27371],[73.60553,33.28541],[73.61417,33.2929],[73.60828,33.29677],[73.60109,33.29871],[73.59564,33.30284],[73.5942,33.31763],[73.5893,33.32354],[73.59015,33.32693],[73.59763,33.32778],[73.59936,33.32951],[73.59803,33.33752],[73.5955,33.34016],[73.59356,33.34007],[73.58746,33.33554],[73.58307,33.32896],[73.58027,33.32719],[73.57842,33.32862],[73.5772,33.335],[73.57532,33.33752],[73.5711,33.33907],[73.57049,33.34298],[73.58377,33.35568],[73.58147,33.35849],[73.57188,33.35665],[73.56515,33.36625],[73.56513,33.36932],[73.57114,33.37936],[73.57109,33.38722],[73.57332,33.39182],[73.58109,33.39555],[73.58191,33.40323],[73.5885,33.40574],[73.58909,33.41131],[73.59088,33.41323],[73.59912,33.41546],[73.60316,33.41908],[73.60173,33.42294],[73.58671,33.42281],[73.58614,33.42523],[73.5894,33.42768],[73.59594,33.42939],[73.59606,33.43898],[73.604,33.44003],[73.60937,33.4382],[73.61313,33.44123],[73.61592,33.4477],[73.63189,33.44759],[73.63207,33.45798],[73.63053,33.46005],[73.61995,33.46252],[73.62013,33.47291],[73.61867,33.47616],[73.61437,33.47615],[73.61266,33.47163],[73.61047,33.47093],[73.61094,33.4823],[73.60425,33.48579],[73.60509,33.49155],[73.60207,33.49668],[73.60294,33.49924],[73.6054,33.50033],[73.6113,33.49927],[73.61868,33.49535],[73.61941,33.49932],[73.61213,33.50884],[73.61145,33.51306],[73.62045,33.51586],[73.6303,33.52442],[73.64111,33.52554],[73.64177,33.52851],[73.64102,33.53174],[73.63074,33.53519],[73.62441,33.54087],[73.62409,33.54328],[73.62736,33.54973],[73.62527,33.55822],[73.62871,33.57106],[73.62192,33.58075],[73.61079,33.58604],[73.60605,33.58665],[73.60498,33.58869],[73.61172,33.60079],[73.6119,33.60378],[73.60915,33.6055],[73.6009,33.59967],[73.59854,33.60017],[73.59538,33.60691],[73.58827,33.61541],[73.58549,33.61673],[73.57542,33.61618],[73.56715,33.61774],[73.56902,33.62465],[73.57601,33.63334],[73.57774,33.63806],[73.57729,33.64228],[73.56789,33.66007],[73.56746,33.66849],[73.57868,33.68358],[73.58842,33.69015],[73.59715,33.69976],[73.60314,33.71509],[73.60302,33.72849],[73.5987,33.73587],[73.59678,33.74715],[73.59465,33.75123],[73.58396,33.76009],[73.57483,33.76329],[73.56964,33.77211],[73.56383,33.77496],[73.55992,33.78133],[73.56684,33.80001],[73.56971,33.81527],[73.5747,33.82245],[73.57795,33.84749],[73.58716,33.86067],[73.58779,33.87444],[73.59333,33.87879],[73.59284,33.8938],[73.58444,33.90496],[73.56312,33.92047],[73.55772,33.9299],[73.55005,33.93383],[73.54761,33.93693],[73.5454,33.94383],[73.53779,33.95634],[73.53643,33.96519],[73.53254,33.97216],[73.5322,33.97816],[73.5291,33.9823],[73.52778,33.98815],[73.52607,33.99142],[73.51645,33.99883],[73.51789,34.0218],[73.51136,34.0326],[73.51139,34.04944],[73.5078,34.06486],[73.49967,34.07457],[73.49923,34.08775],[73.50129,34.0966],[73.49763,34.10486],[73.49835,34.1123],[73.49443,34.12468],[73.49719,34.13246],[73.49093,34.13967],[73.49355,34.14724],[73.4913,34.15375],[73.49245,34.16002],[73.49084,34.17082],[73.49357,34.17607],[73.49111,34.18533],[73.49438,34.19529],[73.49275,34.20157],[73.49861,34.20827],[73.49854,34.21122],[73.48202,34.23086],[73.47283,34.2523],[73.47304,34.25976],[73.47594,34.26774],[73.48448,34.27464],[73.48084,34.28942],[73.47854,34.29131],[73.4755,34.29133],[73.47199,34.2838],[73.45986,34.27621],[73.45671,34.27645],[73.45558,34.28082],[73.46065,34.28691],[73.46041,34.28914],[73.45224,34.30053],[73.44555,34.30313],[73.44719,34.31337],[73.44452,34.32138],[73.4418,34.32465],[73.43311,34.32765],[73.42507,34.33724],[73.42467,34.33894],[73.43073,34.34458],[73.42994,34.3463],[73.42134,34.34666],[73.41662,34.35044],[73.40786,34.35028],[73.4043,34.35432],[73.40301,34.36227],[73.3961,34.37161],[73.39912,34.37548],[73.40915,34.37758],[73.41617,34.40106],[73.42323,34.41886],[73.42774,34.42604],[73.42601,34.43926],[73.42632,34.45251],[73.42194,34.46605],[73.43352,34.48071],[73.43517,34.48485],[73.43727,34.50654],[73.43081,34.52133],[73.44087,34.52785],[73.4463,34.53961],[73.44347,34.55562],[73.44825,34.56709],[73.45046,34.56994],[73.45384,34.57106],[73.46394,34.5719],[73.47021,34.56848],[73.49324,34.57475],[73.51716,34.57089],[73.53218,34.57098],[73.53871,34.57375],[73.55613,34.58984],[73.57228,34.58367],[73.58496,34.58512],[73.61115,34.58482],[73.62519,34.57558],[73.63301,34.56262],[73.63733,34.56053],[73.65026,34.56196],[73.6598,34.57975],[73.65986,34.58458],[73.65413,34.59641],[73.65376,34.60053],[73.66773,34.61801],[73.69048,34.6411],[73.69468,34.64702],[73.695,34.65005],[73.69292,34.6533],[73.68772,34.65553],[73.66351,34.66322],[73.66026,34.6661],[73.65905,34.6731],[73.66645,34.68319],[73.66831,34.68837],[73.67897,34.69358],[73.68458,34.70753],[73.70463,34.72201],[73.70766,34.72755],[73.71185,34.74294],[73.71922,34.75239],[73.72236,34.76341],[73.72994,34.77222],[73.7371,34.77254],[73.7563,34.78735],[73.77231,34.79611],[73.78373,34.79139],[73.80078,34.79473],[73.81803,34.79132],[73.82178,34.7921],[73.83771,34.81316],[73.84314,34.81428],[73.85666,34.80851],[73.86299,34.80959],[73.87094,34.81407],[73.88224,34.81524],[73.89499,34.81897],[73.89932,34.81877],[73.90491,34.81284],[73.91937,34.81165],[73.92577,34.81756],[73.93047,34.83239],[73.95135,34.83364],[73.95799,34.83554],[73.961,34.83856],[73.96118,34.84307],[73.96641,34.8543],[73.96744,34.86383],[73.99272,34.86592],[73.99909,34.86885],[74.00051,34.87523],[74.00568,34.87326],[74.01504,34.87525],[74.02043,34.87246],[74.02992,34.87628],[74.0308,34.88303],[74.04197,34.89103],[74.03472,34.9015],[74.03435,34.90624],[74.0365,34.91109],[74.0372,34.91923],[74.03887,34.92111],[74.05367,34.92491],[74.07117,34.93548],[74.06415,34.95722],[74.06442,34.9632],[74.06096,34.96773],[74.06222,34.97389],[74.06103,34.97694],[74.06329,34.98328],[74.05977,34.98701],[74.05932,34.99268],[74.06555,34.99779],[74.08961,35.00178],[74.09482,35.00426],[74.0975,35.01048],[74.10975,35.01607],[74.10588,35.01837],[74.09822,35.03218],[74.09488,35.03399],[74.08943,35.03296],[74.07796,35.03865],[74.07342,35.04577],[74.06674,35.04627],[74.07358,35.0546],[74.07117,35.05849],[74.08082,35.0701],[74.08191,35.07944],[74.0884,35.0841],[74.09387,35.09195],[74.10143,35.09914],[74.1114,35.1007],[74.11915,35.1042],[74.13239,35.10293],[74.13374,35.10465],[74.14467,35.09579],[74.15611,35.09088],[74.19131,35.09092],[74.21514,35.09372],[74.22022,35.08859],[74.21755,35.08223],[74.21993,35.07534],[74.22349,35.0736],[74.22698,35.0743],[74.23523,35.08139],[74.24022,35.07914],[74.2425,35.07224],[74.24141,35.06006],[74.24513,35.05211],[74.25587,35.0442],[74.26517,35.04086],[74.28823,35.04768],[74.29155,35.05467],[74.29271,35.06452],[74.30523,35.06763],[74.34752,35.06487],[74.37566,35.066],[74.38198,35.06782],[74.39956,35.09182],[74.41062,35.10129],[74.41529,35.11174],[74.42705,35.11951],[74.43874,35.13007],[74.43994,35.12594],[74.4585,35.12527],[74.49944,35.11559],[74.51224,35.10354],[74.51974,35.09285],[74.5398,35.07498]]]}},{"type":"Feature","properties":{"slug":"ladakh","name":"Ladakh","villages":0,"districts":0,"taluks":0,"nodata":true},"geometry":{"type":"Polygon","coordinates":[[[74.71192,37.06379],[74.71591,37.05365],[74.72636,37.0385],[74.73817,37.02678],[74.74942,37.01939],[74.75318,37.02188],[74.76019,37.03597],[74.76905,37.04122],[74.78331,37.041],[74.80477,37.03498],[74.8292,37.03903],[74.83583,37.03799],[74.8389,37.03584],[74.84087,37.03214],[74.83347,37.01472],[74.83479,37.00526],[74.86575,36.97472],[74.8965,36.94152],[74.90976,36.92176],[74.91558,36.92026],[74.93413,36.93837],[74.95402,36.95462],[75.01567,36.99072],[75.02322,36.99211],[75.03708,36.98899],[75.05519,36.97432],[75.09125,36.96107],[75.10915,36.9619],[75.15296,36.98816],[75.17721,37.02025],[75.19693,37.04243],[75.21096,37.05002],[75.27654,37.06015],[75.32078,37.06428],[75.33628,37.06283],[75.34131,37.06076],[75.34657,37.05272],[75.35037,37.01912],[75.34841,37.00492],[75.35443,36.98848],[75.36889,36.97516],[75.37924,36.97458],[75.40369,36.98217],[75.41368,36.97743],[75.41845,36.9724],[75.42488,36.95236],[75.41106,36.92152],[75.40692,36.90803],[75.40878,36.90375],[75.41765,36.90326],[75.42968,36.90497],[75.44183,36.89952],[75.44982,36.88893],[75.45834,36.84192],[75.46327,36.83031],[75.48802,36.81639],[75.58553,36.78638],[75.61272,36.77527],[75.66281,36.72166],[75.72053,36.63834],[75.73466,36.62259],[75.74442,36.6077],[75.80702,36.56342],[75.85243,36.55834],[75.8668,36.54555],[75.89078,36.53277],[75.94504,36.51161],[76.01006,36.49513],[76.05333,36.4913],[76.07115,36.48424],[76.09169,36.47462],[76.11172,36.45966],[76.14462,36.42855],[76.16395,36.40645],[76.17672,36.40088],[76.20073,36.397],[76.23026,36.38142],[76.24409,36.3716],[76.2665,36.35884],[76.2744,36.35655],[76.33992,36.36974],[76.35393,36.36945],[76.3798,36.3469],[76.41339,36.32803],[76.4375,36.31035],[76.4485,36.27201],[76.44566,36.26562],[76.43678,36.25783],[76.4482,36.24634],[76.46825,36.24027],[76.48098,36.21973],[76.51032,36.21067],[76.54929,36.20216],[76.56539,36.18617],[76.59409,36.17832],[76.61691,36.17802],[76.64468,36.19771],[76.65592,36.19218],[76.6703,36.17391],[76.71112,36.14013],[76.71644,36.12722],[76.71526,36.10818],[76.72009,36.0977],[76.75218,36.08002],[76.78375,36.07193],[76.7982,36.06199],[76.81369,36.04063],[76.81345,36.03108],[76.81041,36.02292],[76.7877,36.01667],[76.77036,35.99811],[76.759,35.98034],[76.73626,35.96632],[76.73286,35.96176],[76.73214,35.95464],[76.73939,35.94638],[76.75778,35.932],[76.78299,35.9052],[76.79877,35.87963],[76.80748,35.84975],[76.82353,35.84149],[76.86115,35.83595],[76.88739,35.81264],[76.9038,35.80794],[76.92505,35.79333],[76.93558,35.78903],[76.95699,35.78995],[76.98244,35.7876],[77.001,35.77556],[77.01048,35.77491],[77.04522,35.77729],[77.09111,35.79503],[77.11566,35.79811],[77.12701,35.79432],[77.13234,35.78916],[77.13504,35.78],[77.14578,35.77746],[77.15219,35.76864],[77.16208,35.76495],[77.17636,35.76813],[77.16903,35.74054],[77.17968,35.73022],[77.19164,35.73237],[77.21301,35.73325],[77.24192,35.70848],[77.25834,35.70432],[77.27639,35.70842],[77.28031,35.71771],[77.28744,35.72259],[77.29908,35.708],[77.3124,35.70227],[77.32107,35.70105],[77.3326,35.71279],[77.33555,35.71975],[77.34375,35.72096],[77.36587,35.71519],[77.37801,35.70534],[77.38533,35.69165],[77.40183,35.68149],[77.40281,35.66347],[77.41156,35.65626],[77.42807,35.65985],[77.43794,35.65614],[77.44103,35.63737],[77.44174,35.61698],[77.44013,35.60213],[77.44656,35.59389],[77.45865,35.59062],[77.47188,35.58427],[77.47561,35.57143],[77.46522,35.55005],[77.4735,35.53867],[77.48276,35.52962],[77.47981,35.52265],[77.47342,35.51773],[77.45817,35.51884],[77.443,35.51396],[77.43052,35.51367],[77.41181,35.5234],[77.38866,35.53944],[77.36197,35.54316],[77.33204,35.53035],[77.33008,35.5257],[77.34549,35.51921],[77.35293,35.50671],[77.35468,35.49581],[77.36322,35.48682],[77.37676,35.48345],[77.38524,35.47386],[77.41884,35.46664],[77.44366,35.45946],[77.47426,35.46501],[77.49614,35.47778],[77.55664,35.47574],[77.62862,35.46504],[77.63713,35.4692],[77.64703,35.47924],[77.6531,35.48118],[77.67335,35.46591],[77.68516,35.46682],[77.68575,35.47217],[77.70779,35.47292],[77.72877,35.47733],[77.72616,35.51285],[77.73587,35.5211],[77.74912,35.50873],[77.76739,35.49539],[77.78632,35.48798],[77.80348,35.49088],[77.80963,35.49999],[77.82205,35.50624],[77.82924,35.5051],[77.83799,35.49186],[77.85263,35.48537],[77.86257,35.47623],[77.86949,35.47271],[77.88613,35.47743],[77.89375,35.46728],[77.91208,35.46109],[77.9189,35.46955],[77.92099,35.48795],[77.92932,35.49031],[77.97727,35.44892],[77.98525,35.4483],[77.986,35.45483],[77.97054,35.4668],[77.96032,35.48614],[77.93927,35.50691],[77.93752,35.51722],[77.96346,35.55834],[77.96794,35.57177],[77.95377,35.60158],[77.95781,35.60487],[77.99071,35.58499],[78.0014,35.58237],[78.03688,35.58503],[78.05556,35.58179],[78.07494,35.55933],[78.08435,35.55202],[78.09286,35.54956],[78.10575,35.55335],[78.13158,35.54236],[78.13677,35.53657],[78.14907,35.5416],[78.15724,35.54874],[78.16491,35.55174],[78.16046,35.57005],[78.1596,35.58149],[78.17064,35.5944],[78.17341,35.60556],[78.16983,35.625],[78.17599,35.62751],[78.19744,35.62284],[78.19592,35.63493],[78.2077,35.64778],[78.20699,35.66041],[78.21205,35.666],[78.25588,35.64579],[78.26561,35.64742],[78.26868,35.65439],[78.2827,35.66164],[78.28451,35.66449],[78.27719,35.67704],[78.27749,35.69199],[78.27552,35.7125],[78.27695,35.71837],[78.29793,35.72809],[78.33796,35.71894],[78.40386,35.73585],[78.40866,35.73906],[78.40907,35.74861],[78.41241,35.75193],[78.41594,35.76303],[78.42612,35.7682],[78.43024,35.77805],[78.44267,35.78364],[78.47543,35.77503],[78.51254,35.77204],[78.53416,35.76251],[78.56027,35.77777],[78.61003,35.81205],[78.62168,35.81111],[78.64643,35.82107],[78.66522,35.8363],[78.67331,35.8542],[78.69524,35.859],[78.71053,35.85774],[78.72831,35.86467],[78.74892,35.86477],[78.78622,35.86888],[78.81999,35.8565],[78.83907,35.85612],[78.87223,35.86234],[78.92512,35.86751],[78.95211,35.87723],[78.9692,35.89017],[78.98239,35.88966],[79.01315,35.85951],[79.03225,35.84772],[79.14242,35.83476],[79.16467,35.83819],[79.18164,35.85357],[79.21276,35.87787],[79.20951,35.90391],[79.20449,35.9277],[79.21313,35.95452],[79.2309,35.97216],[79.2517,35.98475],[79.35803,35.99173],[79.40093,35.99279],[79.41035,35.98598],[79.43027,35.90814],[79.4402,35.89408],[79.46804,35.88745],[79.53623,35.87964],[79.56238,35.86594],[79.61925,35.8453],[79.68231,35.83247],[79.72838,35.81395],[79.75109,35.79692],[79.82847,35.78692],[79.88709,35.77439],[79.89896,35.77511],[79.90454,35.7782],[79.91538,35.7928],[79.93834,35.80988],[79.9677,35.82518],[79.9997,35.82764],[80.01569,35.82616],[80.04261,35.80269],[80.06214,35.7685],[80.07751,35.72569],[80.10052,35.70616],[80.11216,35.68948],[80.1289,35.65673],[80.21308,35.63866],[80.26859,35.61543],[80.31171,35.58796],[80.31794,35.56456],[80.31346,35.54339],[80.31463,35.53608],[80.32683,35.52892],[80.33459,35.49578],[80.34508,35.46117],[80.33978,35.44967],[80.32121,35.43764],[80.29848,35.41699],[80.29616,35.3902],[80.29748,35.35287],[80.28392,35.31394],[80.25121,35.24802],[80.24266,35.20802],[80.22623,35.17956],[80.19916,35.1533],[80.18503,35.13063],[80.18805,35.05291],[80.1869,35.008],[80.17142,34.96504],[80.12724,34.87255],[80.08976,34.82805],[80.075,34.80542],[80.06921,34.76874],[80.06932,34.70089],[80.06531,34.69286],[80.04328,34.68592],[80.00427,34.68236],[79.97372,34.67681],[79.94466,34.6609],[79.92156,34.67265],[79.87826,34.67486],[79.87514,34.66794],[79.85824,34.6665],[79.82936,34.63555],[79.7766,34.61038],[79.77549,34.60208],[79.78991,34.59055],[79.79438,34.58054],[79.77709,34.56532],[79.76882,34.55227],[79.76978,34.53778],[79.80911,34.52276],[79.82104,34.51446],[79.8161,34.48309],[79.80385,34.47282],[79.79144,34.46675],[79.75381,34.46721],[79.74442,34.46206],[79.72588,34.46976],[79.68181,34.47079],[79.66286,34.47551],[79.65339,34.48057],[79.6335,34.47818],[79.6148,34.47927],[79.59839,34.48676],[79.58353,34.4785],[79.54035,34.46979],[79.52215,34.46362],[79.52146,34.45828],[79.52803,34.44209],[79.52755,34.41632],[79.53163,34.40875],[79.54333,34.4041],[79.5667,34.40559],[79.56894,34.40059],[79.56136,34.38147],[79.56998,34.33687],[79.56851,34.3202],[79.5796,34.29999],[79.59696,34.278],[79.59739,34.26476],[79.59214,34.23582],[79.57101,34.21252],[79.54006,34.19131],[79.53242,34.1992],[79.51314,34.20094],[79.50372,34.19518],[79.49369,34.18468],[79.49096,34.14711],[79.49595,34.12445],[79.46603,34.09412],[79.44697,34.08623],[79.42751,34.08077],[79.42111,34.07594],[79.41453,34.04171],[79.42985,34.03194],[79.44288,34.02117],[79.43745,34.01265],[79.41551,33.99901],[79.37367,34.02675],[79.30051,34.02965],[79.28294,34.02761],[79.2604,34.0374],[79.23208,34.0471],[79.21841,34.0417],[79.20599,34.04039],[79.18685,34.04867],[79.17293,34.05829],[79.14801,34.05507],[79.14667,34.03298],[79.13823,34.01752],[79.11265,34.00894],[79.08035,34.00995],[79.02483,34.03276],[79.00115,34.03361],[78.95321,34.01313],[78.92565,33.98249],[78.91832,33.96392],[78.9227,33.95275],[78.94534,33.9262],[78.98673,33.83623],[79.00233,33.80548],[79.00961,33.79465],[79.01319,33.78294],[79.03035,33.78805],[79.04361,33.7791],[79.06045,33.77583],[79.0641,33.76471],[79.05872,33.75618],[79.03798,33.74538],[79.01978,33.71455],[79.01611,33.70226],[79.022,33.68615],[79.04632,33.67383],[79.078,33.68608],[79.08171,33.67555],[79.09038,33.63578],[79.10015,33.61632],[79.09537,33.61254],[79.06609,33.6193],[79.03082,33.62417],[78.98945,33.61455],[78.96425,33.61373],[78.94033,33.61759],[78.92716,33.62712],[78.90949,33.62924],[78.90286,33.62201],[78.91452,33.60601],[78.90735,33.58262],[78.90626,33.57371],[78.92325,33.56025],[78.94377,33.52607],[78.94124,33.51128],[78.92747,33.48666],[78.92708,33.45429],[78.93998,33.41356],[78.95537,33.38162],[78.9718,33.36399],[78.97842,33.33641],[78.98703,33.33086],[79.01604,33.32834],[79.08156,33.29741],[79.10769,33.28911],[79.14903,33.29388],[79.22368,33.29628],[79.26134,33.28874],[79.30013,33.27327],[79.33112,33.2753],[79.35558,33.28211],[79.39393,33.27446],[79.44611,33.25773],[79.45177,33.235],[79.44304,33.20036],[79.4228,33.16496],[79.37322,33.10638],[79.36816,33.08342],[79.38715,33.04207],[79.38032,33.02767],[79.35674,33.01598],[79.3249,33.01224],[79.32994,33.00698],[79.33998,33.00188],[79.34623,32.98931],[79.35338,32.98386],[79.35808,32.98163],[79.36817,32.98252],[79.37172,32.9768],[79.36895,32.96624],[79.3771,32.9631],[79.3976,32.96185],[79.41395,32.94475],[79.42096,32.93271],[79.43335,32.92378],[79.44606,32.91181],[79.46549,32.88001],[79.51771,32.82659],[79.53395,32.80348],[79.53811,32.78636],[79.55708,32.76772],[79.57035,32.7659],[79.58815,32.76606],[79.59441,32.75948],[79.59794,32.74834],[79.61186,32.73504],[79.60962,32.72323],[79.59241,32.711],[79.58021,32.6935],[79.57234,32.68762],[79.56724,32.67007],[79.53749,32.65959],[79.52526,32.63068],[79.47472,32.57404],[79.45879,32.56589],[79.4515,32.55875],[79.43866,32.53589],[79.42929,32.52353],[79.41655,32.51808],[79.39662,32.51749],[79.38453,32.5228],[79.37903,32.53531],[79.37299,32.56048],[79.36237,32.56625],[79.33945,32.57012],[79.32497,32.58465],[79.31187,32.58763],[79.30526,32.58582],[79.29357,32.57186],[79.28133,32.54774],[79.25975,32.52265],[79.24093,32.51954],[79.23023,32.51329],[79.18209,32.47376],[79.15347,32.4715],[79.13894,32.46859],[79.13201,32.46981],[79.12504,32.46502],[79.12136,32.45814],[79.13517,32.4323],[79.12976,32.41717],[79.1134,32.41081],[79.10387,32.39665],[79.09924,32.38205],[79.09368,32.37713],[79.04541,32.38741],[79.00355,32.37488],[78.98334,32.34844],[78.97119,32.33569],[78.95876,32.34399],[78.94671,32.36125],[78.85994,32.41023],[78.8394,32.43362],[78.82245,32.43388],[78.8067,32.44425],[78.80455,32.45584],[78.77483,32.50537],[78.77011,32.52903],[78.75916,32.56779],[78.78236,32.59581],[78.77546,32.62101],[78.7622,32.62875],[78.74334,32.65498],[78.74975,32.66703],[78.75321,32.68414],[78.7507,32.69276],[78.74058,32.69123],[78.722,32.6664],[78.70871,32.65613],[78.68026,32.65555],[78.6568,32.64914],[78.64837,32.64386],[78.62934,32.62086],[78.61459,32.5981],[78.60526,32.59109],[78.58771,32.60457],[78.56551,32.61485],[78.54284,32.60895],[78.52431,32.6081],[78.51533,32.60406],[78.50342,32.58705],[78.47556,32.57918],[78.45128,32.5776],[78.42766,32.56336],[78.40727,32.5261],[78.40987,32.52401],[78.39952,32.5246],[78.39894,32.5209],[78.39419,32.5148],[78.38601,32.51301],[78.37856,32.50645],[78.36514,32.4994],[78.36761,32.49373],[78.36654,32.48544],[78.36378,32.48227],[78.34971,32.47746],[78.34998,32.47334],[78.35314,32.46985],[78.34897,32.46433],[78.34055,32.46273],[78.32844,32.46501],[78.32575,32.45964],[78.32844,32.45403],[78.3342,32.45105],[78.33366,32.44811],[78.32982,32.44351],[78.32083,32.44403],[78.31144,32.44633],[78.30852,32.45116],[78.29929,32.45654],[78.29785,32.46234],[78.28737,32.46299],[78.28469,32.46887],[78.28566,32.47155],[78.29127,32.47532],[78.28953,32.47934],[78.28575,32.48239],[78.28995,32.48514],[78.29264,32.48984],[78.29252,32.49897],[78.30113,32.50387],[78.3067,32.5115],[78.30455,32.51743],[78.30866,32.52555],[78.30697,32.53754],[78.30904,32.5431],[78.31297,32.54511],[78.3155,32.54967],[78.31245,32.55147],[78.31447,32.5602],[78.31336,32.56556],[78.32084,32.57135],[78.33149,32.57662],[78.34328,32.57808],[78.35056,32.58896],[78.3629,32.58966],[78.36617,32.59366],[78.37859,32.59794],[78.37961,32.60455],[78.38414,32.60894],[78.3896,32.60999],[78.39079,32.61488],[78.39753,32.61761],[78.40231,32.61707],[78.40363,32.61967],[78.40966,32.62313],[78.40838,32.6271],[78.40135,32.62831],[78.39161,32.63343],[78.38786,32.64078],[78.38775,32.64513],[78.38142,32.65413],[78.38651,32.66468],[78.38714,32.67725],[78.39168,32.68537],[78.40074,32.6942],[78.39721,32.6985],[78.39699,32.70757],[78.38887,32.71184],[78.38537,32.71956],[78.38466,32.7317],[78.38944,32.74069],[78.38656,32.74523],[78.38596,32.74965],[78.388,32.75669],[78.3649,32.75334],[78.35705,32.7577],[78.33326,32.74971],[78.31285,32.73978],[78.30988,32.7351],[78.30585,32.73248],[78.3139,32.72081],[78.31473,32.71739],[78.30685,32.71043],[78.30601,32.70712],[78.30179,32.70411],[78.2946,32.70363],[78.29318,32.70034],[78.27391,32.70253],[78.26849,32.7011],[78.26054,32.7029],[78.25577,32.69706],[78.2538,32.69202],[78.25441,32.68918],[78.2459,32.6716],[78.23223,32.67171],[78.21895,32.66463],[78.20394,32.66706],[78.20129,32.67043],[78.19692,32.67052],[78.17576,32.68101],[78.17115,32.68047],[78.16548,32.68311],[78.15836,32.68399],[78.14973,32.68175],[78.14238,32.68183],[78.14788,32.67187],[78.14719,32.65396],[78.13664,32.65447],[78.1271,32.65223],[78.12062,32.66073],[78.11676,32.66027],[78.11049,32.66277],[78.0926,32.64784],[78.09592,32.6444],[78.0992,32.63644],[78.09886,32.63036],[78.09171,32.62851],[78.08753,32.62465],[78.08134,32.62622],[78.07471,32.63094],[78.06788,32.62663],[78.06088,32.62642],[78.05639,32.63468],[78.04702,32.64531],[78.04276,32.64032],[78.03402,32.63693],[78.03345,32.63381],[78.02516,32.62723],[78.02903,32.6235],[78.01589,32.61961],[78.01282,32.62181],[78.01186,32.62499],[78.00329,32.62457],[77.99519,32.62744],[77.99151,32.63064],[77.9917,32.63254],[77.98757,32.63614],[77.98466,32.6415],[77.97056,32.64636],[77.97227,32.65292],[77.97091,32.65497],[77.96585,32.65757],[77.95512,32.65819],[77.94744,32.66088],[77.9428,32.66559],[77.94096,32.6734],[77.93457,32.68114],[77.93106,32.68201],[77.92665,32.68628],[77.91862,32.69054],[77.91829,32.69627],[77.92246,32.69905],[77.92155,32.70316],[77.92282,32.70643],[77.92163,32.70844],[77.92455,32.71127],[77.92485,32.71723],[77.92829,32.72224],[77.93439,32.72586],[77.93161,32.73171],[77.9263,32.73482],[77.92703,32.73648],[77.93066,32.73696],[77.92926,32.74253],[77.93291,32.74655],[77.93143,32.75048],[77.93413,32.7565],[77.93293,32.76129],[77.92723,32.76572],[77.92572,32.772],[77.91624,32.77384],[77.90368,32.77188],[77.89456,32.77826],[77.89183,32.78287],[77.88419,32.78755],[77.88795,32.79869],[77.8811,32.80413],[77.88209,32.81036],[77.87851,32.81918],[77.87127,32.82248],[77.86919,32.82703],[77.8554,32.83234],[77.84687,32.83898],[77.83901,32.84201],[77.83532,32.84067],[77.83244,32.83627],[77.82612,32.83619],[77.81593,32.8483],[77.80549,32.84988],[77.79766,32.85629],[77.79186,32.85593],[77.78096,32.86579],[77.78398,32.88285],[77.78947,32.89061],[77.79327,32.8931],[77.80246,32.89333],[77.80666,32.89555],[77.81069,32.90016],[77.81175,32.90454],[77.81063,32.90703],[77.79973,32.91244],[77.79456,32.91999],[77.7876,32.92347],[77.77183,32.93802],[77.7658,32.94154],[77.76475,32.94358],[77.76651,32.94629],[77.76354,32.94905],[77.75091,32.95456],[77.74977,32.95773],[77.74449,32.962],[77.74101,32.96903],[77.73282,32.97178],[77.73095,32.97455],[77.72493,32.96932],[77.71957,32.96866],[77.7141,32.97633],[77.71315,32.98246],[77.6975,32.97938],[77.69778,32.98271],[77.68952,32.98802],[77.68249,32.9888],[77.68072,32.98379],[77.68202,32.97477],[77.67873,32.96958],[77.67407,32.96735],[77.67413,32.96119],[77.66413,32.95831],[77.65601,32.95888],[77.65269,32.95488],[77.64358,32.94922],[77.64316,32.94651],[77.60311,32.94293],[77.59436,32.92594],[77.57725,32.91445],[77.56372,32.9123],[77.55039,32.90031],[77.54539,32.8916],[77.53847,32.88608],[77.51258,32.87736],[77.50149,32.88558],[77.49719,32.88037],[77.49103,32.87961],[77.48619,32.87369],[77.48082,32.87054],[77.47494,32.86161],[77.4692,32.85868],[77.46119,32.85998],[77.45207,32.86409],[77.44782,32.87026],[77.44796,32.87531],[77.44481,32.8799],[77.43956,32.87924],[77.43331,32.87593],[77.42798,32.87561],[77.41344,32.88412],[77.4045,32.88274],[77.39589,32.87717],[77.39422,32.87132],[77.38779,32.86355],[77.38146,32.86192],[77.37501,32.85574],[77.37545,32.85008],[77.37987,32.84426],[77.37924,32.83892],[77.3766,32.83708],[77.37287,32.8232],[77.35315,32.81599],[77.33857,32.81691],[77.33679,32.81904],[77.33602,32.82498],[77.33203,32.8261],[77.32968,32.83047],[77.327,32.83149],[77.32534,32.83551],[77.32874,32.84297],[77.3219,32.85154],[77.30949,32.8516],[77.30086,32.84986],[77.29044,32.85708],[77.28607,32.86449],[77.27399,32.87385],[77.26629,32.86883],[77.26269,32.86409],[77.25427,32.86394],[77.25524,32.86602],[77.25331,32.86934],[77.25,32.87236],[77.24426,32.87267],[77.23759,32.88018],[77.23726,32.88335],[77.23997,32.88439],[77.24299,32.89216],[77.23367,32.89444],[77.21913,32.90407],[77.20292,32.90655],[77.19341,32.9164],[77.19287,32.92344],[77.18797,32.92874],[77.1785,32.92313],[77.17393,32.91333],[77.17044,32.91067],[77.15574,32.91158],[77.15988,32.91304],[77.16389,32.91823],[77.16171,32.93171],[77.16454,32.93648],[77.15947,32.93825],[77.16194,32.95064],[77.16113,32.95266],[77.14873,32.95616],[77.14922,32.96058],[77.14736,32.9657],[77.14931,32.96924],[77.15045,32.97821],[77.14678,32.97851],[77.14217,32.98149],[77.13372,32.98007],[77.11602,32.98467],[77.11161,32.97914],[77.11076,32.97514],[77.09684,32.9715],[77.08652,32.97241],[77.08185,32.97528],[77.08266,32.97844],[77.08016,32.98301],[77.07119,32.98441],[77.05704,32.9916],[77.04739,32.99862],[77.03894,32.99765],[77.03163,32.98971],[77.02387,32.99132],[77.00951,32.98865],[76.9959,32.99757],[76.99231,33.00179],[76.98901,33.00262],[76.98082,33.0],[76.97135,33.00028],[76.96812,33.00418],[76.96373,33.00517],[76.9606,33.00914],[76.96145,33.01129],[76.95966,33.01534],[76.9507,33.01818],[76.94097,33.02832],[76.93299,33.02817],[76.92869,33.03165],[76.92577,33.03827],[76.92546,33.04742],[76.91421,33.06338],[76.91089,33.07601],[76.9052,33.07952],[76.90569,33.08504],[76.90996,33.08962],[76.90871,33.09457],[76.89771,33.09869],[76.89749,33.10085],[76.89255,33.10591],[76.89327,33.10992],[76.89152,33.11412],[76.8851,33.12138],[76.87724,33.11884],[76.87051,33.11336],[76.86243,33.11272],[76.85507,33.11438],[76.84923,33.12043],[76.85291,33.12569],[76.84891,33.12871],[76.84299,33.13033],[76.84397,33.13778],[76.83881,33.14122],[76.83481,33.14065],[76.83005,33.14284],[76.82964,33.14659],[76.82312,33.15037],[76.81688,33.15988],[76.81737,33.16673],[76.81319,33.171],[76.81354,33.17724],[76.81884,33.17989],[76.82238,33.18507],[76.81739,33.19414],[76.82364,33.19762],[76.8293,33.20325],[76.83446,33.20485],[76.83406,33.20859],[76.83131,33.20995],[76.83176,33.21233],[76.82561,33.21569],[76.82839,33.21856],[76.82771,33.22257],[76.83185,33.22911],[76.83769,33.23403],[76.84052,33.23959],[76.84461,33.24227],[76.84317,33.24674],[76.83071,33.24919],[76.82352,33.24333],[76.8224,33.23678],[76.82006,33.23584],[76.80684,33.24498],[76.80344,33.25295],[76.79915,33.25624],[76.793,33.25636],[76.78484,33.25346],[76.77743,33.25377],[76.76767,33.24831],[76.75648,33.24846],[76.75238,33.24959],[76.73705,33.2611],[76.73848,33.26868],[76.7325,33.27554],[76.73271,33.28151],[76.72773,33.28348],[76.72986,33.28871],[76.72847,33.29104],[76.72982,33.29676],[76.73211,33.29933],[76.72924,33.30246],[76.72855,33.30822],[76.72524,33.31134],[76.72588,33.31516],[76.71775,33.32897],[76.71208,33.33108],[76.70537,33.32807],[76.69647,33.32781],[76.68238,33.33677],[76.67388,33.33927],[76.67102,33.34185],[76.67242,33.34916],[76.65864,33.35757],[76.65839,33.36469],[76.65198,33.37044],[76.65148,33.38342],[76.641,33.39098],[76.63647,33.40184],[76.63841,33.40343],[76.63212,33.40919],[76.63612,33.41144],[76.63698,33.41553],[76.62955,33.4239],[76.62896,33.43489],[76.62051,33.43956],[76.61645,33.43992],[76.61327,33.43893],[76.61088,33.4349],[76.60576,33.43167],[76.60021,33.43143],[76.59341,33.42576],[76.58185,33.42579],[76.57795,33.42956],[76.57999,33.43831],[76.57706,33.44335],[76.57654,33.45298],[76.56949,33.46617],[76.56342,33.46252],[76.55764,33.46203],[76.55409,33.46411],[76.54964,33.46405],[76.54548,33.46873],[76.54091,33.47068],[76.53477,33.48219],[76.52784,33.48349],[76.52291,33.49338],[76.51442,33.49514],[76.5078,33.49957],[76.5067,33.50998],[76.50205,33.51598],[76.49927,33.51742],[76.49188,33.51691],[76.47909,33.52683],[76.46995,33.52768],[76.45916,33.53389],[76.45849,33.53852],[76.46467,33.54523],[76.4624,33.55162],[76.45783,33.55427],[76.45072,33.5625],[76.44735,33.56429],[76.44338,33.55979],[76.43996,33.54743],[76.43588,33.54219],[76.4264,33.53728],[76.4152,33.53908],[76.41024,33.54313],[76.37992,33.55292],[76.37928,33.55821],[76.37475,33.56588],[76.38073,33.57695],[76.36646,33.58575],[76.36004,33.59454],[76.35865,33.60369],[76.34692,33.60494],[76.33624,33.61051],[76.3295,33.60427],[76.32218,33.60227],[76.31745,33.60718],[76.30651,33.60956],[76.2996,33.59824],[76.30182,33.58976],[76.31014,33.57861],[76.30978,33.57146],[76.30234,33.56736],[76.27787,33.56752],[76.25964,33.56502],[76.24574,33.54554],[76.24123,33.54831],[76.23192,33.54519],[76.22503,33.54759],[76.21977,33.55532],[76.20914,33.56646],[76.20549,33.56771],[76.20544,33.5692],[76.20648,33.57328],[76.21787,33.57366],[76.22522,33.57728],[76.2314,33.58695],[76.22792,33.5941],[76.22412,33.59684],[76.22422,33.60031],[76.23071,33.60304],[76.23865,33.60244],[76.24034,33.60485],[76.24096,33.60959],[76.23723,33.61759],[76.23281,33.62316],[76.22778,33.62563],[76.22937,33.62983],[76.24891,33.63864],[76.25304,33.63808],[76.26556,33.64351],[76.27048,33.64331],[76.27412,33.65232],[76.28004,33.65468],[76.28465,33.66184],[76.27352,33.66935],[76.2705,33.67559],[76.26621,33.67953],[76.2696,33.6851],[76.26472,33.68942],[76.26569,33.69743],[76.26311,33.70305],[76.26618,33.70694],[76.26324,33.71209],[76.26713,33.71709],[76.26741,33.72468],[76.27117,33.73075],[76.26578,33.73378],[76.26726,33.74038],[76.26524,33.74688],[76.26021,33.75],[76.25097,33.75183],[76.24786,33.75456],[76.24708,33.75853],[76.23611,33.75987],[76.21885,33.75873],[76.21258,33.76118],[76.2108,33.77119],[76.20036,33.77564],[76.19867,33.78723],[76.18474,33.80015],[76.16725,33.79782],[76.16138,33.80185],[76.15975,33.80847],[76.16324,33.81741],[76.16598,33.81935],[76.16264,33.8212],[76.15687,33.82999],[76.15998,33.83692],[76.15425,33.8406],[76.1554,33.84725],[76.14908,33.85015],[76.14951,33.85362],[76.14255,33.86646],[76.13754,33.87008],[76.13847,33.87242],[76.13668,33.8786],[76.12501,33.88528],[76.12296,33.88905],[76.1179,33.88872],[76.10725,33.89185],[76.10024,33.89626],[76.0969,33.90041],[76.09191,33.90243],[76.08258,33.90348],[76.07008,33.90887],[76.04776,33.91242],[76.03804,33.91887],[76.03257,33.91966],[76.03389,33.92417],[76.04137,33.92529],[76.04938,33.93191],[76.04947,33.93386],[76.04826,33.94036],[76.04292,33.95255],[76.02654,33.97163],[76.02436,33.98212],[76.01795,33.97507],[76.01219,33.97439],[76.00542,33.97674],[75.99053,33.97239],[75.9782,33.97219],[75.97271,33.96252],[75.96883,33.96016],[75.96654,33.95452],[75.9587,33.95685],[75.9496,33.95589],[75.94286,33.96046],[75.91745,33.96295],[75.90854,33.96888],[75.89856,33.96744],[75.8932,33.96909],[75.88672,33.96827],[75.87356,33.96205],[75.85249,33.96225],[75.84525,33.95447],[75.83824,33.95496],[75.83065,33.95874],[75.82212,33.96558],[75.81963,33.97221],[75.8256,33.97781],[75.83024,33.9924],[75.84161,33.99957],[75.84371,34.00324],[75.84306,34.00478],[75.8358,34.00714],[75.82783,34.00626],[75.81827,34.00751],[75.81429,34.01451],[75.79984,34.02298],[75.79754,34.02598],[75.79694,34.03045],[75.78671,34.0312],[75.7797,34.03762],[75.76919,34.04128],[75.76769,34.04381],[75.76852,34.05492],[75.75517,34.05674],[75.75,34.05485],[75.74148,34.05616],[75.73703,34.05891],[75.74254,34.07326],[75.73475,34.07895],[75.73337,34.08411],[75.7251,34.08966],[75.72148,34.0944],[75.7188,34.10325],[75.70774,34.10724],[75.69684,34.11343],[75.68736,34.11605],[75.68563,34.12091],[75.69125,34.12761],[75.68316,34.13243],[75.68229,34.13556],[75.68571,34.14216],[75.68235,34.14404],[75.67361,34.14516],[75.66795,34.14429],[75.67016,34.14998],[75.67814,34.15378],[75.68005,34.16246],[75.68448,34.16678],[75.68278,34.17059],[75.68411,34.17802],[75.68805,34.18486],[75.6873,34.18694],[75.69072,34.19527],[75.68529,34.19956],[75.68054,34.20096],[75.67075,34.19803],[75.66242,34.19913],[75.65739,34.20294],[75.6549,34.20796],[75.64812,34.212],[75.63701,34.20979],[75.62607,34.20131],[75.62179,34.20179],[75.6046,34.19519],[75.59336,34.19769],[75.57993,34.21397],[75.57026,34.21137],[75.55533,34.21141],[75.53824,34.22308],[75.53427,34.22366],[75.52973,34.22683],[75.52313,34.229],[75.51459,34.22671],[75.5029,34.23435],[75.49536,34.2324],[75.49696,34.23764],[75.4959,34.24097],[75.48858,34.24662],[75.48238,34.25506],[75.48379,34.2587],[75.48105,34.2624],[75.48295,34.26904],[75.48217,34.27165],[75.47485,34.27759],[75.47011,34.27939],[75.45918,34.27942],[75.45362,34.28592],[75.44424,34.28033],[75.43949,34.27949],[75.43737,34.28248],[75.43087,34.28357],[75.42612,34.28219],[75.42263,34.2839],[75.41922,34.28189],[75.41089,34.28469],[75.4035,34.28469],[75.39284,34.29708],[75.38892,34.30548],[75.39027,34.31103],[75.39605,34.31672],[75.38467,34.32824],[75.38398,34.33672],[75.37602,34.34195],[75.38577,34.34989],[75.38476,34.35402],[75.38051,34.3583],[75.38571,34.36614],[75.37338,34.3715],[75.37676,34.37567],[75.37878,34.38206],[75.37795,34.38511],[75.37714,34.38714],[75.36697,34.39103],[75.3666,34.39774],[75.36963,34.40176],[75.37234,34.4126],[75.36512,34.41848],[75.35738,34.418],[75.35249,34.42515],[75.3351,34.42927],[75.3342,34.43324],[75.3297,34.43623],[75.32754,34.43977],[75.33317,34.44295],[75.33291,34.44709],[75.33049,34.4503],[75.3326,34.45193],[75.33723,34.45167],[75.34016,34.46056],[75.34905,34.46346],[75.35324,34.46879],[75.34965,34.4753],[75.35024,34.48014],[75.34459,34.48505],[75.34292,34.48944],[75.34733,34.49556],[75.34738,34.5027],[75.35293,34.51759],[75.3572,34.52129],[75.36612,34.52145],[75.36638,34.52446],[75.36418,34.52899],[75.36557,34.5381],[75.36111,34.54017],[75.36176,34.54209],[75.35562,34.54687],[75.35267,34.55315],[75.34416,34.56303],[75.3379,34.56474],[75.33366,34.56801],[75.32853,34.56879],[75.3199,34.56484],[75.31504,34.56965],[75.31181,34.57686],[75.30636,34.57875],[75.29956,34.58694],[75.28971,34.58917],[75.28637,34.59543],[75.27799,34.59439],[75.26912,34.59792],[75.26553,34.60226],[75.25337,34.60413],[75.25326,34.6075],[75.25834,34.61459],[75.25664,34.62151],[75.25407,34.62828],[75.2415,34.63778],[75.23288,34.63616],[75.22993,34.63303],[75.22533,34.63463],[75.22062,34.63383],[75.21272,34.63812],[75.20807,34.63868],[75.20603,34.64378],[75.20948,34.64767],[75.21818,34.6516],[75.20446,34.6535],[75.20791,34.66542],[75.23207,34.69082],[75.25827,34.69757],[75.2543,34.72169],[75.26256,34.73168],[75.26357,34.74458],[75.25093,34.74986],[75.25625,34.77389],[75.23966,34.80183],[75.22324,34.81752],[75.19062,34.83493],[75.17257,34.84267],[75.15809,34.84548],[75.14423,34.85028],[75.14197,34.87495],[75.1013,34.9191],[75.07164,34.9192],[75.06412,34.90524],[75.06362,34.87081],[75.06528,34.85749],[75.06403,34.84711],[75.05712,34.84234],[75.04376,34.84336],[75.0311,34.84843],[75.01634,34.84825],[74.95674,34.80813],[74.95063,34.80174],[74.92982,34.78697],[74.9186,34.78511],[74.90731,34.79253],[74.90145,34.80165],[74.89857,34.80972],[74.88707,34.82228],[74.87215,34.83019],[74.86104,34.82833],[74.85322,34.8311],[74.83969,34.84074],[74.82325,34.83736],[74.81329,34.84362],[74.80757,34.85048],[74.79846,34.85207],[74.78785,34.85246],[74.77694,34.84077],[74.76276,34.84408],[74.75017,34.84499],[74.74026,34.84836],[74.73948,34.85411],[74.72944,34.86325],[74.71669,34.86649],[74.71145,34.88092],[74.70167,34.88303],[74.69822,34.88072],[74.68415,34.8788],[74.66409,34.9004],[74.66253,34.90677],[74.6464,34.90364],[74.63434,34.90986],[74.62008,34.92063],[74.60423,34.9248],[74.59653,34.9218],[74.59032,34.91584],[74.57701,34.91392],[74.56975,34.96228],[74.57053,34.97563],[74.5763,34.98654],[74.58502,34.99794],[74.58778,35.00636],[74.58509,35.01812],[74.57837,35.02432],[74.56047,35.02602],[74.55552,35.03135],[74.53073,35.04618],[74.52907,35.05129],[74.53007,35.06013],[74.53885,35.06856],[74.5398,35.07498],[74.51974,35.09285],[74.51224,35.10354],[74.49944,35.11559],[74.4585,35.12527],[74.43994,35.12594],[74.43874,35.13007],[74.42705,35.11951],[74.41529,35.11174],[74.41062,35.10129],[74.39956,35.09182],[74.38198,35.06782],[74.37566,35.066],[74.34752,35.06487],[74.30523,35.06763],[74.29271,35.06452],[74.29155,35.05467],[74.28823,35.04768],[74.26517,35.04086],[74.25587,35.0442],[74.24513,35.05211],[74.24141,35.06006],[74.2425,35.07224],[74.24022,35.07914],[74.23523,35.08139],[74.22698,35.0743],[74.22349,35.0736],[74.21993,35.07534],[74.21755,35.08223],[74.22022,35.08859],[74.21514,35.09372],[74.19131,35.09092],[74.15611,35.09088],[74.14467,35.09579],[74.13374,35.10465],[74.13367,35.11005],[74.12794,35.11612],[74.11902,35.11838],[74.11099,35.1253],[74.10586,35.12572],[74.10707,35.13027],[74.11364,35.13769],[74.11399,35.14421],[74.11227,35.14853],[74.10663,35.14796],[74.09581,35.14074],[74.09106,35.14161],[74.08517,35.14888],[74.08006,35.14949],[74.07213,35.15317],[74.06341,35.14705],[74.05116,35.14651],[74.0441,35.14979],[74.03381,35.14686],[74.02536,35.15269],[74.01656,35.16322],[74.00476,35.16773],[74.00498,35.17747],[74.00283,35.18365],[73.99963,35.18278],[74.0003,35.17999],[73.9777,35.18064],[73.95684,35.16804],[73.9417,35.18646],[73.92455,35.2039],[73.91521,35.20802],[73.89697,35.21169],[73.86623,35.20618],[73.86119,35.20714],[73.85278,35.21406],[73.84537,35.22463],[73.83481,35.22622],[73.80833,35.2395],[73.77051,35.236],[73.75657,35.22293],[73.74115,35.21485],[73.73353,35.20853],[73.72939,35.2097],[73.70798,35.22248],[73.71906,35.24247],[73.72498,35.27305],[73.69851,35.3101],[73.69484,35.31841],[73.69514,35.33221],[73.69289,35.35081],[73.6939,35.35939],[73.69544,35.36907],[73.69828,35.37573],[73.71486,35.39436],[73.72702,35.41899],[73.73959,35.42904],[73.7524,35.436],[73.79204,35.45422],[73.78542,35.47708],[73.78128,35.51241],[73.7785,35.52289],[73.72961,35.52949],[73.72529,35.53486],[73.72436,35.54366],[73.72126,35.54922],[73.67343,35.54465],[73.65884,35.54763],[73.65182,35.55102],[73.63795,35.56296],[73.62839,35.56905],[73.62212,35.56784],[73.60928,35.55816],[73.60172,35.55564],[73.58667,35.55395],[73.5616,35.54639],[73.5568,35.54684],[73.55025,35.55057],[73.53311,35.56573],[73.52792,35.5673],[73.52212,35.56619],[73.50726,35.55794],[73.50151,35.55757],[73.49592,35.5599],[73.48109,35.57125],[73.47736,35.5719],[73.39812,35.55708],[73.39184,35.5677],[73.37323,35.58893],[73.36348,35.59722],[73.32735,35.60622],[73.29973,35.61117],[73.26868,35.62439],[73.25989,35.62893],[73.2496,35.63847],[73.23118,35.65116],[73.21262,35.66892],[73.19432,35.67371],[73.1624,35.69322],[73.15767,35.70007],[73.1536,35.70035],[73.13796,35.70663],[73.13292,35.71078],[73.12811,35.71639],[73.12642,35.72102],[73.1265,35.77623],[73.13721,35.81919],[73.14119,35.82507],[73.14791,35.82875],[73.14866,35.83119],[73.14076,35.83827],[73.12029,35.84782],[73.10587,35.85751],[73.08388,35.87746],[73.06815,35.8777],[73.05804,35.86269],[73.02882,35.84706],[73.0123,35.84929],[73.00023,35.85777],[72.98708,35.85981],[72.97764,35.85743],[72.95827,35.84722],[72.92959,35.84025],[72.91844,35.83906],[72.89837,35.84078],[72.89245,35.84454],[72.88933,35.84884],[72.88904,35.85433],[72.89357,35.87139],[72.89113,35.87374],[72.88272,35.8755],[72.87278,35.87474],[72.83932,35.86713],[72.81916,35.88172],[72.8157,35.88008],[72.81254,35.86586],[72.80821,35.8591],[72.7966,35.86017],[72.78914,35.8577],[72.78743,35.85535],[72.78652,35.8425],[72.78429,35.84145],[72.77941,35.8426],[72.77519,35.84146],[72.76485,35.83315],[72.76144,35.8323],[72.74294,35.84473],[72.72658,35.85305],[72.72337,35.8522],[72.69987,35.83099],[72.68438,35.82253],[72.67792,35.82372],[72.64967,35.8389],[72.62814,35.85786],[72.62517,35.8578],[72.6188,35.85336],[72.60994,35.86156],[72.5851,35.85937],[72.58002,35.86438],[72.57048,35.8821],[72.56542,35.88759],[72.56057,35.88937],[72.55824,35.89766],[72.54303,35.89449],[72.53953,35.89574],[72.53161,35.9031],[72.51847,35.90548],[72.51503,35.92669],[72.51689,35.9321],[72.51365,35.93447],[72.51308,35.93867],[72.52635,35.95029],[72.53489,35.95064],[72.53445,35.95742],[72.53583,35.96107],[72.54241,35.96954],[72.54246,35.9742],[72.53867,35.98512],[72.53932,35.98622],[72.54883,35.98235],[72.55996,35.98696],[72.56226,35.98913],[72.55932,35.99358],[72.56729,35.99813],[72.56798,36.00144],[72.56878,35.99945],[72.56777,36.00284],[72.57112,36.00837],[72.58086,36.0133],[72.58353,36.01707],[72.58163,36.02173],[72.5846,36.02508],[72.5794,36.03583],[72.56876,36.04462],[72.56435,36.04723],[72.55833,36.04611],[72.53574,36.04729],[72.52592,36.05977],[72.51668,36.06733],[72.52081,36.09831],[72.52762,36.11022],[72.53415,36.11666],[72.54038,36.12769],[72.54781,36.13006],[72.5617,36.13989],[72.56123,36.14397],[72.55346,36.14671],[72.55072,36.15002],[72.55125,36.16132],[72.54913,36.16464],[72.53592,36.1733],[72.53578,36.17552],[72.54018,36.17913],[72.54452,36.18683],[72.54565,36.19542],[72.5505,36.19854],[72.54731,36.20541],[72.5575,36.21404],[72.56486,36.21436],[72.57395,36.2238],[72.57237,36.22852],[72.57274,36.23913],[72.57694,36.24255],[72.58072,36.25262],[72.58466,36.25689],[72.60512,36.2634],[72.61168,36.26949],[72.62396,36.26881],[72.64446,36.25841],[72.6622,36.25813],[72.66509,36.25569],[72.67023,36.25454],[72.68002,36.24334],[72.68483,36.24388],[72.68343,36.24929],[72.67417,36.26222],[72.68056,36.27103],[72.70756,36.27439],[72.71123,36.27625],[72.71341,36.27856],[72.71407,36.28474],[72.71975,36.28498],[72.72113,36.28982],[72.72655,36.29073],[72.73114,36.29826],[72.74825,36.3012],[72.75652,36.29727],[72.75918,36.29858],[72.76094,36.3007],[72.7609,36.30463],[72.76594,36.30842],[72.77032,36.30912],[72.7739,36.31593],[72.77825,36.3173],[72.78887,36.32611],[72.79994,36.32794],[72.80335,36.33081],[72.80603,36.34509],[72.80861,36.351],[72.81608,36.35644],[72.84009,36.36733],[72.85367,36.36635],[72.85097,36.37238],[72.86407,36.3789],[72.87412,36.39041],[72.87554,36.39456],[72.8718,36.40038],[72.87009,36.40748],[72.87067,36.41177],[72.87583,36.41694],[72.87461,36.41962],[72.85915,36.43366],[72.85967,36.43556],[72.88658,36.44434],[72.90461,36.4601],[72.90815,36.46092],[72.92361,36.45353],[72.92859,36.45493],[72.94606,36.46621],[72.94971,36.46193],[72.95558,36.45926],[72.96345,36.45838],[72.97345,36.45384],[72.97936,36.45732],[72.98247,36.46171],[72.98265,36.46564],[72.98792,36.46927],[72.98749,36.47284],[72.9823,36.47467],[72.97477,36.47352],[72.97423,36.47537],[72.97475,36.49433],[72.98276,36.50148],[72.97791,36.51153],[72.99029,36.51305],[72.99916,36.52006],[73.00017,36.51809],[73.01767,36.52503],[73.05195,36.53297],[73.05367,36.54094],[73.0525,36.54868],[73.06195,36.56119],[73.07802,36.56918],[73.0795,36.5856],[73.09395,36.59986],[73.09717,36.60599],[73.09789,36.60992],[73.09629,36.61353],[73.07411,36.62878],[73.07985,36.6388],[73.07802,36.65286],[73.08043,36.66998],[73.07071,36.67983],[73.06765,36.70062],[73.09522,36.68336],[73.10584,36.68589],[73.11644,36.6842],[73.13809,36.69851],[73.16254,36.70759],[73.16788,36.71302],[73.17055,36.71913],[73.17067,36.72403],[73.17504,36.71797],[73.18656,36.7103],[73.1855,36.70492],[73.18669,36.70119],[73.19229,36.69773],[73.2014,36.69553],[73.20955,36.69551],[73.2288,36.70149],[73.23801,36.71152],[73.24612,36.70538],[73.25556,36.70452],[73.26679,36.70618],[73.28572,36.70379],[73.29412,36.70423],[73.30395,36.70627],[73.31079,36.71432],[73.34461,36.71472],[73.34783,36.7164],[73.34833,36.72198],[73.35211,36.72824],[73.35158,36.735],[73.37378,36.73106],[73.38417,36.7329],[73.38988,36.72978],[73.39442,36.73007],[73.39895,36.73302],[73.41017,36.73477],[73.41644,36.74102],[73.42144,36.74298],[73.42532,36.74291],[73.42598,36.73626],[73.42796,36.73311],[73.43388,36.731],[73.44671,36.72892],[73.45866,36.73259],[73.46197,36.73505],[73.46641,36.73244],[73.46857,36.72851],[73.4791,36.72312],[73.47931,36.71946],[73.49763,36.71314],[73.50984,36.72193],[73.51248,36.72169],[73.5199,36.71029],[73.5342,36.71138],[73.54982,36.71607],[73.55433,36.70956],[73.5793,36.72238],[73.58556,36.70949],[73.58654,36.6994],[73.59271,36.69284],[73.60682,36.69492],[73.6156,36.69112],[73.62158,36.69034],[73.63481,36.69816],[73.638,36.69795],[73.64836,36.69309],[73.68311,36.68657],[73.69222,36.68912],[73.69498,36.69912],[73.70362,36.70521],[73.70985,36.71233],[73.71721,36.71171],[73.72707,36.71329],[73.73671,36.70885],[73.75673,36.70634],[73.77478,36.70209],[73.77985,36.71039],[73.78446,36.71456],[73.79555,36.71884],[73.81249,36.71477],[73.84866,36.70237],[73.87178,36.7014],[73.87865,36.70709],[73.87364,36.72059],[73.88529,36.7299],[73.88305,36.73304],[73.8841,36.7392],[73.88222,36.74847],[73.86799,36.76632],[73.85323,36.77603],[73.84011,36.79369],[73.83699,36.79513],[73.83159,36.79528],[73.81479,36.78902],[73.8064,36.79083],[73.80151,36.79422],[73.80041,36.79929],[73.79636,36.80248],[73.79757,36.8182],[73.78813,36.81897],[73.77397,36.81503],[73.75884,36.81615],[73.7544,36.81889],[73.74909,36.82737],[73.73866,36.82599],[73.73663,36.83015],[73.73202,36.83098],[73.7253,36.83508],[73.71984,36.83632],[73.71179,36.83437],[73.70551,36.83781],[73.70697,36.84642],[73.70619,36.85795],[73.68942,36.86591],[73.68726,36.86994],[73.6825,36.87344],[73.66701,36.88088],[73.66529,36.89182],[73.66772,36.90035],[73.67136,36.90449],[73.67109,36.9117],[73.69724,36.91431],[73.70345,36.91209],[73.72055,36.9007],[73.72873,36.89799],[73.73351,36.89894],[73.74486,36.9089],[73.75132,36.90969],[73.75876,36.90528],[73.76555,36.90519],[73.77358,36.8963],[73.78693,36.90015],[73.7941,36.90016],[73.79961,36.89359],[73.80072,36.8875],[73.81017,36.88858],[73.82044,36.90309],[73.85926,36.89732],[73.8705,36.89421],[73.88259,36.88098],[73.89302,36.87546],[73.90675,36.88383],[73.9149,36.88298],[73.94127,36.86211],[73.95056,36.84578],[73.95723,36.84338],[73.9615,36.83927],[73.98196,36.82958],[73.99542,36.83417],[74.00838,36.83377],[74.02778,36.82611],[74.04652,36.81082],[74.06868,36.8313],[74.08552,36.84151],[74.08883,36.84214],[74.11631,36.83573],[74.13346,36.8479],[74.1353,36.85013],[74.137,36.86303],[74.1442,36.89092],[74.15575,36.91051],[74.2211,36.90271],[74.24897,36.89361],[74.28261,36.90919],[74.31482,36.92733],[74.32913,36.93815],[74.33644,36.94703],[74.3508,36.96007],[74.37569,36.97338],[74.38866,36.97347],[74.40818,36.98156],[74.41269,36.98452],[74.41715,36.99343],[74.42642,36.99569],[74.45683,36.99829],[74.52296,36.99513],[74.53431,36.98324],[74.53729,36.97737],[74.54033,36.96332],[74.54255,36.96135],[74.55107,36.95907],[74.56054,36.9572],[74.5641,36.9579],[74.56575,36.95926],[74.56914,36.9703],[74.58042,37.02101],[74.57791,37.0458],[74.57496,37.04956],[74.56812,37.05176],[74.58167,37.05757],[74.58941,37.05916],[74.60479,37.05925],[74.6338,37.0637],[74.65237,37.07009],[74.68117,37.08671],[74.69012,37.08814],[74.70739,37.08729],[74.70886,37.07331],[74.71192,37.06379]]]}},{"type":"Feature","properties":{"slug":"manipur","name":"Manipur","villages":0,"districts":0,"taluks":0,"nodata":true},"geometry":{"type":"Polygon","coordinates":[[[94.58485,25.6848],[94.58985,25.68726],[94.59538,25.68497],[94.59659,25.68273],[94.59007,25.68172],[94.58863,25.67521],[94.58483,25.66975],[94.58042,25.66847],[94.58124,25.66566],[94.58516,25.66622],[94.58659,25.66381],[94.57851,25.6614],[94.58394,25.65682],[94.57613,25.65506],[94.58037,25.65078],[94.57368,25.64808],[94.57626,25.64476],[94.57239,25.64165],[94.57287,25.63803],[94.58901,25.64059],[94.59366,25.63758],[94.59358,25.63523],[94.59177,25.63462],[94.59009,25.63675],[94.58678,25.63313],[94.58618,25.6355],[94.58428,25.63495],[94.58408,25.63054],[94.58122,25.62977],[94.58012,25.62555],[94.57582,25.62307],[94.57691,25.61625],[94.57267,25.61104],[94.57111,25.60716],[94.57194,25.60547],[94.56523,25.60307],[94.56644,25.59741],[94.55995,25.59825],[94.56105,25.59486],[94.55664,25.59094],[94.55998,25.58786],[94.55846,25.58308],[94.55121,25.58],[94.56119,25.5734],[94.55863,25.56614],[94.56451,25.56361],[94.55649,25.55624],[94.55649,25.55418],[94.56461,25.55164],[94.56684,25.54885],[94.5581,25.53978],[94.55809,25.5369],[94.56185,25.53544],[94.56206,25.53388],[94.55702,25.53171],[94.5547,25.52831],[94.55626,25.52373],[94.56028,25.52099],[94.55722,25.51952],[94.55644,25.51123],[94.55348,25.51049],[94.55388,25.50388],[94.55473,25.50227],[94.55996,25.50082],[94.56917,25.50078],[94.57682,25.49585],[94.58157,25.4886],[94.58563,25.48549],[94.59273,25.4841],[94.59536,25.47845],[94.60176,25.47672],[94.6104,25.46987],[94.61603,25.46259],[94.62603,25.45918],[94.63078,25.45909],[94.63737,25.45595],[94.64592,25.45705],[94.65576,25.44986],[94.66844,25.44862],[94.67537,25.44582],[94.67118,25.44286],[94.67304,25.42508],[94.66981,25.4215],[94.67004,25.41883],[94.6671,25.41464],[94.66274,25.41186],[94.66293,25.41006],[94.65957,25.40582],[94.65594,25.40467],[94.64897,25.40642],[94.64595,25.40262],[94.6346,25.39501],[94.63227,25.38902],[94.63195,25.38162],[94.63364,25.3723],[94.6324,25.36068],[94.63455,25.35792],[94.63125,25.35439],[94.62959,25.34934],[94.62244,25.34604],[94.62361,25.34358],[94.61827,25.33045],[94.61462,25.32486],[94.61208,25.32412],[94.61187,25.32119],[94.60617,25.31447],[94.60412,25.30945],[94.60602,25.30636],[94.60341,25.30551],[94.59856,25.29268],[94.59334,25.28587],[94.59194,25.27814],[94.58479,25.26654],[94.58945,25.25698],[94.58892,25.25305],[94.58575,25.24882],[94.58743,25.24554],[94.58513,25.23913],[94.58552,25.22948],[94.58265,25.22742],[94.58237,25.22287],[94.5782,25.2158],[94.57564,25.21412],[94.58167,25.21117],[94.58899,25.20294],[94.59133,25.19842],[94.59185,25.19294],[94.60358,25.18642],[94.60583,25.18129],[94.61129,25.18201],[94.62004,25.18666],[94.62855,25.17569],[94.63476,25.172],[94.64014,25.16615],[94.64861,25.16824],[94.6646,25.16272],[94.66903,25.15759],[94.67734,25.15457],[94.67756,25.15135],[94.67995,25.1493],[94.68455,25.15143],[94.68986,25.15792],[94.6918,25.15594],[94.69691,25.15484],[94.70063,25.151],[94.70291,25.14542],[94.70774,25.14419],[94.71514,25.13808],[94.71894,25.13843],[94.72886,25.13448],[94.73661,25.13478],[94.73809,25.12837],[94.74034,25.12696],[94.74076,25.12075],[94.73619,25.11032],[94.74079,25.10383],[94.73966,25.09231],[94.74489,25.08064],[94.73786,25.06543],[94.74337,25.06268],[94.74469,25.06003],[94.74198,25.05215],[94.74423,25.04741],[94.74255,25.045],[94.74212,25.03884],[94.74416,25.03727],[94.73765,25.02765],[94.73858,25.02356],[94.72772,25.01017],[94.72911,25.00566],[94.72658,25.0024],[94.72668,24.99964],[94.7059,24.98635],[94.70265,24.98246],[94.70105,24.97449],[94.69659,24.96847],[94.69665,24.95955],[94.70164,24.95585],[94.70184,24.95277],[94.70603,24.94975],[94.70744,24.9422],[94.7134,24.93437],[94.71024,24.9289],[94.70193,24.92938],[94.70095,24.92274],[94.69658,24.91813],[94.6937,24.9121],[94.69323,24.90585],[94.69043,24.90317],[94.69077,24.89909],[94.68685,24.89153],[94.68795,24.88806],[94.68343,24.88726],[94.67951,24.88434],[94.67555,24.8802],[94.67399,24.87509],[94.66561,24.87407],[94.66297,24.87064],[94.66033,24.87229],[94.65729,24.8711],[94.6542,24.8677],[94.65295,24.86335],[94.64853,24.86062],[94.65045,24.85522],[94.64519,24.84922],[94.63186,24.83946],[94.63366,24.83553],[94.63264,24.8234],[94.6291,24.81691],[94.62966,24.80297],[94.62593,24.79954],[94.62203,24.78819],[94.61891,24.78434],[94.61861,24.7798],[94.62175,24.7758],[94.6225,24.77121],[94.62466,24.76986],[94.62447,24.76778],[94.62777,24.76513],[94.62696,24.76397],[94.62912,24.76128],[94.62936,24.75697],[94.61267,24.74018],[94.61321,24.737],[94.61064,24.7332],[94.61107,24.72882],[94.60906,24.72824],[94.60945,24.72483],[94.60621,24.72156],[94.60735,24.71805],[94.60512,24.71231],[94.60294,24.71215],[94.60163,24.70948],[94.59152,24.70951],[94.58512,24.70542],[94.5782,24.71171],[94.57943,24.72371],[94.57275,24.71293],[94.5679,24.71458],[94.55531,24.71483],[94.54966,24.71277],[94.54827,24.70638],[94.55272,24.68994],[94.5531,24.68276],[94.55007,24.65893],[94.54446,24.6449],[94.52921,24.61802],[94.49225,24.57463],[94.48635,24.57003],[94.46658,24.56153],[94.46154,24.55795],[94.45725,24.55241],[94.43867,24.51007],[94.4252,24.48612],[94.42074,24.48028],[94.4068,24.47877],[94.40308,24.47529],[94.40131,24.44948],[94.40216,24.44587],[94.40869,24.43715],[94.39763,24.40729],[94.37018,24.39752],[94.36713,24.39462],[94.36707,24.39298],[94.37405,24.38738],[94.38057,24.37821],[94.38011,24.37464],[94.35651,24.34516],[94.354,24.33447],[94.34364,24.33225],[94.33516,24.33235],[94.32854,24.32972],[94.32716,24.32766],[94.3236,24.31043],[94.32486,24.29096],[94.3239,24.27798],[94.31532,24.25268],[94.31084,24.24594],[94.30379,24.24017],[94.29271,24.23602],[94.2842,24.21236],[94.28291,24.20343],[94.28319,24.17935],[94.27938,24.17591],[94.26173,24.16711],[94.25987,24.16226],[94.25519,24.14064],[94.25356,24.12418],[94.25489,24.10656],[94.25412,24.09212],[94.25154,24.08191],[94.24273,24.06854],[94.23895,24.05778],[94.23068,24.05742],[94.22995,24.05547],[94.23447,24.04306],[94.234,24.03929],[94.19855,23.98791],[94.18734,23.9646],[94.18686,23.94128],[94.17603,23.93327],[94.16535,23.92964],[94.1622,23.91958],[94.15696,23.86352],[94.15397,23.85315],[94.14081,23.85384],[94.13763,23.85242],[94.13314,23.84149],[94.12556,23.8333],[94.12067,23.83285],[94.10229,23.8561],[94.09535,23.87154],[94.0843,23.88143],[94.06217,23.88057],[94.04682,23.88818],[94.03315,23.89724],[94.01934,23.91198],[94.00526,23.91895],[93.9985,23.92002],[93.99131,23.92595],[93.9912,23.92756],[93.98511,23.92684],[93.9807,23.92875],[93.97573,23.92469],[93.96409,23.92964],[93.96076,23.92819],[93.95442,23.93246],[93.95514,23.9343],[93.95092,23.94053],[93.94462,23.94609],[93.93046,23.95025],[93.91949,23.95173],[93.90259,23.94995],[93.8937,23.95314],[93.89231,23.94981],[93.88288,23.94182],[93.87199,23.94126],[93.8698,23.93835],[93.85937,23.93197],[93.83999,23.93202],[93.83474,23.93018],[93.83327,23.92734],[93.82481,23.92653],[93.81966,23.9237],[93.81596,23.92633],[93.80738,23.92708],[93.79977,23.93264],[93.80084,23.93829],[93.79837,23.94179],[93.79763,23.94767],[93.79253,23.95123],[93.78518,23.9617],[93.78168,23.96131],[93.77958,23.96279],[93.78004,23.9645],[93.77174,23.96892],[93.77357,23.97114],[93.77052,23.97448],[93.77123,23.97628],[93.76788,23.98135],[93.76862,23.98236],[93.76476,23.98628],[93.76495,23.99006],[93.76217,23.99121],[93.76341,23.99466],[93.76137,24.00003],[93.75928,24.00151],[93.75939,24.00366],[93.75777,24.00304],[93.7542,24.00542],[93.74425,24.00275],[93.74409,23.99937],[93.7418,23.99682],[93.74038,24.00218],[93.7357,23.9994],[93.7277,23.99903],[93.72436,23.99717],[93.7174,24.00045],[93.70015,24.00418],[93.69091,24.00851],[93.68443,24.00606],[93.68206,24.00715],[93.67534,24.00566],[93.67164,24.00235],[93.66322,24.00149],[93.65465,24.00244],[93.65341,24.00624],[93.65432,24.0082],[93.65298,24.00902],[93.64245,24.00869],[93.6355,24.01061],[93.629,24.00872],[93.62657,24.01107],[93.62335,24.01092],[93.61724,24.00703],[93.61186,23.99732],[93.61379,23.99227],[93.60783,23.98063],[93.60897,23.97762],[93.60816,23.97162],[93.59896,23.97239],[93.5989,23.96938],[93.59744,23.9702],[93.59642,23.96554],[93.59252,23.9638],[93.59326,23.96265],[93.59166,23.96059],[93.58517,23.95995],[93.57979,23.96265],[93.57631,23.96679],[93.57355,23.96672],[93.5737,23.96893],[93.57044,23.97046],[93.57094,23.9775],[93.56979,23.97667],[93.5648,23.98025],[93.56276,23.97887],[93.55977,23.98207],[93.55744,23.98142],[93.5573,23.97822],[93.55481,23.97632],[93.55567,23.97437],[93.55407,23.97218],[93.5553,23.97003],[93.5536,23.96897],[93.55337,23.96427],[93.55123,23.9636],[93.55276,23.96184],[93.55008,23.96166],[93.55011,23.95916],[93.54547,23.95842],[93.54358,23.96086],[93.53923,23.96076],[93.53449,23.95928],[93.53001,23.95455],[93.52492,23.95636],[93.5148,23.94255],[93.50476,23.94219],[93.50257,23.94475],[93.49892,23.94554],[93.49538,23.94962],[93.49682,23.95184],[93.49494,23.95346],[93.49277,23.95057],[93.48967,23.95115],[93.49012,23.95439],[93.48641,23.95577],[93.48614,23.95722],[93.48146,23.95716],[93.47507,23.9615],[93.46631,23.97148],[93.46616,23.9734],[93.4635,23.97337],[93.46054,23.98071],[93.46265,23.98364],[93.46362,23.99406],[93.46114,23.99863],[93.45311,23.9995],[93.45309,24.01362],[93.45024,24.01529],[93.44321,24.01371],[93.44079,24.01472],[93.43307,24.02401],[93.43327,24.02712],[93.42898,24.03299],[93.42853,24.03566],[93.42992,24.03653],[93.4276,24.03721],[93.428,24.04107],[93.42501,24.04536],[93.42593,24.05071],[93.42167,24.06403],[93.41588,24.06923],[93.41695,24.07141],[93.41442,24.07234],[93.4141,24.07407],[93.41027,24.07309],[93.40958,24.07657],[93.40672,24.07635],[93.40722,24.0797],[93.40552,24.07936],[93.39899,24.08518],[93.39644,24.08284],[93.39484,24.08409],[93.39005,24.08265],[93.38482,24.08672],[93.3839,24.08522],[93.37293,24.09076],[93.36779,24.09006],[93.36456,24.09212],[93.35809,24.09104],[93.35939,24.09394],[93.35451,24.09604],[93.35449,24.09889],[93.34829,24.09889],[93.35078,24.10019],[93.34844,24.10124],[93.34997,24.10152],[93.3486,24.10479],[93.34703,24.10292],[93.34513,24.10369],[93.34194,24.10197],[93.34287,24.09723],[93.34523,24.09705],[93.3468,24.09445],[93.34966,24.09518],[93.35381,24.09053],[93.35115,24.09081],[93.34716,24.08757],[93.34453,24.09174],[93.33606,24.09049],[93.33085,24.08536],[93.33068,24.08113],[93.32855,24.08115],[93.32848,24.07692],[93.3309,24.07299],[93.33445,24.07431],[93.33322,24.07013],[93.33716,24.06754],[93.33604,24.0634],[93.33842,24.06267],[93.33212,24.05313],[93.32796,24.05347],[93.32616,24.05194],[93.32576,24.04836],[93.3243,24.04819],[93.31781,24.05315],[93.31528,24.05186],[93.30345,24.05281],[93.29358,24.04873],[93.2872,24.05266],[93.28682,24.04791],[93.28203,24.04274],[93.27418,24.03944],[93.27387,24.03654],[93.26997,24.03249],[93.25689,24.02516],[93.25365,24.02123],[93.25524,24.02842],[93.25135,24.03049],[93.25105,24.0327],[93.25736,24.05111],[93.25954,24.05548],[93.26341,24.05838],[93.26127,24.06221],[93.26108,24.07043],[93.24936,24.08078],[93.23845,24.08329],[93.23228,24.08239],[93.22514,24.08471],[93.22044,24.08358],[93.21889,24.07856],[93.22273,24.07097],[93.22032,24.06097],[93.2127,24.04947],[93.20996,24.04837],[93.18715,24.05412],[93.1673,24.0517],[93.16327,24.0557],[93.16275,24.06009],[93.16624,24.07048],[93.16583,24.07377],[93.16113,24.07353],[93.15013,24.08439],[93.14049,24.08809],[93.13989,24.08487],[93.13323,24.07841],[93.13374,24.07671],[93.13094,24.07296],[93.13188,24.07167],[93.12615,24.06231],[93.11989,24.06075],[93.12129,24.05899],[93.11828,24.05939],[93.11932,24.05824],[93.11697,24.05737],[93.11806,24.05603],[93.11395,24.05581],[93.11417,24.05408],[93.11236,24.05451],[93.10647,24.04865],[93.10419,24.05004],[93.10271,24.04843],[93.1034,24.04686],[93.09945,24.04337],[93.09699,24.04406],[93.09739,24.04994],[93.10103,24.05294],[93.09721,24.05637],[93.09755,24.06132],[93.09962,24.0635],[93.09795,24.06562],[93.09743,24.07373],[93.09203,24.08042],[93.08761,24.08163],[93.08251,24.08963],[93.07855,24.10185],[93.07472,24.10202],[93.06961,24.09943],[93.06098,24.09221],[93.05306,24.08968],[93.0466,24.09013],[93.04166,24.093],[93.03799,24.09232],[93.03444,24.09725],[93.02682,24.101],[93.02232,24.09998],[93.01342,24.10125],[93.00996,24.10672],[92.99141,24.11548],[92.97898,24.11264],[92.97261,24.11274],[92.97103,24.12137],[92.97473,24.12575],[92.9834,24.12566],[92.99045,24.1366],[92.98772,24.14542],[92.98839,24.1494],[93.00302,24.15774],[93.00603,24.16196],[93.00304,24.17378],[93.00765,24.18223],[92.99946,24.19359],[92.99924,24.19665],[93.00025,24.19795],[93.01153,24.1977],[93.01481,24.19991],[93.01678,24.20599],[93.0199,24.20982],[93.02194,24.21778],[93.01598,24.22476],[93.01966,24.23091],[93.02392,24.23361],[93.01606,24.23619],[93.00919,24.24347],[93.00723,24.24913],[93.00453,24.26096],[93.01246,24.27131],[93.00785,24.27668],[93.00706,24.28276],[93.00867,24.28766],[93.01809,24.29534],[93.02375,24.30294],[93.03465,24.32303],[93.04054,24.34198],[93.03554,24.34577],[93.02966,24.34455],[93.01806,24.34976],[93.01782,24.36465],[93.02176,24.3737],[93.0184,24.38308],[93.02284,24.38623],[93.02503,24.39203],[93.0169,24.40135],[93.00925,24.40646],[93.00886,24.4124],[93.01065,24.41589],[93.014,24.41696],[93.01617,24.40871],[93.02465,24.40677],[93.03991,24.41182],[93.04309,24.4165],[93.04265,24.42055],[93.03728,24.42362],[93.03292,24.42875],[93.03643,24.44222],[93.03572,24.45976],[93.03811,24.46193],[93.04366,24.46177],[93.04556,24.46328],[93.04637,24.47357],[93.04024,24.48631],[93.03256,24.4953],[93.04277,24.50479],[93.04238,24.50664],[93.03721,24.50939],[93.03874,24.51287],[93.04131,24.51557],[93.05013,24.51943],[93.05055,24.5232],[93.04719,24.52857],[93.04999,24.54421],[93.05701,24.55441],[93.06052,24.55358],[93.0617,24.54731],[93.06462,24.54679],[93.07081,24.55805],[93.06917,24.56188],[93.05959,24.57094],[93.05828,24.57406],[93.06216,24.57624],[93.07574,24.57505],[93.0844,24.57113],[93.08916,24.57337],[93.09321,24.5815],[93.10184,24.58079],[93.10436,24.58238],[93.10158,24.58759],[93.09359,24.5917],[93.08921,24.59238],[93.08027,24.59011],[93.07115,24.60064],[93.07394,24.60561],[93.08421,24.6136],[93.07714,24.62008],[93.07568,24.62454],[93.07872,24.62885],[93.08521,24.62817],[93.08728,24.62967],[93.08763,24.63699],[93.08319,24.64981],[93.08625,24.65273],[93.09537,24.65283],[93.09647,24.66426],[93.10415,24.67416],[93.10191,24.6807],[93.09011,24.67717],[93.09229,24.68548],[93.09126,24.68803],[93.08184,24.70216],[93.07355,24.70781],[93.07738,24.71296],[93.08292,24.70867],[93.08662,24.70953],[93.0901,24.71432],[93.09079,24.71818],[93.09325,24.71891],[93.09037,24.72139],[93.09065,24.72508],[93.09589,24.72421],[93.0971,24.73195],[93.10776,24.74144],[93.10272,24.74685],[93.1016,24.74277],[93.09988,24.74317],[93.09833,24.74675],[93.10112,24.74958],[93.09825,24.75437],[93.10238,24.75922],[93.10361,24.7672],[93.10028,24.7736],[93.10052,24.77942],[93.10522,24.78111],[93.1043,24.78631],[93.10611,24.78844],[93.10481,24.79128],[93.10839,24.79184],[93.10798,24.79487],[93.1114,24.80058],[93.10943,24.81148],[93.12137,24.81922],[93.12194,24.81662],[93.1179,24.80925],[93.11886,24.80766],[93.12703,24.80876],[93.13176,24.80521],[93.13483,24.81058],[93.13857,24.80999],[93.13471,24.80813],[93.1411,24.80126],[93.14175,24.79728],[93.14626,24.79744],[93.15117,24.79468],[93.15115,24.79228],[93.1485,24.78908],[93.14946,24.78737],[93.15424,24.78871],[93.15987,24.79338],[93.16109,24.79623],[93.17068,24.80185],[93.17357,24.80123],[93.17359,24.796],[93.17615,24.79385],[93.17935,24.79721],[93.17995,24.80307],[93.19064,24.80372],[93.19681,24.81114],[93.19006,24.81864],[93.19591,24.83091],[93.19165,24.83299],[93.19161,24.8344],[93.19327,24.83557],[93.19779,24.83416],[93.2006,24.83795],[93.19969,24.83948],[93.19611,24.83669],[93.19175,24.84002],[93.19231,24.84276],[93.19543,24.84433],[93.19997,24.84152],[93.20155,24.84206],[93.20126,24.84854],[93.19812,24.85301],[93.19472,24.85361],[93.19955,24.85515],[93.20407,24.85105],[93.20687,24.85576],[93.21003,24.85608],[93.21361,24.86063],[93.21471,24.86529],[93.2169,24.86535],[93.22167,24.86981],[93.22036,24.87352],[93.22644,24.87283],[93.22196,24.87766],[93.22151,24.88152],[93.22492,24.88018],[93.22774,24.88503],[93.23279,24.88466],[93.23155,24.88754],[93.22799,24.88834],[93.22602,24.89193],[93.22758,24.89293],[93.23212,24.89188],[93.22961,24.89782],[93.23849,24.8987],[93.2408,24.90336],[93.24032,24.90513],[93.23778,24.90582],[93.2352,24.91141],[93.24406,24.91055],[93.24884,24.91485],[93.24597,24.92525],[93.23934,24.92437],[93.23849,24.92568],[93.24471,24.9325],[93.2451,24.93539],[93.24264,24.93611],[93.23713,24.93253],[93.23681,24.93716],[93.24388,24.94094],[93.25127,24.94064],[93.25097,24.94341],[93.24732,24.94512],[93.24913,24.94817],[93.24536,24.95081],[93.24844,24.95329],[93.25615,24.94928],[93.25809,24.94968],[93.25618,24.95341],[93.25813,24.95452],[93.25812,24.95778],[93.26032,24.95895],[93.26176,24.96273],[93.25788,24.97133],[93.2534,24.96907],[93.24941,24.97266],[93.25203,24.97645],[93.24934,24.97704],[93.24967,24.97989],[93.25343,24.98207],[93.25141,24.98601],[93.25704,24.99607],[93.25298,24.99734],[93.25277,24.99891],[93.25416,25.00023],[93.25863,24.99948],[93.25978,25.00159],[93.25701,25.00474],[93.25234,25.00093],[93.2505,25.00432],[93.24878,25.00299],[93.24888,24.99891],[93.24686,24.99738],[93.24439,24.99809],[93.2442,25.00326],[93.24178,25.00393],[93.24491,25.01207],[93.24767,25.0149],[93.24385,25.01602],[93.24388,25.01829],[93.24781,25.01811],[93.24908,25.02009],[93.25395,25.02058],[93.2525,25.02293],[93.25404,25.02547],[93.25117,25.02585],[93.25135,25.02714],[93.25379,25.02716],[93.25989,25.03497],[93.25835,25.03802],[93.25962,25.04121],[93.26219,25.04072],[93.26605,25.04384],[93.26227,25.04591],[93.2642,25.04936],[93.27045,25.05077],[93.27215,25.04844],[93.27451,25.05094],[93.27731,25.04957],[93.28007,25.051],[93.27966,25.04722],[93.2827,25.04901],[93.28346,25.045],[93.28718,25.04701],[93.28897,25.04568],[93.29136,25.04864],[93.29368,25.04633],[93.2948,25.05106],[93.2988,25.05195],[93.29941,25.04935],[93.29754,25.04658],[93.29996,25.04604],[93.3021,25.05424],[93.30079,25.05586],[93.30423,25.05562],[93.30556,25.05743],[93.30259,25.06137],[93.30282,25.06436],[93.30631,25.06825],[93.30611,25.07164],[93.31274,25.07935],[93.31492,25.08462],[93.32188,25.09082],[93.32754,25.0934],[93.33237,25.09352],[93.3317,25.09605],[93.33354,25.09799],[93.33246,25.10073],[93.33808,25.1099],[93.33675,25.1116],[93.34141,25.11383],[93.33933,25.11549],[93.3422,25.11989],[93.34118,25.12306],[93.34526,25.12346],[93.34172,25.12671],[93.34534,25.13034],[93.34238,25.13749],[93.34751,25.13877],[93.34518,25.15074],[93.34657,25.15708],[93.34401,25.15912],[93.34587,25.16981],[93.34981,25.1795],[93.3515,25.17966],[93.35134,25.1832],[93.35496,25.18593],[93.35412,25.18767],[93.35616,25.18896],[93.35742,25.1877],[93.35671,25.19188],[93.35999,25.19185],[93.35927,25.1952],[93.36562,25.19808],[93.3661,25.2061],[93.37072,25.20789],[93.36894,25.21097],[93.37383,25.21182],[93.37338,25.21484],[93.37671,25.21788],[93.37561,25.22014],[93.38178,25.2229],[93.38127,25.22736],[93.38465,25.23136],[93.38426,25.23352],[93.38164,25.23431],[93.38269,25.23725],[93.38096,25.23794],[93.38112,25.23963],[93.38987,25.24656],[93.39259,25.24997],[93.39366,25.25474],[93.40199,25.2611],[93.40668,25.26078],[93.41594,25.26427],[93.42053,25.27746],[93.4267,25.27964],[93.42752,25.28324],[93.43078,25.28295],[93.43606,25.28782],[93.44532,25.29134],[93.45536,25.29347],[93.46316,25.30147],[93.4673,25.30166],[93.47065,25.30508],[93.47358,25.29366],[93.4699,25.28259],[93.47145,25.27185],[93.48019,25.26989],[93.48957,25.27492],[93.50642,25.26932],[93.50114,25.25609],[93.50105,25.24253],[93.50375,25.24216],[93.50863,25.24477],[93.51287,25.24308],[93.51703,25.24689],[93.52064,25.2475],[93.52605,25.24494],[93.53301,25.24616],[93.53509,25.24356],[93.54388,25.24777],[93.5509,25.24782],[93.55597,25.24598],[93.56299,25.24093],[93.56455,25.23132],[93.56861,25.23],[93.56938,25.22639],[93.57204,25.2244],[93.57912,25.22351],[93.58087,25.22129],[93.58455,25.22144],[93.58495,25.21885],[93.58702,25.21777],[93.58623,25.2142],[93.5894,25.21376],[93.5916,25.20822],[93.58898,25.20591],[93.58819,25.20106],[93.59348,25.20343],[93.59554,25.19871],[93.59923,25.20168],[93.60535,25.19917],[93.61087,25.20424],[93.61095,25.20694],[93.60832,25.21099],[93.60929,25.21383],[93.61518,25.21882],[93.61966,25.22858],[93.62299,25.23154],[93.62229,25.23569],[93.62757,25.24109],[93.62904,25.2483],[93.63462,25.25418],[93.63739,25.26349],[93.64638,25.26672],[93.64401,25.27207],[93.64501,25.27604],[93.65232,25.28418],[93.66056,25.29868],[93.65841,25.30418],[93.66745,25.31042],[93.6686,25.31407],[93.66477,25.32572],[93.67067,25.32511],[93.67373,25.32778],[93.67637,25.32651],[93.68149,25.3281],[93.68114,25.33467],[93.68298,25.34096],[93.68743,25.34582],[93.68534,25.35123],[93.68788,25.35562],[93.68695,25.36047],[93.69644,25.35622],[93.70233,25.35818],[93.70765,25.3566],[93.70996,25.35753],[93.71617,25.37208],[93.72591,25.37831],[93.73151,25.38002],[93.736,25.38498],[93.73495,25.39427],[93.74225,25.40371],[93.75028,25.40711],[93.7607,25.41533],[93.76562,25.4162],[93.76762,25.42053],[93.77417,25.42048],[93.77464,25.4225],[93.77232,25.42637],[93.7802,25.43043],[93.78289,25.43365],[93.78177,25.43971],[93.78497,25.44238],[93.78602,25.44629],[93.79308,25.45472],[93.80514,25.46397],[93.8084,25.47194],[93.80805,25.47677],[93.81018,25.48343],[93.80478,25.4876],[93.80462,25.49109],[93.80029,25.49689],[93.79066,25.50016],[93.78739,25.50318],[93.77291,25.49768],[93.76616,25.49348],[93.76123,25.4959],[93.76119,25.49907],[93.75845,25.50178],[93.75797,25.50758],[93.76236,25.517],[93.76682,25.51899],[93.76401,25.52289],[93.76649,25.53257],[93.76564,25.53821],[93.77211,25.53322],[93.77473,25.53486],[93.77866,25.53433],[93.78473,25.53613],[93.78628,25.53806],[93.79484,25.53827],[93.79769,25.54044],[93.80466,25.54176],[93.81179,25.54185],[93.81605,25.54022],[93.81789,25.54459],[93.82069,25.54536],[93.82006,25.54973],[93.82172,25.55383],[93.8283,25.55323],[93.83039,25.55605],[93.83025,25.55867],[93.83519,25.56168],[93.83958,25.55722],[93.86104,25.55404],[93.87127,25.55614],[93.88794,25.56536],[93.90101,25.56292],[93.90944,25.56427],[93.9194,25.55938],[93.93273,25.55967],[93.94478,25.5568],[93.95342,25.55054],[93.9575,25.55175],[93.96026,25.55055],[93.96348,25.55171],[93.96564,25.55539],[93.97209,25.55767],[93.9747,25.56536],[93.97814,25.56502],[93.98166,25.56787],[93.99339,25.56929],[94.00448,25.56523],[94.00747,25.56716],[94.01079,25.57354],[94.00232,25.58543],[94.01288,25.59224],[94.0136,25.59077],[94.02215,25.58974],[94.02221,25.58461],[94.02679,25.58524],[94.0266,25.57905],[94.03075,25.58026],[94.02984,25.57706],[94.03664,25.57903],[94.03827,25.57004],[94.04312,25.57662],[94.0445,25.57495],[94.04806,25.57546],[94.0499,25.5715],[94.05318,25.57075],[94.05388,25.56734],[94.05964,25.5638],[94.06094,25.55814],[94.06551,25.55669],[94.06719,25.55212],[94.07212,25.55634],[94.07241,25.55512],[94.07461,25.55539],[94.07622,25.55805],[94.08014,25.55771],[94.085,25.55431],[94.09222,25.54391],[94.0941,25.5371],[94.09067,25.53227],[94.08481,25.53021],[94.08824,25.53051],[94.10358,25.52615],[94.10751,25.52377],[94.10813,25.5217],[94.10945,25.52306],[94.1219,25.5228],[94.13727,25.51805],[94.1437,25.52235],[94.14374,25.52988],[94.14609,25.53233],[94.14995,25.54345],[94.15339,25.54522],[94.15676,25.55153],[94.16098,25.54765],[94.16253,25.54222],[94.16473,25.54128],[94.17643,25.54621],[94.17805,25.55057],[94.18446,25.54797],[94.19209,25.54841],[94.19117,25.53976],[94.18582,25.53143],[94.1876,25.529],[94.18643,25.52368],[94.19504,25.52076],[94.19725,25.51638],[94.2006,25.5146],[94.20482,25.50655],[94.2086,25.50318],[94.20849,25.49618],[94.2141,25.49585],[94.22176,25.49099],[94.22817,25.49463],[94.23163,25.49311],[94.24053,25.49598],[94.24932,25.49441],[94.25515,25.50067],[94.26101,25.49797],[94.27455,25.49981],[94.28473,25.508],[94.29062,25.49822],[94.29769,25.49142],[94.29769,25.48471],[94.3082,25.48961],[94.31545,25.49093],[94.32609,25.50491],[94.32866,25.50441],[94.33117,25.50672],[94.34363,25.50918],[94.34788,25.51202],[94.35537,25.51242],[94.37358,25.52207],[94.37825,25.52812],[94.38571,25.53272],[94.39984,25.53397],[94.41141,25.53849],[94.41306,25.53618],[94.41654,25.53648],[94.42234,25.55357],[94.42286,25.5596],[94.42149,25.56147],[94.42292,25.5624],[94.42114,25.56435],[94.42177,25.56893],[94.41902,25.56974],[94.4212,25.57172],[94.42025,25.57301],[94.42232,25.57405],[94.42121,25.5769],[94.42492,25.58652],[94.43797,25.59263],[94.44521,25.59187],[94.44502,25.59662],[94.45838,25.60406],[94.46856,25.61419],[94.48003,25.61523],[94.48382,25.61301],[94.48741,25.61418],[94.48807,25.61193],[94.49276,25.60869],[94.49655,25.61365],[94.50514,25.61364],[94.50678,25.62418],[94.51269,25.6251],[94.51418,25.62855],[94.51824,25.62971],[94.52109,25.63486],[94.52099,25.63902],[94.52896,25.63714],[94.52953,25.64266],[94.53465,25.64247],[94.53951,25.65066],[94.54341,25.64987],[94.54564,25.65277],[94.54364,25.65344],[94.544,25.6549],[94.55017,25.65773],[94.54845,25.66162],[94.55118,25.6628],[94.55662,25.67253],[94.55934,25.67197],[94.5636,25.67523],[94.56057,25.68245],[94.56372,25.68715],[94.57188,25.69195],[94.57861,25.69024],[94.58485,25.6848]]]}},{"type":"Feature","properties":{"slug":"meghalaya","name":"Meghalaya","villages":0,"districts":0,"taluks":0,"nodata":true},"geometry":{"type":"Polygon","coordinates":[[[91.83382,26.11576],[91.83736,26.11224],[91.84828,26.10807],[91.85101,26.1084],[91.86072,26.10289],[91.86393,26.10263],[91.86576,26.10042],[91.87364,26.10063],[91.87917,26.09798],[91.87964,26.09604],[91.87687,26.09165],[91.87845,26.08978],[91.87661,26.07667],[91.87265,26.06791],[91.87028,26.05451],[91.87192,26.05096],[91.8673,26.04202],[91.87173,26.04449],[91.8742,26.04327],[91.87347,26.0387],[91.87575,26.03665],[91.87527,26.03544],[91.87878,26.03472],[91.87874,26.03151],[91.88304,26.0261],[91.8858,26.02804],[91.88874,26.02787],[91.89783,26.0234],[91.9023,26.02237],[91.90518,26.02387],[91.90851,26.02097],[91.91469,26.0205],[91.91299,26.01471],[91.91479,26.01399],[91.90975,26.01267],[91.91332,26.0094],[91.90976,26.00877],[91.91059,26.00737],[91.91417,26.0072],[91.91229,26.00484],[91.9137,26.00057],[91.91767,25.99872],[91.91713,25.99642],[91.9271,26.00056],[91.93115,26.01236],[91.93397,26.01027],[91.94718,26.01317],[91.9478,26.01529],[91.95137,26.01466],[91.96191,26.01892],[91.96195,26.02026],[91.97317,26.02211],[91.97897,26.02748],[91.98357,26.0258],[91.98617,26.02898],[91.98546,26.03103],[91.98906,26.03853],[91.99476,26.03849],[91.99922,26.03579],[92.00411,26.03557],[92.00622,26.03855],[92.01044,26.03665],[92.01327,26.03844],[92.0165,26.03705],[92.01845,26.03919],[92.02404,26.03781],[92.03062,26.03958],[92.0344,26.03892],[92.03633,26.03621],[92.04069,26.03651],[92.04814,26.03277],[92.05143,26.03279],[92.05796,26.03482],[92.06506,26.03446],[92.07791,26.04229],[92.09729,26.04922],[92.1088,26.05068],[92.1199,26.04596],[92.1214,26.04388],[92.12821,26.04568],[92.13262,26.04424],[92.13421,26.05245],[92.13754,26.05504],[92.14339,26.05604],[92.15224,26.06678],[92.15471,26.06715],[92.1694,26.07764],[92.1788,26.07819],[92.17878,26.07569],[92.17617,26.07429],[92.17608,26.07023],[92.17804,26.06855],[92.18029,26.07117],[92.18181,26.06906],[92.18734,26.0693],[92.18613,26.06765],[92.18716,26.06657],[92.19101,26.06884],[92.19265,26.06733],[92.20042,26.06962],[92.20651,26.06814],[92.20627,26.06963],[92.20818,26.07047],[92.21548,26.06841],[92.22054,26.0703],[92.22249,26.06798],[92.22859,26.0668],[92.22944,26.06462],[92.24163,26.06177],[92.25052,26.06453],[92.25832,26.06346],[92.26095,26.06614],[92.26746,26.06676],[92.26888,26.06817],[92.27166,26.06523],[92.27489,26.06565],[92.27061,26.06404],[92.26949,26.06057],[92.26395,26.05736],[92.26357,26.05431],[92.26814,26.05143],[92.27003,26.04745],[92.26901,26.04282],[92.26108,26.04164],[92.26508,26.0361],[92.26347,26.03313],[92.25681,26.0287],[92.25329,26.029],[92.24858,26.02338],[92.24373,26.02152],[92.24285,26.02039],[92.24452,26.01819],[92.23504,26.01223],[92.23387,26.00912],[92.22775,26.00856],[92.2248,26.00599],[92.22032,26.00569],[92.21911,26.00389],[92.21194,26.00472],[92.2092,25.99781],[92.20366,26.00103],[92.20101,25.99516],[92.19754,25.99456],[92.19631,25.99085],[92.19855,25.98822],[92.18846,25.98455],[92.18468,25.9858],[92.18088,25.98501],[92.17949,25.97844],[92.17554,25.97461],[92.16932,25.97338],[92.16421,25.97028],[92.16213,25.96656],[92.16152,25.96025],[92.16405,25.95781],[92.1573,25.95263],[92.1571,25.94919],[92.15244,25.94432],[92.15252,25.93959],[92.16015,25.93532],[92.15922,25.93322],[92.16093,25.92815],[92.15682,25.91463],[92.15461,25.91377],[92.15474,25.91099],[92.16242,25.91116],[92.17555,25.90737],[92.17757,25.90885],[92.17656,25.91042],[92.18173,25.91126],[92.18608,25.91663],[92.18947,25.91457],[92.19453,25.91846],[92.19633,25.91575],[92.19404,25.91167],[92.20105,25.90845],[92.20228,25.90633],[92.20443,25.90914],[92.21727,25.9115],[92.22556,25.90917],[92.22281,25.90639],[92.22085,25.90026],[92.2157,25.89995],[92.21498,25.8953],[92.19901,25.88899],[92.18755,25.8772],[92.18363,25.87688],[92.17724,25.87275],[92.1762,25.8682],[92.1801,25.85823],[92.17759,25.8581],[92.1775,25.8515],[92.17261,25.8499],[92.17301,25.84718],[92.16981,25.83886],[92.16623,25.83529],[92.16202,25.83554],[92.16411,25.83356],[92.16059,25.83039],[92.16235,25.82724],[92.16128,25.82059],[92.16023,25.81979],[92.15695,25.82158],[92.15533,25.81853],[92.1511,25.81664],[92.15258,25.81178],[92.1487,25.80594],[92.15019,25.79404],[92.14681,25.78357],[92.15154,25.78201],[92.15025,25.77986],[92.15297,25.77785],[92.1483,25.7728],[92.15127,25.76672],[92.15054,25.76399],[92.15573,25.75779],[92.15582,25.75106],[92.16281,25.74388],[92.16161,25.73693],[92.1544,25.72527],[92.14808,25.72547],[92.14411,25.71714],[92.14773,25.70946],[92.15083,25.70778],[92.15241,25.70861],[92.15478,25.70621],[92.15463,25.69796],[92.15684,25.69582],[92.15598,25.69167],[92.16053,25.68412],[92.1596,25.67624],[92.15615,25.67218],[92.1607,25.66884],[92.16596,25.66634],[92.1702,25.66713],[92.17343,25.67414],[92.17748,25.67431],[92.17951,25.67785],[92.18807,25.68453],[92.19676,25.68665],[92.20039,25.69209],[92.20781,25.69561],[92.20925,25.69882],[92.21648,25.7046],[92.22099,25.7134],[92.22439,25.716],[92.23155,25.7162],[92.23383,25.70783],[92.24751,25.71333],[92.25114,25.71082],[92.25485,25.7126],[92.26451,25.70923],[92.2704,25.71108],[92.2776,25.71586],[92.29275,25.71662],[92.29712,25.72019],[92.30238,25.72127],[92.31127,25.7281],[92.31501,25.72313],[92.31731,25.72253],[92.32432,25.72496],[92.33361,25.72439],[92.34591,25.72943],[92.35324,25.73991],[92.36093,25.73665],[92.36427,25.73735],[92.36894,25.74729],[92.37376,25.75041],[92.37847,25.74852],[92.38462,25.75488],[92.3858,25.751],[92.38225,25.74715],[92.38178,25.74204],[92.38784,25.74415],[92.39766,25.74045],[92.40662,25.7446],[92.40803,25.74349],[92.40718,25.74187],[92.41432,25.74146],[92.41458,25.73996],[92.40912,25.73375],[92.41165,25.73003],[92.42205,25.7299],[92.43118,25.73218],[92.43294,25.72696],[92.44429,25.7197],[92.4477,25.70901],[92.44399,25.70736],[92.44036,25.70824],[92.43813,25.70628],[92.43804,25.69486],[92.44343,25.68905],[92.46298,25.68128],[92.46535,25.67664],[92.47026,25.67527],[92.4972,25.62439],[92.50609,25.6214],[92.50563,25.61631],[92.50948,25.61559],[92.51507,25.61834],[92.51643,25.61506],[92.53338,25.61495],[92.53585,25.61315],[92.53886,25.61358],[92.53922,25.61158],[92.55417,25.6148],[92.5541,25.61303],[92.55673,25.61141],[92.55548,25.60178],[92.55217,25.60254],[92.55439,25.59957],[92.55332,25.59739],[92.55659,25.59648],[92.55467,25.59533],[92.55432,25.5883],[92.55494,25.58457],[92.55877,25.58012],[92.5563,25.57702],[92.55673,25.57096],[92.57249,25.55735],[92.57542,25.55851],[92.58236,25.55763],[92.58407,25.55045],[92.58996,25.5526],[92.59482,25.55159],[92.59998,25.55504],[92.60188,25.56229],[92.62203,25.56552],[92.63002,25.57183],[92.63374,25.58092],[92.64164,25.58875],[92.64922,25.59244],[92.65334,25.59083],[92.65865,25.57813],[92.65831,25.57406],[92.66146,25.57219],[92.65748,25.56975],[92.65679,25.56085],[92.64542,25.55574],[92.64206,25.54158],[92.64284,25.53481],[92.63776,25.53024],[92.63191,25.52774],[92.62769,25.52197],[92.6202,25.51606],[92.60908,25.51181],[92.5999,25.50635],[92.5973,25.50246],[92.59109,25.50115],[92.57365,25.49048],[92.56416,25.4738],[92.56449,25.46512],[92.56616,25.46333],[92.56881,25.4637],[92.58017,25.47185],[92.58222,25.4717],[92.58253,25.46715],[92.58432,25.46523],[92.59029,25.4699],[92.59685,25.46984],[92.60025,25.4648],[92.59748,25.45064],[92.60452,25.44788],[92.60307,25.43513],[92.60698,25.42763],[92.6045,25.4209],[92.60663,25.41323],[92.61126,25.41517],[92.6151,25.42111],[92.61858,25.423],[92.62461,25.42092],[92.62764,25.42197],[92.62838,25.42388],[92.62525,25.43114],[92.62565,25.43492],[92.63584,25.42732],[92.63672,25.42141],[92.63956,25.41757],[92.64708,25.42824],[92.65362,25.43352],[92.65442,25.4326],[92.65146,25.42584],[92.6519,25.41924],[92.65641,25.41154],[92.66164,25.40635],[92.66353,25.4065],[92.66752,25.41483],[92.67353,25.41402],[92.67778,25.40702],[92.68815,25.40208],[92.69283,25.39767],[92.69828,25.38632],[92.70176,25.38448],[92.70988,25.38451],[92.71794,25.37263],[92.72375,25.37882],[92.73802,25.37933],[92.73326,25.37272],[92.73236,25.36892],[92.73879,25.36695],[92.73955,25.36131],[92.74642,25.35833],[92.74995,25.34994],[92.7499,25.3441],[92.7546,25.34238],[92.75593,25.33864],[92.7605,25.33378],[92.76379,25.3339],[92.7699,25.33851],[92.77722,25.33417],[92.78132,25.33367],[92.78356,25.32937],[92.78656,25.31481],[92.7811,25.30556],[92.78306,25.29972],[92.78719,25.29581],[92.78719,25.28972],[92.79223,25.28241],[92.78729,25.27428],[92.77994,25.27384],[92.77556,25.26968],[92.76831,25.268],[92.7692,25.26559],[92.77775,25.25818],[92.77497,25.252],[92.77118,25.25099],[92.76646,25.25214],[92.76263,25.24927],[92.76189,25.24653],[92.77016,25.23733],[92.77167,25.22998],[92.78203,25.23016],[92.78911,25.22468],[92.80152,25.22024],[92.80291,25.21617],[92.79503,25.20975],[92.78605,25.20935],[92.78192,25.20325],[92.77621,25.19961],[92.76747,25.20349],[92.76281,25.20159],[92.75484,25.20183],[92.7468,25.20651],[92.74287,25.20665],[92.73722,25.20054],[92.71614,25.19578],[92.70924,25.19007],[92.70262,25.18838],[92.6939,25.17924],[92.68338,25.17954],[92.67645,25.18277],[92.66859,25.1767],[92.66796,25.17408],[92.66348,25.17667],[92.65843,25.17195],[92.65802,25.15884],[92.65576,25.15495],[92.65209,25.1523],[92.63868,25.14773],[92.62831,25.1381],[92.62729,25.13095],[92.62888,25.12646],[92.62577,25.12362],[92.62143,25.11503],[92.61632,25.1158],[92.6089,25.12262],[92.59501,25.1222],[92.58893,25.12871],[92.58251,25.12856],[92.5771,25.13121],[92.56815,25.12845],[92.5613,25.13044],[92.55536,25.12695],[92.53836,25.13349],[92.5249,25.13519],[92.52178,25.13938],[92.52067,25.13648],[92.52265,25.13303],[92.5231,25.12597],[92.53942,25.09905],[92.53396,25.09898],[92.53052,25.10031],[92.52782,25.104],[92.51995,25.10594],[92.50892,25.10422],[92.49696,25.10951],[92.49102,25.10769],[92.4808,25.10847],[92.47743,25.10019],[92.47731,25.09078],[92.47941,25.08661],[92.47716,25.08501],[92.47758,25.08255],[92.47411,25.08197],[92.47535,25.07777],[92.47062,25.0764],[92.47202,25.07463],[92.47203,25.06725],[92.46843,25.06589],[92.46535,25.05867],[92.46357,25.05808],[92.46366,25.05494],[92.46023,25.05729],[92.45698,25.05407],[92.45705,25.04667],[92.46051,25.04873],[92.46238,25.04813],[92.46429,25.04362],[92.46298,25.03958],[92.46429,25.03744],[92.45981,25.03704],[92.45277,25.04075],[92.44907,25.04056],[92.44731,25.04333],[92.44253,25.04524],[92.43828,25.04387],[92.43819,25.03465],[92.43223,25.03513],[92.42925,25.02915],[92.42374,25.03002],[92.42149,25.0278],[92.41698,25.03029],[92.41255,25.02873],[92.40513,25.03263],[92.40229,25.03182],[92.40051,25.03408],[92.39908,25.03278],[92.3928,25.03978],[92.3882,25.03972],[92.38382,25.04236],[92.38469,25.04136],[92.38327,25.03849],[92.38262,25.04047],[92.38127,25.03916],[92.38063,25.04141],[92.38107,25.03974],[92.37945,25.03952],[92.37691,25.0428],[92.37395,25.04254],[92.375,25.04357],[92.37077,25.04266],[92.36971,25.04088],[92.36779,25.04239],[92.36906,25.04371],[92.3684,25.04621],[92.36298,25.04989],[92.36076,25.04672],[92.35847,25.04717],[92.35811,25.05012],[92.3566,25.05001],[92.35671,25.04744],[92.35441,25.04778],[92.35422,25.04945],[92.35095,25.04836],[92.35005,25.0495],[92.34743,25.04767],[92.34605,25.04905],[92.34148,25.04853],[92.33931,25.05035],[92.3424,25.05422],[92.3392,25.05046],[92.33818,25.05152],[92.34898,25.06091],[92.34855,25.07349],[92.33843,25.07569],[92.33209,25.07909],[92.32887,25.07743],[92.32236,25.0783],[92.31896,25.07424],[92.31915,25.06989],[92.31411,25.07195],[92.31063,25.06902],[92.30587,25.0705],[92.30651,25.07196],[92.30505,25.07048],[92.2996,25.07168],[92.28747,25.07745],[92.28378,25.07654],[92.28157,25.07934],[92.2784,25.07766],[92.27565,25.08088],[92.27106,25.08076],[92.26705,25.08313],[92.25531,25.08525],[92.23136,25.09689],[92.22755,25.09371],[92.22307,25.0982],[92.22354,25.10242],[92.22191,25.10402],[92.20699,25.10867],[92.20276,25.10637],[92.19617,25.10803],[92.20052,25.11729],[92.2004,25.11998],[92.2197,25.11515],[92.21938,25.11701],[92.20558,25.12362],[92.19696,25.12631],[92.1945,25.12564],[92.19526,25.13006],[92.18933,25.13629],[92.1876,25.13267],[92.18907,25.13215],[92.18863,25.12782],[92.18393,25.11792],[92.17673,25.12286],[92.17943,25.12411],[92.17889,25.12613],[92.17682,25.12385],[92.17624,25.12632],[92.17261,25.12675],[92.17092,25.12858],[92.16479,25.12539],[92.15959,25.1266],[92.1649,25.13046],[92.15952,25.12999],[92.15887,25.13299],[92.16296,25.1334],[92.16571,25.13595],[92.16256,25.13621],[92.15557,25.13322],[92.1527,25.13368],[92.15319,25.13621],[92.15084,25.13823],[92.14731,25.13525],[92.13584,25.13874],[92.13956,25.14094],[92.13955,25.13985],[92.14457,25.13966],[92.1344,25.14278],[92.13519,25.1456],[92.13389,25.14833],[92.1356,25.15151],[92.13411,25.15274],[92.13791,25.15189],[92.13974,25.15376],[92.13286,25.15634],[92.13288,25.16015],[92.12044,25.16383],[92.11795,25.16656],[92.10905,25.17035],[92.10772,25.1726],[92.10526,25.17259],[92.10445,25.17463],[92.0923,25.17754],[92.08323,25.18227],[92.07885,25.18096],[92.07385,25.18495],[92.05601,25.18542],[92.05543,25.18426],[92.05432,25.18644],[92.04938,25.18696],[92.04934,25.18538],[92.04733,25.18536],[92.04723,25.18639],[92.04055,25.18637],[92.03899,25.18231],[92.02791,25.18342],[92.02619,25.17917],[92.01845,25.1827],[92.01643,25.18721],[92.00376,25.18616],[91.99856,25.18401],[91.9834,25.17095],[91.97167,25.16758],[91.96682,25.17638],[91.93413,25.17808],[91.93289,25.18051],[91.93232,25.17942],[91.91617,25.18135],[91.90742,25.17931],[91.89851,25.18008],[91.89739,25.17807],[91.89388,25.17835],[91.89414,25.17616],[91.88449,25.1771],[91.88063,25.17292],[91.87615,25.17558],[91.87598,25.17744],[91.87091,25.17431],[91.86441,25.17529],[91.86152,25.17245],[91.8556,25.17249],[91.84079,25.1769],[91.82704,25.1778],[91.8266,25.1762],[91.82304,25.17679],[91.81765,25.17121],[91.80421,25.17177],[91.80387,25.17018],[91.80707,25.16973],[91.80636,25.1682],[91.79725,25.16881],[91.78837,25.16742],[91.77461,25.16313],[91.76634,25.16748],[91.76354,25.16629],[91.75856,25.16837],[91.75489,25.17176],[91.75603,25.1775],[91.74733,25.17399],[91.74469,25.16985],[91.74983,25.15922],[91.74864,25.15618],[91.74468,25.15316],[91.74407,25.14656],[91.74247,25.1446],[91.74764,25.14015],[91.73623,25.14351],[91.73549,25.14973],[91.73274,25.14781],[91.73176,25.14817],[91.73297,25.15022],[91.71655,25.15233],[91.71434,25.15763],[91.70834,25.15909],[91.7055,25.15692],[91.70384,25.16003],[91.7005,25.15573],[91.70322,25.15347],[91.70355,25.14949],[91.70223,25.14893],[91.70103,25.15058],[91.6988,25.14618],[91.6945,25.14556],[91.69423,25.14038],[91.6918,25.13712],[91.68629,25.13773],[91.6807,25.13498],[91.67564,25.13805],[91.66994,25.1379],[91.66401,25.13523],[91.66503,25.12843],[91.66002,25.12704],[91.65843,25.12919],[91.65888,25.13148],[91.65277,25.1312],[91.65179,25.12745],[91.64544,25.12721],[91.64206,25.12307],[91.63791,25.12254],[91.62699,25.12543],[91.6232,25.12788],[91.62151,25.14341],[91.61545,25.14511],[91.61226,25.14097],[91.61112,25.14627],[91.60704,25.14474],[91.60377,25.14018],[91.60209,25.14272],[91.59941,25.15107],[91.60264,25.15488],[91.60363,25.15901],[91.59998,25.1596],[91.60406,25.16745],[91.60861,25.16983],[91.61543,25.16966],[91.61518,25.17472],[91.60973,25.17705],[91.60551,25.17364],[91.59207,25.17434],[91.58908,25.17165],[91.57706,25.17196],[91.57157,25.16527],[91.57658,25.15982],[91.57131,25.1609],[91.56695,25.15931],[91.56307,25.16064],[91.55812,25.15551],[91.55721,25.14976],[91.5265,25.1445],[91.51706,25.14777],[91.50955,25.14745],[91.50105,25.14306],[91.50166,25.1402],[91.4996,25.13542],[91.49251,25.13687],[91.49368,25.13854],[91.49195,25.13886],[91.48929,25.1351],[91.48229,25.13711],[91.47801,25.13647],[91.47979,25.1353],[91.47821,25.13379],[91.47102,25.13359],[91.46423,25.13481],[91.46505,25.13703],[91.47045,25.13971],[91.467,25.14379],[91.46951,25.15082],[91.46863,25.15179],[91.46109,25.15122],[91.45702,25.14824],[91.45314,25.1526],[91.4508,25.15204],[91.4496,25.14916],[91.44335,25.15069],[91.44058,25.14963],[91.43723,25.15408],[91.43268,25.1568],[91.42512,25.15699],[91.42261,25.16219],[91.41465,25.17113],[91.41214,25.16942],[91.41286,25.16733],[91.41087,25.16366],[91.40677,25.16611],[91.39865,25.16446],[91.38856,25.16757],[91.38626,25.16995],[91.37642,25.16795],[91.3688,25.17062],[91.36382,25.17807],[91.36098,25.1778],[91.35375,25.17126],[91.35159,25.17581],[91.33752,25.17349],[91.33197,25.1774],[91.32703,25.17618],[91.32432,25.18073],[91.31778,25.18367],[91.30446,25.1826],[91.30013,25.18424],[91.29248,25.1838],[91.28844,25.18649],[91.28657,25.18535],[91.28868,25.19012],[91.29223,25.19332],[91.27618,25.19905],[91.26801,25.20724],[91.26027,25.2051],[91.25979,25.20102],[91.25151,25.19912],[91.25163,25.19517],[91.24734,25.19776],[91.23719,25.19692],[91.23638,25.19903],[91.23326,25.1991],[91.23042,25.19689],[91.22449,25.20016],[91.22327,25.19901],[91.19468,25.20182],[91.16484,25.19585],[91.16032,25.19778],[91.15609,25.19621],[91.13966,25.19638],[91.12525,25.194],[91.06964,25.19841],[91.07188,25.19336],[91.06788,25.19153],[91.05515,25.19243],[91.04997,25.18973],[91.04161,25.18764],[91.03955,25.18852],[91.03839,25.18626],[91.03041,25.18511],[91.01911,25.18697],[91.01878,25.18382],[91.00944,25.1832],[91.00611,25.18026],[91.00197,25.1813],[90.98474,25.17498],[90.97733,25.17401],[90.9731,25.17507],[90.96539,25.1709],[90.94882,25.17079],[90.9465,25.16756],[90.92801,25.16222],[90.91884,25.16334],[90.90462,25.16188],[90.89729,25.16626],[90.89453,25.16459],[90.88399,25.16672],[90.87511,25.16351],[90.87219,25.15978],[90.86592,25.16108],[90.86202,25.15763],[90.85944,25.16016],[90.85811,25.15954],[90.85989,25.15833],[90.85868,25.15774],[90.85419,25.15913],[90.84982,25.15764],[90.84442,25.15846],[90.84201,25.16431],[90.84074,25.16432],[90.84083,25.16107],[90.83664,25.16087],[90.81955,25.16261],[90.81793,25.16756],[90.81385,25.16751],[90.81557,25.16394],[90.814,25.16369],[90.80591,25.16594],[90.80416,25.16947],[90.80546,25.17363],[90.8027,25.17274],[90.79877,25.17432],[90.79473,25.18127],[90.78747,25.17873],[90.78401,25.17932],[90.7842,25.18128],[90.78156,25.18071],[90.78036,25.18612],[90.77493,25.18168],[90.76916,25.18261],[90.76344,25.17796],[90.76326,25.17593],[90.75891,25.17245],[90.76175,25.16996],[90.76041,25.1682],[90.75905,25.16782],[90.75844,25.16944],[90.7576,25.16816],[90.75666,25.16976],[90.74943,25.16691],[90.74762,25.164],[90.74208,25.16587],[90.74186,25.17024],[90.73992,25.16929],[90.73969,25.16667],[90.73422,25.16685],[90.73319,25.16202],[90.73788,25.16432],[90.74193,25.16125],[90.73924,25.15771],[90.73448,25.15817],[90.73328,25.15491],[90.73193,25.15498],[90.73147,25.15738],[90.72662,25.15806],[90.72567,25.16311],[90.7224,25.1647],[90.7175,25.16376],[90.71477,25.16757],[90.70998,25.16812],[90.70784,25.16607],[90.70656,25.16109],[90.70236,25.16206],[90.70064,25.16481],[90.69929,25.16116],[90.70059,25.15932],[90.69807,25.15683],[90.69504,25.16002],[90.69174,25.16087],[90.68993,25.16415],[90.68215,25.16425],[90.68052,25.16932],[90.68551,25.17224],[90.68617,25.17427],[90.681,25.17232],[90.67515,25.17249],[90.67565,25.17638],[90.67439,25.17637],[90.66995,25.16626],[90.66601,25.1658],[90.66655,25.1695],[90.66381,25.17286],[90.66515,25.17627],[90.66341,25.17881],[90.66545,25.18073],[90.66506,25.18388],[90.6648,25.18534],[90.66277,25.18555],[90.66379,25.18833],[90.66255,25.19158],[90.66513,25.19633],[90.66342,25.19785],[90.66122,25.18904],[90.65695,25.18476],[90.65238,25.19224],[90.64884,25.19488],[90.64756,25.194],[90.65256,25.18859],[90.65139,25.1881],[90.65238,25.18687],[90.65114,25.18202],[90.64599,25.18083],[90.64035,25.18359],[90.63879,25.18008],[90.64189,25.17667],[90.64094,25.17453],[90.63456,25.17603],[90.63205,25.17355],[90.62705,25.17222],[90.62518,25.17414],[90.62042,25.1744],[90.61828,25.17254],[90.61648,25.17737],[90.61388,25.17367],[90.61267,25.17698],[90.60939,25.17911],[90.60736,25.17614],[90.60472,25.17638],[90.60468,25.17463],[90.59939,25.17654],[90.59355,25.17514],[90.58787,25.17651],[90.58624,25.17349],[90.579,25.17477],[90.57598,25.17164],[90.56977,25.1736],[90.56474,25.17335],[90.56409,25.17143],[90.55977,25.17354],[90.55498,25.17168],[90.55134,25.17523],[90.54556,25.1736],[90.53803,25.17528],[90.5353,25.17331],[90.52595,25.17382],[90.51866,25.17219],[90.50864,25.17535],[90.50986,25.16942],[90.49905,25.17217],[90.49926,25.1686],[90.48851,25.16411],[90.48588,25.16107],[90.46355,25.1542],[90.45085,25.15239],[90.44942,25.14662],[90.44639,25.14478],[90.44108,25.14451],[90.41873,25.15058],[90.40448,25.15995],[90.40022,25.15898],[90.37046,25.16284],[90.34676,25.17834],[90.33674,25.18948],[90.33024,25.19382],[90.32339,25.19215],[90.31665,25.19286],[90.31043,25.18877],[90.28655,25.19568],[90.28159,25.19531],[90.26814,25.19841],[90.26406,25.19625],[90.2555,25.19979],[90.249,25.20011],[90.23399,25.2049],[90.22867,25.20329],[90.22553,25.20047],[90.21942,25.20666],[90.21521,25.20539],[90.20789,25.21021],[90.19595,25.21103],[90.19196,25.21506],[90.18803,25.21512],[90.17147,25.22306],[90.12813,25.22563],[90.11811,25.22346],[90.10535,25.22925],[90.09426,25.23733],[90.0813,25.24037],[90.07414,25.24395],[90.05954,25.25464],[90.05452,25.26136],[90.04672,25.26063],[90.03376,25.26226],[90.00438,25.28051],[89.996,25.27664],[89.98076,25.28085],[89.98038,25.29068],[89.97708,25.29679],[89.96665,25.30369],[89.96396,25.30188],[89.9545,25.301],[89.94924,25.29271],[89.94695,25.29472],[89.94567,25.30286],[89.94392,25.30436],[89.93903,25.29904],[89.9271,25.30133],[89.92353,25.30428],[89.91455,25.30703],[89.90719,25.30777],[89.89923,25.30465],[89.89537,25.29919],[89.89263,25.29808],[89.89009,25.29196],[89.88695,25.29164],[89.88519,25.28798],[89.8766,25.28533],[89.8632,25.2879],[89.85931,25.28602],[89.85397,25.28942],[89.84857,25.28938],[89.84478,25.29242],[89.83118,25.29603],[89.83769,25.30236],[89.83727,25.30532],[89.84161,25.30815],[89.8414,25.31479],[89.83831,25.32342],[89.83211,25.33243],[89.8268,25.34676],[89.8233,25.34823],[89.82144,25.35552],[89.82125,25.37424],[89.81959,25.38038],[89.82707,25.40154],[89.82543,25.41335],[89.83276,25.43885],[89.84301,25.45646],[89.85149,25.46549],[89.86543,25.47169],[89.87169,25.47735],[89.87228,25.48594],[89.87669,25.4955],[89.87687,25.50063],[89.87287,25.50742],[89.88594,25.50792],[89.88411,25.51424],[89.8807,25.51674],[89.88349,25.51911],[89.87995,25.518],[89.87734,25.51962],[89.87335,25.51689],[89.87347,25.51945],[89.87174,25.51853],[89.87149,25.52192],[89.86883,25.52149],[89.86794,25.52424],[89.86808,25.52987],[89.87883,25.5377],[89.87495,25.54373],[89.87717,25.54899],[89.8853,25.55499],[89.89191,25.55557],[89.89865,25.56051],[89.90157,25.55894],[89.90747,25.56135],[89.90959,25.56045],[89.91225,25.56317],[89.93687,25.5644],[89.94106,25.56826],[89.9538,25.57079],[89.9605,25.57445],[89.97216,25.57349],[89.97542,25.57611],[89.97854,25.58696],[89.9828,25.59094],[89.98771,25.59155],[89.99739,25.58591],[90.0017,25.60121],[90.00458,25.59944],[90.01253,25.60047],[90.01843,25.60139],[90.0193,25.6045],[90.02458,25.60396],[90.02887,25.6054],[90.01974,25.60708],[90.01598,25.61029],[90.01387,25.61583],[90.00658,25.62023],[90.00585,25.62413],[89.99716,25.62261],[89.9954,25.62459],[89.99175,25.62408],[89.98318,25.62679],[89.98335,25.63055],[89.97916,25.63878],[89.96485,25.6468],[89.96293,25.64948],[89.95045,25.6556],[89.94674,25.66187],[89.94715,25.66615],[89.94544,25.66788],[89.94744,25.67103],[89.94287,25.67242],[89.94442,25.67926],[89.9373,25.68615],[89.93671,25.68943],[89.92358,25.69449],[89.91871,25.70515],[89.91348,25.70856],[89.9026,25.72526],[89.89913,25.72642],[89.89867,25.72957],[89.89569,25.73155],[89.8944,25.73494],[89.89474,25.74497],[89.89995,25.74709],[89.92428,25.73834],[89.92816,25.73904],[89.93728,25.74512],[89.93563,25.75468],[89.94489,25.75598],[89.94885,25.76184],[89.95308,25.7648],[89.95728,25.7755],[89.95537,25.77807],[89.95967,25.78153],[89.95443,25.78768],[89.95592,25.79325],[89.95488,25.79686],[89.95856,25.80173],[89.95491,25.80537],[89.9555,25.81157],[89.94966,25.81576],[89.95183,25.82161],[89.94845,25.82407],[89.94885,25.82643],[89.96027,25.82987],[89.96067,25.82784],[89.95494,25.82529],[89.95405,25.82277],[89.95693,25.82046],[89.9616,25.8196],[89.96327,25.82176],[89.96725,25.82234],[89.96397,25.83266],[89.96615,25.83233],[89.96829,25.82805],[89.97293,25.82685],[89.97771,25.82952],[89.97917,25.83446],[89.98644,25.83438],[89.99724,25.83707],[89.99624,25.84375],[90.00689,25.84606],[90.01488,25.85079],[90.01685,25.85292],[90.01725,25.85698],[90.02108,25.86002],[90.02343,25.87005],[90.01293,25.87266],[90.00565,25.87908],[90.00735,25.88097],[90.01098,25.88457],[90.01386,25.88506],[90.01916,25.89229],[90.02452,25.89605],[90.03364,25.89497],[90.03391,25.89226],[90.04137,25.88791],[90.04287,25.88851],[90.04321,25.89276],[90.04107,25.89439],[90.04622,25.89639],[90.04766,25.90034],[90.055,25.90091],[90.0565,25.90351],[90.05544,25.90639],[90.0627,25.91123],[90.06025,25.91388],[90.06688,25.91343],[90.07045,25.91855],[90.07287,25.91853],[90.07638,25.91521],[90.08643,25.91971],[90.08555,25.92532],[90.09075,25.92868],[90.09404,25.92849],[90.0924,25.93839],[90.09829,25.93777],[90.10143,25.94047],[90.10081,25.9438],[90.10401,25.94214],[90.10646,25.94268],[90.10454,25.94492],[90.1075,25.9497],[90.11169,25.95165],[90.11615,25.95709],[90.11952,25.95822],[90.12079,25.95698],[90.11947,25.9546],[90.12931,25.95732],[90.13978,25.9563],[90.1399,25.95898],[90.14454,25.96044],[90.15192,25.9658],[90.15528,25.95814],[90.15816,25.95616],[90.16723,25.95538],[90.17731,25.95876],[90.17671,25.95564],[90.18042,25.95037],[90.18059,25.94449],[90.18463,25.94379],[90.18851,25.94686],[90.18887,25.95065],[90.19174,25.95535],[90.19986,25.95734],[90.20196,25.96074],[90.20945,25.95956],[90.21177,25.95268],[90.21606,25.95265],[90.2702,25.96018],[90.32689,25.97407],[90.33122,25.98283],[90.33182,25.98732],[90.34096,25.98909],[90.34289,25.99627],[90.3469,25.99794],[90.34692,26.00052],[90.34947,26.00339],[90.36849,26.01069],[90.39017,26.01024],[90.39769,26.01206],[90.40806,26.00417],[90.41137,26.00447],[90.4117,26.00055],[90.41636,25.99716],[90.41694,25.99133],[90.42374,25.98888],[90.42906,25.98881],[90.45591,26.00026],[90.47129,26.01221],[90.47873,26.01361],[90.4898,26.00469],[90.49648,26.00379],[90.50145,26.00098],[90.51744,25.97469],[90.53411,25.95981],[90.53696,25.95019],[90.53515,25.94856],[90.53646,25.9411],[90.53447,25.93836],[90.5361,25.93521],[90.5333,25.93136],[90.53227,25.93314],[90.52537,25.93275],[90.52449,25.92526],[90.5197,25.9138],[90.51658,25.9103],[90.51763,25.90675],[90.51223,25.90053],[90.51505,25.8964],[90.51928,25.89739],[90.52639,25.90462],[90.53262,25.90684],[90.53793,25.91075],[90.53875,25.91347],[90.54963,25.91475],[90.54622,25.91816],[90.5463,25.92149],[90.5491,25.92093],[90.54831,25.92472],[90.55317,25.92516],[90.55568,25.92866],[90.57344,25.93765],[90.57481,25.9412],[90.57258,25.94909],[90.58116,25.95799],[90.58354,25.95872],[90.58808,25.95665],[90.58818,25.95514],[90.59616,25.95318],[90.59822,25.95114],[90.6034,25.95342],[90.60724,25.94587],[90.62642,25.93652],[90.60712,25.9187],[90.60701,25.9106],[90.6114,25.90743],[90.61329,25.89953],[90.61792,25.89784],[90.62443,25.89796],[90.63035,25.90594],[90.63032,25.90938],[90.62588,25.90982],[90.62573,25.91276],[90.62833,25.91757],[90.6321,25.92005],[90.67194,25.93427],[90.68786,25.94892],[90.70726,25.95209],[90.71374,25.95177],[90.71767,25.95512],[90.71899,25.95436],[90.71952,25.94888],[90.72451,25.94681],[90.73076,25.9515],[90.73773,25.95243],[90.73742,25.95572],[90.74261,25.95808],[90.74428,25.9551],[90.748,25.9568],[90.74519,25.95355],[90.74531,25.95069],[90.74773,25.95001],[90.74767,25.94838],[90.74006,25.9391],[90.74622,25.92817],[90.75269,25.93435],[90.75453,25.93352],[90.75405,25.92951],[90.74686,25.92489],[90.7477,25.91894],[90.73857,25.91586],[90.74475,25.91164],[90.75097,25.91835],[90.76043,25.92197],[90.76057,25.91575],[90.75669,25.91351],[90.75658,25.91107],[90.76628,25.90772],[90.77801,25.9087],[90.77795,25.91128],[90.78107,25.91135],[90.78328,25.92185],[90.78532,25.92429],[90.78449,25.92513],[90.79638,25.94052],[90.80915,25.94741],[90.80788,25.95097],[90.80905,25.95244],[90.8162,25.94893],[90.81927,25.95032],[90.82441,25.9454],[90.8259,25.94869],[90.83291,25.94586],[90.83619,25.94842],[90.83547,25.93661],[90.83904,25.94131],[90.84234,25.94212],[90.84436,25.94597],[90.84847,25.94438],[90.87483,25.94255],[90.87169,25.94763],[90.87669,25.94942],[90.88108,25.94283],[90.88049,25.95049],[90.88453,25.95031],[90.88581,25.94492],[90.88966,25.94318],[90.89003,25.93807],[90.89745,25.93748],[90.89442,25.93118],[90.90529,25.9289],[90.90617,25.92502],[90.91684,25.91406],[90.91951,25.91522],[90.91543,25.9204],[90.91424,25.92571],[90.91557,25.93075],[90.91481,25.93589],[90.91734,25.94441],[90.91949,25.94445],[90.92194,25.94134],[90.92393,25.94287],[90.93386,25.93977],[90.93999,25.9473],[90.94743,25.94809],[90.94547,25.94487],[90.94614,25.94101],[90.95704,25.93496],[90.96662,25.91406],[90.969,25.90375],[90.96598,25.88844],[90.96885,25.88522],[90.97605,25.88967],[91.00066,25.88794],[91.00103,25.88582],[91.0106,25.88417],[91.01791,25.88456],[91.02522,25.88878],[91.03055,25.8858],[91.02791,25.86933],[91.01402,25.85687],[91.01531,25.8484],[91.01148,25.84591],[91.01221,25.84178],[91.01024,25.83733],[91.00798,25.83796],[91.00693,25.83249],[91.00132,25.82512],[91.00601,25.82038],[91.02245,25.82377],[91.02863,25.83116],[91.03208,25.83285],[91.0325,25.835],[91.03923,25.83689],[91.04822,25.8492],[91.06721,25.84663],[91.0785,25.85274],[91.07298,25.84589],[91.07319,25.84014],[91.07186,25.83876],[91.06773,25.83681],[91.06641,25.83886],[91.05937,25.83666],[91.05773,25.83177],[91.05297,25.83181],[91.04888,25.82927],[91.06214,25.82078],[91.06697,25.82573],[91.07714,25.82894],[91.12036,25.83293],[91.12946,25.84261],[91.13611,25.84263],[91.14755,25.85049],[91.1599,25.84995],[91.17362,25.84441],[91.18012,25.84417],[91.18383,25.85046],[91.18906,25.852],[91.19583,25.86139],[91.19768,25.84926],[91.20364,25.84321],[91.19729,25.83524],[91.19468,25.83486],[91.19446,25.82728],[91.18937,25.82374],[91.18631,25.81836],[91.19044,25.81143],[91.18419,25.79889],[91.18207,25.7836],[91.1784,25.78016],[91.17826,25.77735],[91.18513,25.77199],[91.18416,25.76643],[91.18929,25.76395],[91.18935,25.75286],[91.1865,25.73867],[91.19291,25.73687],[91.19365,25.73418],[91.19198,25.73036],[91.20431,25.72932],[91.20947,25.72555],[91.21998,25.72682],[91.22093,25.72187],[91.22605,25.72694],[91.23469,25.73005],[91.24701,25.74153],[91.25678,25.74793],[91.26512,25.74978],[91.27341,25.74563],[91.27439,25.75036],[91.27898,25.75736],[91.28863,25.7655],[91.29004,25.77264],[91.29456,25.77592],[91.29556,25.78018],[91.30185,25.78648],[91.30259,25.7899],[91.30971,25.79888],[91.31472,25.80959],[91.32075,25.81572],[91.32232,25.82153],[91.33432,25.83307],[91.33326,25.83675],[91.33535,25.84054],[91.34404,25.83712],[91.34672,25.84003],[91.35216,25.83856],[91.35774,25.84149],[91.36583,25.84003],[91.37105,25.84262],[91.3729,25.84672],[91.38114,25.84563],[91.39314,25.84759],[91.40273,25.8514],[91.40586,25.85001],[91.41346,25.85357],[91.42247,25.85447],[91.42817,25.85264],[91.43583,25.84356],[91.44515,25.83974],[91.44838,25.84189],[91.44861,25.845],[91.46178,25.85434],[91.46308,25.857],[91.46947,25.85916],[91.4779,25.85727],[91.48366,25.86417],[91.49577,25.86382],[91.49737,25.86109],[91.50342,25.86425],[91.51372,25.86397],[91.52236,25.87285],[91.52795,25.87316],[91.53043,25.87125],[91.53043,25.88163],[91.53519,25.88388],[91.53298,25.88816],[91.52772,25.89085],[91.52555,25.89091],[91.52129,25.88346],[91.52131,25.87511],[91.51383,25.86622],[91.51142,25.86534],[91.4912,25.86594],[91.47538,25.86988],[91.47604,25.87252],[91.47481,25.87402],[91.47784,25.88048],[91.47837,25.88747],[91.484,25.89304],[91.49191,25.89585],[91.49943,25.89119],[91.5039,25.89117],[91.49874,25.89599],[91.50421,25.90288],[91.50488,25.90777],[91.52057,25.91681],[91.52097,25.91906],[91.53302,25.92657],[91.53695,25.93121],[91.53653,25.93574],[91.53255,25.92989],[91.52276,25.92531],[91.51791,25.91966],[91.51299,25.91678],[91.50955,25.91721],[91.50467,25.91139],[91.50318,25.91415],[91.50447,25.91672],[91.50124,25.91886],[91.50177,25.92429],[91.50325,25.92683],[91.50675,25.92842],[91.50796,25.93228],[91.51381,25.93289],[91.51515,25.94123],[91.51982,25.93988],[91.51658,25.95571],[91.51808,25.95973],[91.52217,25.95947],[91.5253,25.96163],[91.52865,25.96064],[91.53036,25.96307],[91.53562,25.9623],[91.5354,25.96673],[91.53836,25.97141],[91.54272,25.97317],[91.5447,25.97591],[91.55125,25.9766],[91.5517,25.98503],[91.55745,25.99274],[91.56045,26.00123],[91.56497,26.00212],[91.56354,26.00761],[91.57207,26.01547],[91.56922,26.01821],[91.57073,26.02568],[91.57984,26.03325],[91.58872,26.02956],[91.59407,26.02168],[91.59389,26.01978],[91.59753,26.01807],[91.60023,26.02161],[91.62035,26.02577],[91.62616,26.02237],[91.62979,26.02278],[91.63238,26.0198],[91.63118,26.01775],[91.63189,26.01439],[91.635,26.01248],[91.63282,26.01146],[91.63047,26.00389],[91.62712,26.0012],[91.62947,25.99849],[91.62863,25.99532],[91.63023,25.99013],[91.62624,25.98887],[91.62606,25.98668],[91.62853,25.98244],[91.62825,25.97615],[91.63551,25.97033],[91.6406,25.9633],[91.63436,25.96051],[91.6294,25.94715],[91.62982,25.94325],[91.62616,25.94219],[91.62289,25.94479],[91.61188,25.94503],[91.60916,25.9393],[91.61012,25.93697],[91.61356,25.93613],[91.61558,25.93372],[91.62129,25.93233],[91.62559,25.92579],[91.63046,25.92495],[91.63221,25.92179],[91.6365,25.92133],[91.65149,25.90628],[91.66342,25.90776],[91.6706,25.90415],[91.67884,25.91625],[91.68808,25.92021],[91.68943,25.92462],[91.69893,25.93501],[91.70113,25.93563],[91.7024,25.94127],[91.71348,25.94405],[91.71333,25.94573],[91.72011,25.9536],[91.72024,25.96085],[91.72252,25.96572],[91.71978,25.96583],[91.72111,25.96855],[91.72007,25.98177],[91.72153,25.98833],[91.71962,25.9929],[91.72132,26.01273],[91.7246,26.01936],[91.72274,26.0356],[91.72526,26.04686],[91.73343,26.04952],[91.73273,26.05057],[91.73456,26.05118],[91.73485,26.05438],[91.73708,26.05652],[91.73123,26.05733],[91.73181,26.05997],[91.74213,26.06284],[91.74372,26.06556],[91.75266,26.06677],[91.75707,26.07036],[91.76273,26.07235],[91.763,26.07461],[91.77728,26.08935],[91.78332,26.08809],[91.78586,26.08401],[91.79136,26.08523],[91.80035,26.10004],[91.80292,26.09526],[91.80562,26.09912],[91.80904,26.09779],[91.81014,26.10329],[91.81702,26.11115],[91.82023,26.11255],[91.8213,26.11751],[91.8254,26.11941],[91.83085,26.11844],[91.83382,26.11576]]]}},{"type":"Feature","properties":{"slug":"mizoram","name":"Mizoram","villages":0,"districts":0,"taluks":0,"nodata":true},"geometry":{"type":"Polygon","coordinates":[[[92.7636,24.52112],[92.79654,24.43323],[92.80125,24.42981],[92.80114,24.42552],[92.80267,24.42452],[92.80177,24.42074],[92.79935,24.41929],[92.80432,24.41769],[92.80682,24.41901],[92.80898,24.41586],[92.80878,24.41284],[92.81159,24.41345],[92.81005,24.41202],[92.81214,24.41164],[92.81243,24.40945],[92.81892,24.41021],[92.81766,24.40818],[92.82014,24.40387],[92.82992,24.40045],[92.82312,24.38663],[92.82659,24.3814],[92.82555,24.3775],[92.82935,24.37385],[92.83573,24.37865],[92.83983,24.37686],[92.84334,24.37803],[92.84521,24.37987],[92.84622,24.38616],[92.86092,24.39866],[92.86878,24.39481],[92.87332,24.39503],[92.88366,24.40258],[92.88853,24.3985],[92.89143,24.40061],[92.89078,24.3985],[92.89254,24.39764],[92.89295,24.39284],[92.90286,24.39123],[92.9039,24.39237],[92.90285,24.39593],[92.90669,24.40292],[92.90705,24.41145],[92.90932,24.41307],[92.91094,24.41214],[92.90925,24.4103],[92.92197,24.40368],[92.92035,24.40105],[92.92434,24.39806],[92.92417,24.39622],[92.9275,24.39664],[92.93118,24.39317],[92.93468,24.39298],[92.93668,24.39856],[92.93929,24.40089],[92.94544,24.40022],[92.94759,24.40253],[92.95115,24.40316],[92.95327,24.40175],[92.9579,24.39207],[92.96015,24.3921],[92.9662,24.39701],[92.96847,24.40136],[92.97382,24.40588],[92.97364,24.40847],[92.9848,24.40581],[92.98864,24.40369],[92.99199,24.3993],[92.99427,24.39911],[92.99925,24.40055],[93.00385,24.40713],[93.00673,24.40791],[93.00631,24.41131],[93.00883,24.41184],[93.00925,24.40646],[93.0169,24.40135],[93.02503,24.39203],[93.02284,24.38623],[93.0184,24.38308],[93.02176,24.3737],[93.01782,24.36465],[93.01781,24.3505],[93.01991,24.34793],[93.02966,24.34455],[93.03554,24.34577],[93.04054,24.34198],[93.03465,24.32303],[93.02375,24.30294],[93.01883,24.29609],[93.00803,24.28669],[93.00741,24.27798],[93.01246,24.27131],[93.00427,24.25972],[93.00919,24.24347],[93.01651,24.23585],[93.0238,24.23417],[93.01966,24.23091],[93.01592,24.22447],[93.02194,24.21778],[93.0199,24.20982],[93.0144,24.19939],[93.01153,24.1977],[92.9994,24.19713],[92.99946,24.19359],[93.00765,24.18223],[93.00304,24.17378],[93.00603,24.16196],[93.00302,24.15774],[92.98839,24.1494],[92.98772,24.14542],[92.99045,24.1366],[92.9834,24.12566],[92.97473,24.12575],[92.97103,24.12137],[92.97066,24.11816],[92.97289,24.11249],[92.99141,24.11548],[93.00996,24.10672],[93.01342,24.10125],[93.02232,24.09998],[93.02682,24.101],[93.03444,24.09725],[93.03799,24.09232],[93.04166,24.093],[93.04608,24.09027],[93.05196,24.08959],[93.06227,24.09282],[93.06857,24.09875],[93.07472,24.10202],[93.07855,24.10185],[93.08251,24.08963],[93.08761,24.08163],[93.09203,24.08042],[93.09743,24.07373],[93.09795,24.06562],[93.09962,24.0635],[93.09755,24.06132],[93.09721,24.05637],[93.10103,24.05294],[93.09739,24.04994],[93.09699,24.04406],[93.09945,24.04337],[93.1034,24.04686],[93.10271,24.04843],[93.10419,24.05004],[93.10647,24.04865],[93.11236,24.05451],[93.11417,24.05408],[93.11395,24.05581],[93.11806,24.05603],[93.11697,24.05737],[93.11932,24.05824],[93.11828,24.05939],[93.12129,24.05899],[93.11989,24.06075],[93.12615,24.06231],[93.13188,24.07167],[93.13094,24.07296],[93.13374,24.07671],[93.13323,24.07841],[93.13989,24.08487],[93.14056,24.0881],[93.15013,24.08439],[93.16113,24.07353],[93.16583,24.07377],[93.16624,24.07048],[93.16275,24.06009],[93.16327,24.0557],[93.1673,24.0517],[93.18715,24.05412],[93.20996,24.04837],[93.2127,24.04947],[93.22032,24.06097],[93.22273,24.07097],[93.21889,24.07856],[93.22044,24.08358],[93.2242,24.08474],[93.23228,24.08239],[93.23845,24.08329],[93.25055,24.08035],[93.26108,24.07043],[93.26127,24.06221],[93.26341,24.05838],[93.25954,24.05548],[93.25736,24.05111],[93.25105,24.0327],[93.25135,24.03049],[93.25524,24.02842],[93.25365,24.02123],[93.25689,24.02516],[93.26997,24.03249],[93.27387,24.03654],[93.27418,24.03944],[93.28203,24.04274],[93.28682,24.04791],[93.2872,24.05266],[93.29358,24.04873],[93.30345,24.05281],[93.31528,24.05186],[93.31781,24.05315],[93.32322,24.04844],[93.32576,24.04836],[93.32763,24.04237],[93.33196,24.04251],[93.33406,24.04045],[93.33751,24.04117],[93.3374,24.03914],[93.33239,24.03802],[93.33522,24.03553],[93.32871,24.0338],[93.32591,24.02992],[93.33182,24.02997],[93.33071,24.02709],[93.33779,24.0256],[93.33896,24.02148],[93.3351,24.01903],[93.33157,24.02107],[93.3296,24.02044],[93.33041,24.01531],[93.3335,24.01444],[93.33283,24.00761],[93.33449,24.00471],[93.33221,23.99941],[93.3343,23.99773],[93.33424,23.99218],[93.3375,23.98967],[93.32883,23.98492],[93.33155,23.98398],[93.33415,23.98513],[93.33506,23.9826],[93.33248,23.98026],[93.33328,23.97906],[93.33947,23.98056],[93.33669,23.97588],[93.34328,23.97508],[93.34401,23.97124],[93.34103,23.96979],[93.34672,23.96442],[93.34749,23.96126],[93.35012,23.96261],[93.35114,23.96165],[93.35201,23.95729],[93.35025,23.95455],[93.35285,23.95352],[93.35358,23.95107],[93.35111,23.94829],[93.34876,23.94913],[93.34856,23.94805],[93.3503,23.94624],[93.35316,23.94694],[93.35452,23.94329],[93.35076,23.94165],[93.35565,23.94195],[93.3575,23.94545],[93.36119,23.94476],[93.35933,23.94093],[93.36371,23.93835],[93.3654,23.93357],[93.36874,23.93287],[93.36893,23.93018],[93.37159,23.93235],[93.37838,23.93281],[93.3807,23.93453],[93.3849,23.9301],[93.38682,23.9312],[93.39294,23.92913],[93.39064,23.92688],[93.39067,23.92382],[93.39316,23.92567],[93.39428,23.92428],[93.39162,23.91851],[93.39528,23.91537],[93.3914,23.91424],[93.39182,23.90649],[93.3901,23.90603],[93.39145,23.90353],[93.39003,23.9019],[93.38925,23.88884],[93.38464,23.87681],[93.38476,23.87301],[93.38764,23.86866],[93.38683,23.86663],[93.38879,23.86511],[93.38565,23.85854],[93.38757,23.85515],[93.38496,23.84813],[93.38852,23.84071],[93.38873,23.83479],[93.39016,23.83384],[93.38862,23.83288],[93.39001,23.83011],[93.38846,23.82557],[93.39239,23.82342],[93.3902,23.82116],[93.39005,23.81772],[93.39262,23.81641],[93.39433,23.81755],[93.39668,23.81407],[93.3985,23.81528],[93.40188,23.81245],[93.40326,23.80697],[93.40285,23.79709],[93.39789,23.79278],[93.3977,23.78791],[93.3963,23.78653],[93.39649,23.7805],[93.39409,23.77441],[93.39571,23.76852],[93.39169,23.76118],[93.39155,23.75669],[93.39524,23.75386],[93.39504,23.74943],[93.40377,23.74527],[93.40399,23.73774],[93.40655,23.73255],[93.41095,23.72941],[93.4099,23.72675],[93.41096,23.72375],[93.40934,23.72099],[93.41229,23.71743],[93.40999,23.71799],[93.40614,23.71532],[93.40859,23.7087],[93.40727,23.70724],[93.40929,23.70669],[93.41024,23.7038],[93.41945,23.70149],[93.42133,23.69921],[93.41984,23.6986],[93.42117,23.69601],[93.42519,23.69266],[93.42554,23.68928],[93.42732,23.68806],[93.43691,23.68704],[93.43505,23.67913],[93.4361,23.67805],[93.43143,23.67489],[93.43288,23.67304],[93.4311,23.67342],[93.42559,23.66427],[93.4258,23.66222],[93.42242,23.65997],[93.4241,23.6561],[93.42039,23.65332],[93.422,23.65165],[93.41958,23.65008],[93.42028,23.64886],[93.4165,23.64763],[93.41843,23.64671],[93.41714,23.63765],[93.42338,23.63387],[93.42267,23.63116],[93.42458,23.62954],[93.42157,23.6269],[93.42269,23.62458],[93.41994,23.62345],[93.42243,23.61552],[93.42052,23.6116],[93.42208,23.61032],[93.42164,23.60733],[93.42448,23.60491],[93.42167,23.60312],[93.4257,23.60127],[93.42419,23.60083],[93.42635,23.5996],[93.42585,23.59636],[93.42756,23.59411],[93.42586,23.59103],[93.42856,23.58828],[93.42323,23.58444],[93.42207,23.57137],[93.41812,23.56868],[93.41467,23.57116],[93.41355,23.56507],[93.40982,23.56365],[93.41378,23.56027],[93.40915,23.55872],[93.40906,23.55741],[93.41244,23.55644],[93.41533,23.54457],[93.41854,23.54001],[93.41398,23.52954],[93.40919,23.52343],[93.40875,23.51731],[93.4038,23.51672],[93.40421,23.51249],[93.40157,23.50992],[93.39796,23.51056],[93.39695,23.50499],[93.39472,23.50376],[93.39528,23.49147],[93.39379,23.48668],[93.39599,23.48392],[93.39551,23.48132],[93.3925,23.47881],[93.3954,23.47502],[93.39816,23.4748],[93.39746,23.47287],[93.39931,23.47188],[93.39741,23.46629],[93.39396,23.46447],[93.39419,23.45834],[93.39221,23.45737],[93.39601,23.45367],[93.39296,23.45078],[93.39476,23.44807],[93.39301,23.44777],[93.39055,23.45072],[93.38801,23.44638],[93.39108,23.44203],[93.38929,23.43278],[93.38984,23.42389],[93.38831,23.42082],[93.39079,23.41856],[93.39149,23.40829],[93.39444,23.39717],[93.39813,23.39657],[93.39834,23.3928],[93.40239,23.38932],[93.40165,23.38375],[93.39696,23.38354],[93.395,23.37682],[93.39305,23.37503],[93.38649,23.37408],[93.38694,23.37184],[93.3912,23.37004],[93.38796,23.36742],[93.3893,23.36452],[93.38763,23.3594],[93.38401,23.36193],[93.38141,23.35819],[93.37932,23.36083],[93.37119,23.35907],[93.36587,23.35651],[93.36075,23.35631],[93.35577,23.35189],[93.35829,23.34609],[93.35812,23.3423],[93.36304,23.33632],[93.37009,23.33306],[93.37288,23.32942],[93.3716,23.32615],[93.36692,23.32216],[93.36755,23.31974],[93.37147,23.31656],[93.37157,23.31354],[93.36383,23.31323],[93.36729,23.31046],[93.37162,23.30961],[93.36508,23.30634],[93.36854,23.30183],[93.366,23.29398],[93.36993,23.28717],[93.3669,23.28098],[93.36345,23.28132],[93.36261,23.27914],[93.36916,23.27607],[93.36571,23.2692],[93.3684,23.26877],[93.36939,23.26417],[93.37364,23.26126],[93.37023,23.25864],[93.37169,23.25463],[93.36947,23.25044],[93.37664,23.24789],[93.37621,23.24405],[93.37939,23.23782],[93.3788,23.23431],[93.38206,23.23221],[93.38127,23.2243],[93.38355,23.22392],[93.38861,23.21692],[93.38804,23.2152],[93.3806,23.21535],[93.37832,23.21237],[93.37799,23.2068],[93.37545,23.20422],[93.38027,23.1999],[93.37696,23.19026],[93.38064,23.18659],[93.37431,23.17722],[93.36865,23.1753],[93.37255,23.17119],[93.37123,23.16558],[93.37208,23.1593],[93.36925,23.15412],[93.37139,23.15234],[93.36823,23.1441],[93.37118,23.14109],[93.37828,23.14068],[93.38353,23.14449],[93.38645,23.14411],[93.38561,23.13384],[93.38448,23.13261],[93.37745,23.13263],[93.37759,23.12679],[93.37234,23.12605],[93.36621,23.12138],[93.36321,23.11494],[93.35566,23.11605],[93.3554,23.11314],[93.35851,23.10957],[93.35537,23.10372],[93.35429,23.09683],[93.3506,23.09135],[93.34713,23.09301],[93.34457,23.09177],[93.3464,23.0879],[93.34345,23.08595],[93.34351,23.08018],[93.33926,23.07383],[93.34518,23.07513],[93.35159,23.07289],[93.35206,23.0704],[93.34586,23.07097],[93.34081,23.0677],[93.34041,23.06487],[93.34325,23.05819],[93.33461,23.05945],[93.3336,23.04857],[93.32742,23.04752],[93.328,23.0396],[93.32368,23.03598],[93.32037,23.03667],[93.32031,23.02889],[93.31341,23.02622],[93.31385,23.01943],[93.3071,23.02141],[93.30452,23.02022],[93.29354,23.00644],[93.2904,23.00861],[93.28317,23.00837],[93.28076,23.00528],[93.27501,23.00391],[93.27124,23.01073],[93.26731,23.01048],[93.264,23.0081],[93.24691,23.0066],[93.24094,23.00715],[93.23551,23.01127],[93.22946,23.01165],[93.22843,23.01342],[93.23069,23.01774],[93.22978,23.01993],[93.22552,23.02027],[93.22499,23.02387],[93.2187,23.02394],[93.21505,23.0273],[93.21742,23.03387],[93.21635,23.03604],[93.21346,23.03594],[93.2113,23.03917],[93.20987,23.04854],[93.20201,23.05075],[93.20152,23.05485],[93.18822,23.05219],[93.18668,23.05816],[93.18461,23.05954],[93.17567,23.05405],[93.16896,23.04669],[93.1604,23.04795],[93.15986,23.04431],[93.15609,23.04318],[93.1528,23.04419],[93.15362,23.04573],[93.15135,23.05375],[93.14015,23.0533],[93.14033,23.05895],[93.13627,23.06065],[93.13392,23.05878],[93.13326,23.05474],[93.13537,23.04836],[93.1271,23.04427],[93.12581,23.04072],[93.12587,23.03531],[93.12827,23.03076],[93.12528,23.02427],[93.12322,23.00777],[93.12017,23.00244],[93.12599,23.00263],[93.12734,22.99609],[93.13194,22.99121],[93.13745,22.99181],[93.14063,22.98996],[93.13915,22.98164],[93.14381,22.97488],[93.14236,22.97152],[93.13576,22.97039],[93.13722,22.96176],[93.14132,22.95762],[93.14059,22.95367],[93.13804,22.95056],[93.14433,22.94685],[93.1461,22.94368],[93.1451,22.9323],[93.14813,22.92511],[93.15277,22.9217],[93.15437,22.91733],[93.16168,22.91663],[93.16454,22.91049],[93.16098,22.90877],[93.15026,22.90787],[93.14332,22.91296],[93.13978,22.91351],[93.13619,22.91205],[93.13117,22.90609],[93.1295,22.90126],[93.13367,22.89505],[93.13435,22.89129],[93.12865,22.87852],[93.12603,22.87644],[93.1275,22.87459],[93.12666,22.8706],[93.12405,22.86688],[93.1173,22.86311],[93.11886,22.85868],[93.11656,22.84607],[93.11812,22.84249],[93.11533,22.83597],[93.11019,22.83346],[93.11331,22.82999],[93.11234,22.82796],[93.10472,22.82576],[93.10338,22.82349],[93.10474,22.82107],[93.10942,22.82013],[93.11055,22.81805],[93.10503,22.81234],[93.0968,22.80891],[93.09472,22.80619],[93.09778,22.79263],[93.09571,22.7854],[93.10231,22.76744],[93.10017,22.76388],[93.10736,22.75262],[93.106,22.74282],[93.09855,22.72821],[93.09785,22.7179],[93.09278,22.71265],[93.09099,22.70481],[93.09306,22.70026],[93.09724,22.69839],[93.09881,22.69371],[93.09661,22.68674],[93.10086,22.68612],[93.10192,22.68267],[93.10089,22.68056],[93.09476,22.68053],[93.09546,22.67249],[93.10157,22.66511],[93.10152,22.66071],[93.10957,22.65549],[93.11081,22.64731],[93.10699,22.63997],[93.10826,22.63573],[93.11645,22.63111],[93.12137,22.62566],[93.12595,22.62581],[93.12797,22.62394],[93.12727,22.61706],[93.13369,22.61415],[93.13735,22.60332],[93.13704,22.598],[93.14031,22.59227],[93.13801,22.58284],[93.12858,22.57825],[93.12285,22.5673],[93.11569,22.56373],[93.11207,22.55762],[93.10933,22.54673],[93.10918,22.53705],[93.1125,22.53275],[93.10655,22.52703],[93.10853,22.52482],[93.12509,22.52549],[93.12821,22.52365],[93.12379,22.50838],[93.12572,22.50171],[93.13456,22.49175],[93.13282,22.48789],[93.134,22.48208],[93.13181,22.47772],[93.13247,22.47366],[93.13085,22.46816],[93.13631,22.46159],[93.1387,22.45452],[93.1509,22.45455],[93.16347,22.4513],[93.16832,22.44327],[93.17694,22.4403],[93.17859,22.43722],[93.17811,22.4328],[93.18529,22.42815],[93.18573,22.424],[93.18275,22.42255],[93.18154,22.41887],[93.18301,22.41041],[93.18636,22.40711],[93.18746,22.40338],[93.18433,22.40194],[93.18162,22.39531],[93.18445,22.39189],[93.18506,22.38717],[93.18977,22.38269],[93.18607,22.38104],[93.18354,22.37436],[93.18361,22.371],[93.18801,22.36549],[93.18668,22.35988],[93.18813,22.3451],[93.18583,22.33994],[93.19434,22.3338],[93.19668,22.32876],[93.18917,22.32321],[93.18957,22.32044],[93.19575,22.31433],[93.19053,22.30954],[93.1954,22.3017],[93.19006,22.3025],[93.18957,22.3008],[93.19241,22.29742],[93.19725,22.29636],[93.19918,22.29424],[93.19814,22.29121],[93.19368,22.29062],[93.19359,22.28809],[93.19738,22.27877],[93.19805,22.26969],[93.20195,22.26309],[93.19806,22.26021],[93.19904,22.25569],[93.19172,22.25412],[93.17762,22.24572],[93.16758,22.24607],[93.16395,22.24998],[93.15452,22.24724],[93.14833,22.24953],[93.1421,22.24546],[93.14356,22.23795],[93.14009,22.23619],[93.13994,22.23471],[93.1474,22.22934],[93.15234,22.21664],[93.14864,22.21171],[93.15344,22.209],[93.15709,22.20135],[93.16146,22.1971],[93.1604,22.19209],[93.15728,22.18837],[93.15752,22.18593],[93.15564,22.18471],[93.15585,22.18142],[93.15083,22.17626],[93.12356,22.17355],[93.12337,22.17963],[93.11689,22.18934],[93.11446,22.19068],[93.11104,22.20403],[93.10274,22.19948],[93.08872,22.19654],[93.0633,22.2073],[93.05682,22.20081],[93.05367,22.20246],[93.05052,22.20041],[93.04642,22.20244],[93.04298,22.19918],[93.04301,22.19558],[93.03822,22.19503],[93.04212,22.19],[93.04014,22.18688],[93.04811,22.17515],[93.0491,22.1689],[93.04757,22.16226],[93.04213,22.1594],[93.04455,22.15725],[93.04122,22.15069],[93.03691,22.14887],[93.0372,22.14437],[93.03981,22.14526],[93.04061,22.1427],[93.04423,22.14302],[93.03951,22.13855],[93.04221,22.13648],[93.04496,22.13731],[93.04508,22.13359],[93.05391,22.12531],[93.05441,22.12109],[93.05706,22.12136],[93.05886,22.10717],[93.05779,22.10304],[93.05958,22.10125],[93.04735,22.09814],[93.02533,22.10182],[93.0194,22.10114],[93.00772,22.10464],[93.00457,22.10369],[93.00427,22.09997],[93.00661,22.09467],[93.01058,22.09234],[93.01163,22.0884],[93.00872,22.08476],[93.00845,22.08079],[93.00518,22.08003],[93.00364,22.07457],[93.0066,22.07096],[93.0014,22.06681],[93.00287,22.06308],[93.00127,22.06093],[93.00187,22.05791],[92.99751,22.05435],[92.99808,22.05196],[92.99469,22.0422],[92.99737,22.03561],[92.99481,22.03219],[93.00427,22.01705],[93.00445,22.01349],[93.00181,22.00679],[93.00276,21.99692],[93.00741,21.98233],[92.99382,21.9778],[92.98056,21.98006],[92.97814,21.98687],[92.97796,21.9974],[92.97354,22.00044],[92.97237,22.00608],[92.96819,22.00671],[92.96724,22.00967],[92.965,22.01079],[92.96467,22.01495],[92.96325,22.01573],[92.96503,22.01739],[92.96075,22.02171],[92.96098,22.02566],[92.95703,22.02944],[92.95225,22.02971],[92.94546,22.02109],[92.94214,22.02006],[92.94239,22.01668],[92.94071,22.01682],[92.93997,22.01356],[92.93076,22.01757],[92.92725,22.01564],[92.92895,22.00853],[92.93462,22.01069],[92.93578,22.0057],[92.92997,21.99592],[92.92075,21.99183],[92.92175,21.9906],[92.92013,21.98997],[92.91881,21.98124],[92.91701,21.98137],[92.91534,21.97896],[92.91343,21.96736],[92.91156,21.96595],[92.91145,21.96435],[92.91357,21.96514],[92.91136,21.96096],[92.91146,21.95079],[92.90594,21.94361],[92.90746,21.94282],[92.90614,21.94058],[92.90385,21.94004],[92.90116,21.94694],[92.90153,21.95189],[92.89881,21.95595],[92.90052,21.95751],[92.89894,21.96332],[92.90048,21.96437],[92.89701,21.97299],[92.89776,21.97977],[92.89525,21.98939],[92.89443,22.00375],[92.89219,22.00596],[92.89073,22.01202],[92.87864,22.01505],[92.87994,22.02201],[92.87575,22.02115],[92.86506,22.02369],[92.8636,22.03296],[92.86593,22.05156],[92.86304,22.0577],[92.8634,22.06267],[92.86188,22.06271],[92.85881,22.06705],[92.85237,22.06633],[92.84746,22.06054],[92.84076,22.05959],[92.83674,22.07166],[92.81817,22.07495],[92.81671,22.08097],[92.81767,22.08688],[92.81346,22.0891],[92.80994,22.09592],[92.80659,22.09598],[92.80392,22.09801],[92.80107,22.09433],[92.79725,22.09399],[92.79594,22.09891],[92.79255,22.1],[92.79035,22.1048],[92.77906,22.10766],[92.77449,22.10668],[92.77295,22.10902],[92.77123,22.10891],[92.77039,22.11191],[92.76683,22.1141],[92.76766,22.11671],[92.76571,22.11696],[92.76643,22.11916],[92.7633,22.11877],[92.76413,22.12069],[92.7619,22.12039],[92.76003,22.12551],[92.75356,22.12423],[92.74718,22.12778],[92.74624,22.13119],[92.74208,22.13066],[92.74126,22.13282],[92.73962,22.13198],[92.73538,22.13444],[92.7268,22.14911],[92.71281,22.14741],[92.7104,22.15112],[92.7072,22.15185],[92.70437,22.15021],[92.70084,22.15157],[92.69976,22.15507],[92.69463,22.15336],[92.69475,22.14702],[92.69697,22.14243],[92.69614,22.1377],[92.69202,22.1391],[92.69262,22.12096],[92.69115,22.10523],[92.69244,22.10034],[92.69132,22.08854],[92.69253,22.0751],[92.69043,22.07221],[92.68864,22.07271],[92.68804,22.10373],[92.68177,22.10346],[92.68224,22.07288],[92.68518,22.04304],[92.67975,22.01155],[92.67133,22.01109],[92.66979,22.00967],[92.66678,22.0135],[92.6607,22.0133],[92.65804,22.01559],[92.65161,22.01591],[92.65139,22.01001],[92.64342,22.00249],[92.6419,21.99216],[92.63677,21.99011],[92.63494,21.98322],[92.62457,21.98303],[92.62121,21.98005],[92.60755,21.97466],[92.60322,21.97763],[92.60417,21.98277],[92.61107,21.98433],[92.61265,21.99076],[92.61005,21.99279],[92.61,21.99767],[92.60351,22.00104],[92.5981,22.00898],[92.59749,22.01225],[92.60054,22.01973],[92.60007,22.02841],[92.59362,22.03151],[92.59262,22.03744],[92.59365,22.04097],[92.59914,22.04225],[92.59797,22.04937],[92.60032,22.05299],[92.60035,22.05822],[92.60266,22.0611],[92.59556,22.06171],[92.59222,22.06562],[92.58986,22.07062],[92.59065,22.081],[92.58489,22.08251],[92.58546,22.08505],[92.58334,22.08689],[92.58435,22.09002],[92.5817,22.09164],[92.58257,22.09757],[92.57661,22.10497],[92.57514,22.11617],[92.56262,22.12802],[92.56397,22.13352],[92.56568,22.13478],[92.57735,22.13645],[92.57632,22.13958],[92.5785,22.14341],[92.59259,22.13883],[92.59328,22.13739],[92.58898,22.13144],[92.59446,22.12514],[92.59918,22.12314],[92.60575,22.12339],[92.60783,22.12797],[92.60786,22.13331],[92.61086,22.13844],[92.60744,22.16039],[92.60923,22.16402],[92.60666,22.16591],[92.60713,22.17253],[92.60375,22.17161],[92.59523,22.17539],[92.59706,22.17734],[92.5944,22.18122],[92.59691,22.1837],[92.595,22.18388],[92.59661,22.19026],[92.59568,22.19586],[92.59407,22.19596],[92.59484,22.2042],[92.59361,22.2044],[92.59269,22.21147],[92.59044,22.21326],[92.59179,22.21423],[92.58805,22.21598],[92.59035,22.22293],[92.58809,22.22397],[92.58939,22.2259],[92.58815,22.2304],[92.59068,22.23095],[92.59032,22.23284],[92.58876,22.23295],[92.59161,22.23467],[92.58967,22.23567],[92.59184,22.23922],[92.59046,22.24429],[92.59175,22.24476],[92.59142,22.24653],[92.58911,22.24752],[92.59092,22.249],[92.58943,22.25392],[92.59077,22.25547],[92.5888,22.25558],[92.58907,22.25733],[92.58703,22.25731],[92.58695,22.25896],[92.58511,22.2586],[92.58673,22.25988],[92.58429,22.26127],[92.58689,22.26395],[92.58403,22.26515],[92.58432,22.26735],[92.58102,22.26918],[92.58317,22.2726],[92.58229,22.27411],[92.58064,22.27367],[92.58073,22.27606],[92.5835,22.27617],[92.58338,22.27732],[92.58633,22.27653],[92.58439,22.27905],[92.58659,22.28025],[92.58185,22.28179],[92.58411,22.28468],[92.58092,22.28642],[92.58259,22.28774],[92.58107,22.29047],[92.58249,22.29105],[92.58333,22.29892],[92.58019,22.30261],[92.58341,22.30393],[92.5803,22.30385],[92.57957,22.30613],[92.58145,22.3069],[92.58137,22.30842],[92.57725,22.31115],[92.58016,22.31175],[92.57856,22.31244],[92.57996,22.31493],[92.57802,22.31654],[92.58045,22.31921],[92.57945,22.32104],[92.58117,22.32176],[92.57847,22.32338],[92.58023,22.32498],[92.57672,22.32499],[92.57578,22.33128],[92.57428,22.33166],[92.57608,22.33296],[92.57408,22.33434],[92.57596,22.33516],[92.57599,22.33708],[92.57367,22.33804],[92.57505,22.34216],[92.57252,22.34267],[92.57332,22.34542],[92.5719,22.34663],[92.57323,22.34829],[92.57093,22.35679],[92.57187,22.35864],[92.56802,22.36051],[92.5674,22.37072],[92.56257,22.37142],[92.56379,22.37543],[92.5621,22.37561],[92.56154,22.37835],[92.56337,22.38012],[92.55933,22.38186],[92.56114,22.38511],[92.55944,22.38744],[92.56106,22.38932],[92.55829,22.39113],[92.55975,22.39133],[92.55846,22.39408],[92.55983,22.39552],[92.55595,22.39854],[92.55946,22.39984],[92.55983,22.40183],[92.55478,22.40549],[92.55758,22.40716],[92.55689,22.40927],[92.55457,22.41072],[92.55208,22.40897],[92.55231,22.41533],[92.55457,22.41688],[92.55069,22.42257],[92.55523,22.42254],[92.55639,22.4251],[92.55498,22.42508],[92.55499,22.42721],[92.55124,22.42738],[92.55538,22.42921],[92.55338,22.43379],[92.55425,22.43622],[92.55168,22.43769],[92.55204,22.44228],[92.54946,22.44351],[92.55131,22.44594],[92.55003,22.44774],[92.55142,22.44869],[92.55097,22.4544],[92.54811,22.45602],[92.55015,22.4569],[92.54823,22.45741],[92.54948,22.45896],[92.54635,22.46246],[92.54808,22.46569],[92.54652,22.4662],[92.54554,22.47163],[92.54751,22.47593],[92.54536,22.47971],[92.54561,22.48243],[92.54423,22.48294],[92.54627,22.48866],[92.54346,22.49021],[92.54333,22.49321],[92.54474,22.49504],[92.54951,22.49575],[92.54993,22.49733],[92.5426,22.49876],[92.54335,22.50038],[92.54593,22.49948],[92.54712,22.50159],[92.54932,22.50145],[92.54719,22.50352],[92.54817,22.50742],[92.55022,22.50678],[92.55098,22.50915],[92.54657,22.50989],[92.55128,22.5133],[92.54725,22.51508],[92.547,22.51682],[92.54504,22.51352],[92.54338,22.51417],[92.54569,22.51779],[92.54414,22.52134],[92.54179,22.52242],[92.54376,22.52497],[92.54081,22.5256],[92.54119,22.52758],[92.53918,22.52893],[92.54151,22.53037],[92.54132,22.53426],[92.5386,22.53473],[92.54,22.5406],[92.53704,22.5419],[92.53721,22.54517],[92.53421,22.54409],[92.53155,22.5451],[92.53192,22.55221],[92.52836,22.55662],[92.52167,22.55988],[92.52804,22.56562],[92.5273,22.57299],[92.53264,22.57147],[92.53814,22.5751],[92.53646,22.57873],[92.5371,22.58462],[92.53855,22.58591],[92.53438,22.58517],[92.53297,22.58776],[92.53601,22.58663],[92.53937,22.58915],[92.53619,22.58942],[92.53501,22.59103],[92.53782,22.59405],[92.53592,22.59571],[92.53537,22.60014],[92.53043,22.60349],[92.52995,22.60914],[92.53375,22.6075],[92.53536,22.61167],[92.53216,22.61167],[92.5291,22.61476],[92.53002,22.62058],[92.52743,22.62078],[92.53262,22.6277],[92.53249,22.63297],[92.52621,22.63357],[92.52791,22.63566],[92.52677,22.63934],[92.52492,22.64014],[92.52462,22.65047],[92.5273,22.65077],[92.52666,22.65374],[92.52441,22.65387],[92.52352,22.65624],[92.52433,22.65899],[92.52868,22.65949],[92.52653,22.66047],[92.52872,22.66515],[92.52607,22.66519],[92.52607,22.67293],[92.52253,22.67408],[92.52327,22.67916],[92.51889,22.6879],[92.5166,22.70444],[92.5139,22.708],[92.51385,22.71032],[92.51756,22.71593],[92.51664,22.72236],[92.51416,22.72327],[92.51194,22.72774],[92.50994,22.72863],[92.5132,22.73279],[92.50905,22.73167],[92.5082,22.73645],[92.50564,22.73922],[92.50136,22.73732],[92.49793,22.73989],[92.49424,22.74005],[92.49395,22.74259],[92.49104,22.74109],[92.49028,22.74538],[92.48871,22.74628],[92.48217,22.74699],[92.47655,22.74521],[92.47384,22.74621],[92.47935,22.7528],[92.47597,22.75595],[92.47691,22.75936],[92.47367,22.75973],[92.47641,22.76417],[92.47287,22.76494],[92.47585,22.77118],[92.47272,22.77611],[92.47294,22.78289],[92.4691,22.78247],[92.47227,22.79586],[92.46547,22.80222],[92.46485,22.80462],[92.46685,22.80736],[92.46557,22.80963],[92.46259,22.81128],[92.4628,22.80747],[92.46118,22.80735],[92.461,22.81131],[92.45822,22.81659],[92.45905,22.81853],[92.45425,22.81886],[92.45813,22.82295],[92.45532,22.82594],[92.46195,22.8308],[92.45289,22.84297],[92.45769,22.84074],[92.46325,22.84175],[92.46289,22.84332],[92.45846,22.84474],[92.46006,22.85033],[92.45648,22.85103],[92.45831,22.85292],[92.46242,22.85231],[92.46446,22.85465],[92.45979,22.85805],[92.46161,22.86154],[92.45543,22.86076],[92.45268,22.86218],[92.45203,22.86463],[92.45471,22.86953],[92.46046,22.87101],[92.44855,22.87637],[92.45063,22.89035],[92.44924,22.89501],[92.44596,22.8971],[92.4373,22.88602],[92.43373,22.88579],[92.43315,22.89171],[92.42649,22.89722],[92.42025,22.90961],[92.42027,22.91835],[92.41909,22.91883],[92.41286,22.91338],[92.40677,22.91784],[92.40415,22.91775],[92.40325,22.91282],[92.4011,22.91195],[92.39734,22.91696],[92.40132,22.92398],[92.39759,22.9297],[92.39298,22.93069],[92.37642,22.92862],[92.37758,22.93181],[92.37614,22.93502],[92.37309,22.93458],[92.37178,22.93617],[92.37591,22.93679],[92.37269,22.93985],[92.37475,22.94744],[92.37745,22.94817],[92.3758,22.94989],[92.37819,22.95231],[92.37686,22.9556],[92.37449,22.95313],[92.37501,22.9561],[92.37284,22.95823],[92.37727,22.95966],[92.37405,22.96129],[92.37563,22.96358],[92.37434,22.97065],[92.37833,22.97677],[92.38041,22.97582],[92.38145,22.9786],[92.37944,22.98069],[92.38145,22.9824],[92.38421,22.98161],[92.38502,22.98611],[92.38196,22.98809],[92.38529,22.99219],[92.38206,23.00087],[92.38418,23.00488],[92.38334,23.00888],[92.38469,23.00947],[92.37976,23.01206],[92.38372,23.02308],[92.38342,23.02632],[92.38495,23.02732],[92.38254,23.03327],[92.38385,23.0379],[92.38817,23.03974],[92.38954,23.04726],[92.38852,23.04925],[92.39127,23.04916],[92.38998,23.05155],[92.39151,23.0521],[92.39219,23.05379],[92.39058,23.05519],[92.39238,23.05645],[92.39071,23.06051],[92.3875,23.06189],[92.38879,23.06484],[92.38313,23.07194],[92.38548,23.07696],[92.38081,23.08051],[92.37932,23.08365],[92.38005,23.08629],[92.37728,23.08698],[92.37511,23.08445],[92.37135,23.08866],[92.36918,23.09512],[92.37017,23.09651],[92.36696,23.09596],[92.36152,23.09824],[92.36188,23.10044],[92.35801,23.10327],[92.36009,23.10534],[92.3583,23.10593],[92.36046,23.11283],[92.3682,23.12726],[92.36579,23.12699],[92.363,23.13117],[92.35697,23.13415],[92.36096,23.14532],[92.36038,23.14686],[92.35826,23.14636],[92.36045,23.14905],[92.36047,23.15284],[92.36222,23.15292],[92.36212,23.15634],[92.36436,23.15662],[92.36094,23.162],[92.36251,23.16489],[92.36167,23.16755],[92.35903,23.16862],[92.35757,23.17178],[92.35725,23.17796],[92.35445,23.17851],[92.35564,23.18021],[92.36082,23.18007],[92.36128,23.18257],[92.35842,23.18488],[92.35448,23.18434],[92.35334,23.18572],[92.35414,23.19012],[92.35228,23.19457],[92.35491,23.20016],[92.35241,23.20632],[92.3551,23.2068],[92.35298,23.21413],[92.35393,23.2198],[92.35098,23.23377],[92.34678,23.23567],[92.40141,23.23658],[92.4004,23.23877],[92.40419,23.24066],[92.40268,23.2423],[92.39947,23.24186],[92.39546,23.2487],[92.39824,23.25613],[92.38959,23.25941],[92.38874,23.26606],[92.39246,23.2639],[92.39475,23.26464],[92.38837,23.28085],[92.38116,23.2851],[92.38248,23.29068],[92.38464,23.29237],[92.38274,23.29611],[92.38462,23.29812],[92.38305,23.30183],[92.38576,23.3031],[92.38568,23.3062],[92.37626,23.31296],[92.37733,23.31833],[92.37609,23.31989],[92.37136,23.31796],[92.36934,23.32248],[92.36743,23.32293],[92.36804,23.31711],[92.36436,23.32292],[92.36829,23.32546],[92.37209,23.33168],[92.37485,23.33735],[92.37619,23.347],[92.38068,23.35118],[92.38049,23.35557],[92.37642,23.35667],[92.37906,23.36183],[92.37569,23.36537],[92.36926,23.36701],[92.37049,23.37358],[92.36394,23.36616],[92.36027,23.36773],[92.35643,23.37235],[92.35741,23.37465],[92.36511,23.37959],[92.36339,23.38102],[92.35619,23.37962],[92.35266,23.38087],[92.35305,23.38286],[92.35668,23.38471],[92.35601,23.38777],[92.35881,23.3907],[92.35731,23.39172],[92.35453,23.38906],[92.35294,23.3994],[92.35341,23.40579],[92.35542,23.40081],[92.35815,23.40477],[92.3574,23.4107],[92.35256,23.41351],[92.34775,23.41281],[92.34649,23.43319],[92.34137,23.43553],[92.33808,23.43176],[92.33568,23.43345],[92.3353,23.42865],[92.33392,23.42883],[92.33038,23.44616],[92.32708,23.44854],[92.3333,23.45593],[92.33172,23.45709],[92.33157,23.45471],[92.32994,23.45404],[92.3255,23.45908],[92.33066,23.45936],[92.3318,23.46606],[92.32777,23.46643],[92.31713,23.47165],[92.32006,23.47529],[92.3208,23.47372],[92.3237,23.47522],[92.32285,23.47892],[92.32616,23.4788],[92.32094,23.48045],[92.32177,23.48289],[92.31606,23.48682],[92.32195,23.49011],[92.32195,23.49177],[92.3189,23.49213],[92.31743,23.49425],[92.32052,23.49445],[92.31929,23.50061],[92.32283,23.50102],[92.31896,23.50315],[92.31979,23.51243],[92.3156,23.51288],[92.31838,23.51492],[92.31769,23.51716],[92.3136,23.5155],[92.31326,23.52075],[92.31789,23.52633],[92.31626,23.52926],[92.31425,23.52944],[92.31397,23.53326],[92.30904,23.53234],[92.30625,23.53504],[92.30799,23.54093],[92.31008,23.5421],[92.31069,23.54706],[92.30876,23.54943],[92.3092,23.55232],[92.31075,23.5555],[92.31274,23.553],[92.3134,23.55636],[92.30686,23.56409],[92.30694,23.56616],[92.30836,23.5651],[92.30904,23.57112],[92.30681,23.57172],[92.30766,23.56901],[92.30509,23.57343],[92.30821,23.57771],[92.30594,23.58297],[92.30395,23.58291],[92.30159,23.58839],[92.30187,23.5924],[92.29834,23.5926],[92.29652,23.58803],[92.29315,23.59335],[92.29358,23.59516],[92.29141,23.59532],[92.28898,23.59813],[92.28848,23.59542],[92.28726,23.59604],[92.28734,23.61674],[92.28974,23.61975],[92.29604,23.62108],[92.28855,23.62887],[92.28047,23.63051],[92.27913,23.62866],[92.28004,23.62556],[92.27863,23.62492],[92.27664,23.63175],[92.28178,23.63856],[92.27552,23.64194],[92.27303,23.64166],[92.275,23.64983],[92.28143,23.66111],[92.28359,23.66178],[92.28917,23.68034],[92.29148,23.68123],[92.28959,23.68659],[92.29094,23.69083],[92.28969,23.69248],[92.28935,23.7018],[92.28727,23.70153],[92.28495,23.70427],[92.2848,23.70712],[92.28322,23.70674],[92.27847,23.71019],[92.27972,23.71577],[92.26549,23.72501],[92.26876,23.75427],[92.26684,23.76178],[92.26866,23.76847],[92.26347,23.78534],[92.26432,23.7931],[92.26053,23.80858],[92.2603,23.81338],[92.26573,23.8172],[92.27263,23.81815],[92.27565,23.81497],[92.27821,23.81603],[92.28158,23.81455],[92.28584,23.8158],[92.28606,23.82197],[92.28291,23.82281],[92.28129,23.82836],[92.2822,23.83025],[92.27635,23.83524],[92.27345,23.84408],[92.27647,23.8524],[92.2857,23.85862],[92.28536,23.86119],[92.2875,23.86165],[92.28954,23.86872],[92.29404,23.87023],[92.29498,23.86858],[92.29377,23.86816],[92.29649,23.86555],[92.29983,23.86562],[92.30828,23.86079],[92.31617,23.86205],[92.31694,23.86378],[92.32022,23.86433],[92.31778,23.86565],[92.32261,23.86661],[92.32481,23.86884],[92.3253,23.87399],[92.3214,23.87529],[92.32098,23.87676],[92.31757,23.87533],[92.31538,23.88092],[92.32083,23.88293],[92.31642,23.88521],[92.31914,23.88684],[92.31764,23.88872],[92.32154,23.88878],[92.32058,23.89116],[92.32421,23.89846],[92.32199,23.90194],[92.32992,23.90397],[92.33133,23.90695],[92.33022,23.90917],[92.33208,23.90931],[92.32872,23.91287],[92.33108,23.92076],[92.32962,23.92024],[92.32098,23.92496],[92.31936,23.92653],[92.31981,23.92909],[92.31698,23.92841],[92.31243,23.93132],[92.31458,23.9327],[92.31346,23.93873],[92.31192,23.93867],[92.31416,23.9416],[92.31216,23.942],[92.31398,23.95152],[92.31125,23.95287],[92.31316,23.95401],[92.31128,23.9581],[92.31413,23.95915],[92.3133,23.96816],[92.31472,23.96801],[92.31541,23.97054],[92.31914,23.97044],[92.31915,23.97308],[92.32353,23.97319],[92.32291,23.97797],[92.32595,23.97768],[92.32623,23.98253],[92.32965,23.98332],[92.32727,23.98666],[92.33013,23.98718],[92.33071,23.99006],[92.32947,23.99259],[92.33088,23.99849],[92.32808,24.00078],[92.32954,24.00499],[92.32802,24.00693],[92.32537,24.00665],[92.32315,24.01134],[92.32424,24.01299],[92.32089,24.01352],[92.3215,24.01652],[92.31719,24.01796],[92.31862,24.01913],[92.31852,24.02227],[92.32155,24.01724],[92.32394,24.01989],[92.31806,24.02346],[92.32138,24.02771],[92.31682,24.02908],[92.31922,24.03026],[92.31954,24.03395],[92.3148,24.03407],[92.31557,24.03639],[92.31709,24.03525],[92.31809,24.04162],[92.31422,24.04751],[92.31455,24.04961],[92.31738,24.05165],[92.3188,24.04978],[92.32087,24.05203],[92.31854,24.05799],[92.32125,24.05679],[92.32271,24.05868],[92.31844,24.06135],[92.31829,24.06464],[92.31507,24.06662],[92.31738,24.0691],[92.31632,24.07179],[92.3238,24.06832],[92.32195,24.07468],[92.3263,24.07527],[92.32737,24.07687],[92.32142,24.07667],[92.32696,24.08302],[92.32524,24.08565],[92.32825,24.08744],[92.32862,24.09154],[92.32558,24.09505],[92.32967,24.09843],[92.32814,24.09961],[92.32636,24.0984],[92.32629,24.10079],[92.32801,24.10177],[92.32707,24.10351],[92.32892,24.10351],[92.33135,24.10702],[92.32744,24.11075],[92.33224,24.11408],[92.32643,24.11706],[92.3283,24.12185],[92.32534,24.12335],[92.33079,24.12814],[92.32569,24.12995],[92.32777,24.13282],[92.32723,24.14001],[92.33354,24.13937],[92.3335,24.14118],[92.32999,24.14447],[92.33519,24.14303],[92.3364,24.14432],[92.33521,24.14699],[92.3366,24.14818],[92.33315,24.15211],[92.33192,24.16306],[92.32719,24.16617],[92.33178,24.18273],[92.32958,24.1834],[92.32934,24.18642],[92.32616,24.18499],[92.32542,24.18639],[92.33001,24.18969],[92.3267,24.19015],[92.32845,24.19292],[92.32323,24.19507],[92.32501,24.19948],[92.31887,24.20274],[92.3205,24.20613],[92.32448,24.20609],[92.31988,24.20875],[92.31555,24.21383],[92.31141,24.21135],[92.30984,24.21272],[92.30932,24.21729],[92.31418,24.22406],[92.30771,24.22252],[92.30367,24.22351],[92.3,24.2217],[92.29939,24.22484],[92.30232,24.22708],[92.29575,24.22733],[92.29881,24.2299],[92.29919,24.23365],[92.29511,24.23506],[92.29629,24.24063],[92.29272,24.24597],[92.29302,24.24841],[92.2983,24.25266],[92.42254,24.25499],[92.41936,24.22613],[92.42117,24.21811],[92.41857,24.21236],[92.41876,24.20469],[92.42132,24.20119],[92.4189,24.1927],[92.42155,24.1895],[92.43237,24.18448],[92.43573,24.17929],[92.43401,24.17513],[92.43792,24.16951],[92.43584,24.16513],[92.43642,24.15303],[92.44046,24.15275],[92.4428,24.15446],[92.44912,24.14397],[92.45058,24.14714],[92.45237,24.1442],[92.45673,24.14436],[92.46101,24.13764],[92.46412,24.13862],[92.46432,24.13623],[92.4686,24.14023],[92.47257,24.1399],[92.47476,24.1437],[92.47868,24.14202],[92.47865,24.14426],[92.48061,24.14541],[92.47705,24.1474],[92.4807,24.15003],[92.48184,24.15597],[92.47943,24.15661],[92.48342,24.15826],[92.48241,24.16061],[92.48371,24.16303],[92.49039,24.16279],[92.49421,24.16018],[92.50151,24.16039],[92.50335,24.16343],[92.50618,24.16413],[92.50327,24.16777],[92.50753,24.16706],[92.51004,24.1646],[92.51141,24.16541],[92.50691,24.16988],[92.51441,24.16946],[92.51468,24.17072],[92.51211,24.17048],[92.50997,24.17246],[92.51552,24.17886],[92.51934,24.1739],[92.52404,24.17144],[92.53017,24.17632],[92.52893,24.17808],[92.53421,24.18015],[92.53111,24.18511],[92.53464,24.19367],[92.53784,24.19677],[92.53669,24.20126],[92.54048,24.20358],[92.54201,24.20752],[92.54096,24.21024],[92.54326,24.21147],[92.5423,24.21344],[92.54712,24.22016],[92.54675,24.22991],[92.54848,24.23186],[92.54692,24.2328],[92.54705,24.23645],[92.5509,24.24722],[92.55595,24.24681],[92.56261,24.2512],[92.57213,24.25188],[92.58903,24.24877],[92.59571,24.25049],[92.60605,24.24845],[92.6123,24.25347],[92.61416,24.25595],[92.61311,24.25865],[92.61971,24.28713],[92.61591,24.28958],[92.61819,24.29818],[92.6183,24.30745],[92.6195,24.30801],[92.61955,24.31354],[92.62361,24.32028],[92.62374,24.3228],[92.62155,24.32371],[92.62368,24.32728],[92.62234,24.32811],[92.62243,24.33134],[92.62477,24.33408],[92.63024,24.33362],[92.63569,24.3367],[92.63869,24.33445],[92.63542,24.33356],[92.6363,24.33134],[92.64036,24.33361],[92.63872,24.32842],[92.64576,24.32778],[92.64617,24.33095],[92.64923,24.3286],[92.65011,24.3316],[92.65172,24.33105],[92.65161,24.33547],[92.65911,24.3419],[92.65768,24.34438],[92.66062,24.34405],[92.66137,24.34816],[92.66316,24.34882],[92.66427,24.34606],[92.66562,24.34964],[92.6663,24.3463],[92.66894,24.34609],[92.67339,24.34964],[92.67716,24.35015],[92.67933,24.34769],[92.68484,24.34654],[92.68376,24.35046],[92.68976,24.3536],[92.68925,24.35524],[92.69151,24.35754],[92.69117,24.36252],[92.69476,24.36536],[92.69282,24.36847],[92.69533,24.36885],[92.69764,24.3743],[92.70361,24.37545],[92.70409,24.38464],[92.7058,24.38448],[92.70734,24.38699],[92.70647,24.39215],[92.70928,24.39337],[92.70922,24.39735],[92.71327,24.40332],[92.71138,24.40724],[92.71509,24.40954],[92.7129,24.41121],[92.71509,24.41498],[92.71739,24.4156],[92.71797,24.42015],[92.72286,24.42811],[92.72171,24.43195],[92.72612,24.43851],[92.7275,24.44642],[92.73061,24.44901],[92.73993,24.46851],[92.74634,24.4868],[92.7503,24.49246],[92.74934,24.49498],[92.75422,24.502],[92.75189,24.50401],[92.75215,24.50623],[92.75613,24.50957],[92.75604,24.51126],[92.75805,24.51102],[92.75777,24.51277],[92.7636,24.52112]]]}},{"type":"Feature","properties":{"slug":"nagaland","name":"Nagaland","villages":0,"districts":0,"taluks":0,"nodata":true},"geometry":{"type":"Polygon","coordinates":[[[95.19318,27.03222],[95.19462,27.03261],[95.19726,26.99772],[95.19542,26.9949],[95.19095,26.99337],[95.19215,26.9918],[95.19136,26.98694],[95.19318,26.98666],[95.19173,26.98524],[95.19587,26.98197],[95.19761,26.98345],[95.20032,26.98087],[95.20101,26.98296],[95.20267,26.98214],[95.20296,26.98011],[95.20507,26.97908],[95.20135,26.97721],[95.20179,26.97423],[95.2039,26.97415],[95.20328,26.97158],[95.21156,26.96653],[95.2114,26.96443],[95.20882,26.9639],[95.20821,26.96147],[95.20533,26.96142],[95.20373,26.95811],[95.20214,26.95852],[95.20273,26.95601],[95.20921,26.95307],[95.20709,26.95166],[95.20935,26.95091],[95.20971,26.94813],[95.20706,26.94633],[95.20665,26.94226],[95.20868,26.94049],[95.21224,26.93031],[95.22657,26.92652],[95.22633,26.92449],[95.23009,26.92285],[95.23015,26.92021],[95.23196,26.9202],[95.23239,26.91627],[95.22889,26.91277],[95.23047,26.91195],[95.22902,26.9083],[95.2323,26.90287],[95.2269,26.89531],[95.22974,26.89164],[95.23052,26.88447],[95.22816,26.88103],[95.22152,26.88079],[95.21497,26.88394],[95.2084,26.88268],[95.20837,26.87923],[95.19995,26.87149],[95.18588,26.86587],[95.18177,26.86149],[95.18106,26.85649],[95.18535,26.85457],[95.1872,26.84806],[95.1936,26.84526],[95.19354,26.8483],[95.20001,26.84495],[95.20304,26.84656],[95.2037,26.84406],[95.19702,26.83624],[95.19814,26.83535],[95.19683,26.83076],[95.1996,26.8277],[95.19739,26.82317],[95.20512,26.80418],[95.20851,26.80403],[95.21203,26.79914],[95.20734,26.79808],[95.20846,26.79496],[95.21499,26.78992],[95.22448,26.78838],[95.22839,26.78572],[95.23269,26.78692],[95.23804,26.78588],[95.23925,26.78533],[95.2372,26.78425],[95.23802,26.78283],[95.24225,26.78342],[95.24178,26.78098],[95.23551,26.77932],[95.23512,26.77689],[95.23233,26.77799],[95.23225,26.77616],[95.22855,26.77523],[95.22777,26.77138],[95.23025,26.77096],[95.23242,26.76824],[95.23105,26.76527],[95.22703,26.76204],[95.22401,26.76165],[95.22066,26.75625],[95.21644,26.75593],[95.21465,26.74829],[95.21901,26.7457],[95.20948,26.72909],[95.22226,26.7226],[95.22787,26.71634],[95.22651,26.71034],[95.23186,26.70893],[95.23317,26.70413],[95.23028,26.70088],[95.23008,26.69359],[95.23376,26.68208],[95.22924,26.67366],[95.22188,26.66618],[95.21964,26.66084],[95.21403,26.65705],[95.21405,26.65421],[95.2096,26.64885],[95.20049,26.64545],[95.19912,26.64246],[95.19178,26.64149],[95.18762,26.6428],[95.18358,26.64141],[95.18068,26.64276],[95.17126,26.63574],[95.16686,26.63444],[95.16763,26.62796],[95.16322,26.62166],[95.14893,26.61587],[95.14728,26.61033],[95.1482,26.60646],[95.14661,26.601],[95.1479,26.59711],[95.14656,26.59305],[95.15419,26.58314],[95.14786,26.57914],[95.14643,26.57621],[95.14727,26.57478],[95.14096,26.56741],[95.14138,26.56507],[95.13851,26.56052],[95.13892,26.55656],[95.1256,26.55809],[95.12296,26.55552],[95.12243,26.5515],[95.11353,26.54753],[95.10755,26.54154],[95.10774,26.53959],[95.11332,26.53584],[95.11364,26.52919],[95.11617,26.524],[95.11454,26.51851],[95.1057,26.50822],[95.10025,26.50579],[95.09934,26.49785],[95.09648,26.49277],[95.08628,26.48774],[95.0841,26.48524],[95.0846,26.48332],[95.08246,26.48261],[95.08298,26.47962],[95.07673,26.47645],[95.07276,26.47238],[95.07161,26.46402],[95.06805,26.46229],[95.06198,26.45018],[95.06362,26.444],[95.06614,26.44177],[95.0729,26.44792],[95.07668,26.44586],[95.08448,26.44702],[95.08429,26.44456],[95.09408,26.43542],[95.0949,26.43108],[95.10386,26.42066],[95.1031,26.41244],[95.09645,26.40105],[95.09977,26.39373],[95.10789,26.3954],[95.11701,26.39082],[95.12078,26.38643],[95.12563,26.38778],[95.12948,26.38454],[95.13214,26.37784],[95.12847,26.36557],[95.12248,26.35766],[95.12318,26.35192],[95.12118,26.34962],[95.12836,26.33958],[95.12691,26.33405],[95.1229,26.33052],[95.12265,26.32522],[95.12607,26.32353],[95.12406,26.31516],[95.12476,26.31244],[95.12249,26.30734],[95.12812,26.30224],[95.12862,26.29703],[95.12806,26.29228],[95.12438,26.28628],[95.12476,26.27628],[95.12076,26.27156],[95.11987,26.26369],[95.12351,26.25588],[95.1273,26.25398],[95.12459,26.25017],[95.12548,26.24657],[95.12004,26.24193],[95.1146,26.23289],[95.1199,26.22551],[95.12779,26.22138],[95.13343,26.21505],[95.14268,26.21163],[95.13174,26.20047],[95.12196,26.18523],[95.12315,26.18042],[95.12665,26.17784],[95.11762,26.16392],[95.11721,26.15862],[95.11963,26.15352],[95.11907,26.14845],[95.12344,26.14503],[95.11901,26.14065],[95.12146,26.13869],[95.12266,26.13357],[95.12592,26.13126],[95.12628,26.12852],[95.12153,26.1232],[95.11977,26.11618],[95.11555,26.11285],[95.11787,26.10108],[95.12267,26.09724],[95.13033,26.0945],[95.14201,26.09444],[95.14735,26.08777],[95.15031,26.08645],[95.15501,26.08945],[95.16533,26.09211],[95.16751,26.08933],[95.17099,26.08834],[95.17012,26.08582],[95.17602,26.08406],[95.17683,26.08127],[95.18195,26.07838],[95.18301,26.07505],[95.18589,26.0731],[95.18345,26.06813],[95.17657,26.06413],[95.16429,26.04919],[95.15907,26.02493],[95.15251,26.02123],[95.14935,26.0162],[95.14507,26.01403],[95.14524,26.01103],[95.14117,26.00898],[95.13489,26.00086],[95.13331,25.99591],[95.1274,25.99055],[95.12611,25.98575],[95.11698,25.98496],[95.11429,25.97478],[95.11016,25.97051],[95.10633,25.97108],[95.10382,25.96867],[95.09561,25.95524],[95.0895,25.95049],[95.08366,25.94991],[95.07308,25.94178],[95.06436,25.94265],[95.06263,25.94022],[95.05883,25.94035],[95.05405,25.9381],[95.04774,25.93439],[95.04674,25.92846],[95.04394,25.92686],[95.03598,25.92675],[95.03135,25.93115],[95.03269,25.92492],[95.03031,25.9174],[95.02823,25.91535],[95.02871,25.91368],[95.02655,25.9134],[95.01177,25.89778],[95.01887,25.88547],[95.01941,25.88139],[95.01028,25.8745],[95.00919,25.86661],[95.01786,25.86067],[95.02306,25.84478],[95.03039,25.83837],[95.02946,25.83308],[95.03323,25.82363],[95.03331,25.81424],[95.04997,25.79999],[95.05001,25.79291],[95.04612,25.78451],[95.04663,25.77894],[95.04403,25.77374],[95.04897,25.75936],[95.04513,25.75523],[95.03987,25.74117],[95.02809,25.7378],[95.0231,25.73174],[95.01518,25.73241],[95.00806,25.73091],[94.99723,25.72498],[94.99192,25.71952],[94.98868,25.70655],[94.97304,25.69408],[94.97064,25.68913],[94.96135,25.68506],[94.95213,25.67838],[94.95005,25.67361],[94.93598,25.66761],[94.93238,25.65714],[94.92533,25.65012],[94.92284,25.64542],[94.9212,25.63987],[94.9219,25.63495],[94.91632,25.62141],[94.91509,25.60768],[94.90958,25.60265],[94.90193,25.59945],[94.90077,25.59738],[94.89812,25.59634],[94.89248,25.59739],[94.88171,25.59105],[94.88163,25.58508],[94.89138,25.57822],[94.89747,25.57055],[94.8985,25.56533],[94.88969,25.56664],[94.88502,25.56352],[94.87968,25.56238],[94.85342,25.56432],[94.84592,25.56194],[94.84333,25.55724],[94.84095,25.55689],[94.83783,25.55305],[94.83426,25.55258],[94.82967,25.54371],[94.82578,25.54255],[94.82347,25.53344],[94.82543,25.52376],[94.81934,25.51749],[94.81587,25.51647],[94.8124,25.51125],[94.80821,25.49892],[94.80799,25.49329],[94.80603,25.49182],[94.79638,25.49176],[94.78869,25.48955],[94.78345,25.4804],[94.76196,25.48195],[94.75769,25.49136],[94.75142,25.49389],[94.74705,25.48865],[94.74447,25.48149],[94.7283,25.47656],[94.72511,25.47357],[94.71965,25.47224],[94.71808,25.46949],[94.70998,25.4718],[94.70299,25.46793],[94.69286,25.46556],[94.68362,25.46643],[94.68195,25.45939],[94.6799,25.4585],[94.68118,25.45533],[94.67537,25.44582],[94.66844,25.44862],[94.65576,25.44986],[94.64592,25.45705],[94.63737,25.45595],[94.63078,25.45909],[94.61656,25.46237],[94.6104,25.46987],[94.60176,25.47672],[94.59536,25.47845],[94.59273,25.4841],[94.58563,25.48549],[94.58157,25.4886],[94.57682,25.49585],[94.56917,25.50078],[94.55996,25.50082],[94.55473,25.50227],[94.55377,25.5042],[94.55348,25.51049],[94.55644,25.51123],[94.55722,25.51952],[94.56028,25.52099],[94.55626,25.52373],[94.5547,25.52831],[94.55702,25.53171],[94.56206,25.53388],[94.56185,25.53544],[94.55809,25.5369],[94.5581,25.53978],[94.56684,25.54885],[94.56461,25.55164],[94.55649,25.55418],[94.55649,25.55624],[94.56451,25.56361],[94.55863,25.56614],[94.56119,25.5734],[94.55121,25.58],[94.55846,25.58308],[94.55998,25.58786],[94.55664,25.59094],[94.56105,25.59486],[94.55995,25.59825],[94.56644,25.59741],[94.56523,25.60307],[94.57194,25.60547],[94.57111,25.60716],[94.57267,25.61104],[94.57691,25.61625],[94.57582,25.62307],[94.58012,25.62555],[94.58122,25.62977],[94.58408,25.63054],[94.58401,25.63459],[94.58618,25.6355],[94.58716,25.63322],[94.59037,25.63675],[94.59294,25.63458],[94.59383,25.6371],[94.58862,25.64062],[94.57315,25.63765],[94.57233,25.64129],[94.57611,25.64367],[94.57368,25.64808],[94.58037,25.65078],[94.57639,25.65546],[94.58394,25.65682],[94.57851,25.6614],[94.58659,25.66381],[94.58516,25.66622],[94.58124,25.66566],[94.58042,25.66847],[94.58483,25.66975],[94.58863,25.67521],[94.59007,25.68172],[94.59653,25.68307],[94.59508,25.68517],[94.58985,25.68726],[94.58443,25.68489],[94.57861,25.69024],[94.57126,25.69195],[94.56437,25.68772],[94.56064,25.68311],[94.5636,25.67523],[94.55934,25.67197],[94.55662,25.67253],[94.55118,25.6628],[94.54845,25.66162],[94.55036,25.659],[94.54959,25.65702],[94.544,25.6549],[94.54364,25.65344],[94.54564,25.65277],[94.54341,25.64987],[94.53951,25.65066],[94.53465,25.64247],[94.52953,25.64266],[94.52896,25.63714],[94.52099,25.63902],[94.52109,25.63486],[94.51824,25.62971],[94.51418,25.62855],[94.51269,25.6251],[94.50678,25.62418],[94.50514,25.61364],[94.49655,25.61365],[94.49276,25.60869],[94.48807,25.61193],[94.48741,25.61418],[94.48382,25.61301],[94.48003,25.61523],[94.46856,25.61419],[94.45838,25.60406],[94.44502,25.59662],[94.44521,25.59187],[94.43797,25.59263],[94.42492,25.58652],[94.42121,25.5769],[94.42232,25.57405],[94.42025,25.57301],[94.4212,25.57172],[94.41902,25.56974],[94.42177,25.56893],[94.42114,25.56435],[94.42292,25.5624],[94.42149,25.56147],[94.42286,25.5596],[94.42234,25.55357],[94.41654,25.53648],[94.41306,25.53618],[94.41141,25.53849],[94.39984,25.53397],[94.38571,25.53272],[94.37825,25.52812],[94.37358,25.52207],[94.35537,25.51242],[94.34788,25.51202],[94.34363,25.50918],[94.33117,25.50672],[94.32866,25.50441],[94.32609,25.50491],[94.31545,25.49093],[94.3082,25.48961],[94.29769,25.48471],[94.29769,25.49142],[94.29062,25.49822],[94.28473,25.508],[94.27455,25.49981],[94.26101,25.49797],[94.25515,25.50067],[94.24932,25.49441],[94.24053,25.49598],[94.23163,25.49311],[94.22817,25.49463],[94.22176,25.49099],[94.2141,25.49585],[94.20849,25.49618],[94.2086,25.50318],[94.20482,25.50655],[94.2006,25.5146],[94.19725,25.51638],[94.19504,25.52076],[94.18643,25.52368],[94.1876,25.529],[94.18582,25.53143],[94.19117,25.53976],[94.19209,25.54841],[94.18446,25.54797],[94.17805,25.55057],[94.17643,25.54621],[94.16473,25.54128],[94.16253,25.54222],[94.16098,25.54765],[94.15676,25.55153],[94.15339,25.54522],[94.14995,25.54345],[94.14609,25.53233],[94.14374,25.52988],[94.1437,25.52235],[94.13727,25.51805],[94.1219,25.5228],[94.10945,25.52306],[94.10813,25.5217],[94.10751,25.52377],[94.10358,25.52615],[94.08824,25.53051],[94.08481,25.53021],[94.09067,25.53227],[94.0941,25.5371],[94.09222,25.54391],[94.085,25.55431],[94.08014,25.55771],[94.07622,25.55805],[94.07461,25.55539],[94.07241,25.55512],[94.07212,25.55634],[94.06719,25.55212],[94.06551,25.55669],[94.06094,25.55814],[94.05964,25.5638],[94.05388,25.56734],[94.05318,25.57075],[94.0499,25.5715],[94.04806,25.57546],[94.0445,25.57495],[94.04312,25.57662],[94.03827,25.57004],[94.03664,25.57903],[94.02984,25.57706],[94.03075,25.58026],[94.0266,25.57905],[94.02679,25.58524],[94.02221,25.58461],[94.02215,25.58974],[94.0136,25.59077],[94.01288,25.59224],[94.00232,25.58543],[94.01079,25.57354],[94.00747,25.56716],[94.00448,25.56523],[93.99339,25.56929],[93.98166,25.56787],[93.97814,25.56502],[93.9747,25.56536],[93.97209,25.55767],[93.96564,25.55539],[93.96348,25.55171],[93.96021,25.55054],[93.95781,25.55175],[93.95342,25.55054],[93.94365,25.55725],[93.93064,25.55997],[93.9194,25.55938],[93.90944,25.56427],[93.90101,25.56292],[93.88794,25.56536],[93.87127,25.55614],[93.86104,25.55404],[93.83958,25.55722],[93.83523,25.56169],[93.83025,25.55867],[93.83039,25.55605],[93.8283,25.55323],[93.82172,25.55383],[93.82006,25.54973],[93.82069,25.54536],[93.81737,25.544],[93.8165,25.54033],[93.80466,25.54176],[93.79769,25.54044],[93.79484,25.53827],[93.78628,25.53806],[93.78473,25.53613],[93.77866,25.53433],[93.77473,25.53486],[93.77211,25.53322],[93.76752,25.53794],[93.76536,25.53807],[93.76654,25.53306],[93.76401,25.52289],[93.76682,25.51899],[93.76236,25.517],[93.75797,25.50758],[93.75845,25.50178],[93.76119,25.49907],[93.76123,25.4959],[93.76616,25.49348],[93.77291,25.49768],[93.78739,25.50318],[93.79066,25.50016],[93.80029,25.49689],[93.80462,25.49109],[93.80478,25.4876],[93.81018,25.48343],[93.80805,25.47677],[93.8084,25.47194],[93.80514,25.46397],[93.79308,25.45472],[93.78602,25.44629],[93.78497,25.44238],[93.78177,25.43971],[93.78289,25.43365],[93.7802,25.43043],[93.77232,25.42637],[93.77464,25.4225],[93.77417,25.42048],[93.76762,25.42053],[93.76562,25.4162],[93.7607,25.41533],[93.75028,25.40711],[93.74225,25.40371],[93.73495,25.39427],[93.736,25.38498],[93.73151,25.38002],[93.72591,25.37831],[93.71617,25.37208],[93.70996,25.35753],[93.70765,25.3566],[93.70233,25.35818],[93.69644,25.35622],[93.68695,25.36047],[93.68788,25.35562],[93.68534,25.35123],[93.68743,25.34582],[93.68298,25.34096],[93.68114,25.33467],[93.68149,25.3281],[93.67637,25.32651],[93.67373,25.32778],[93.67067,25.32511],[93.66477,25.32572],[93.66767,25.31908],[93.66797,25.31158],[93.66449,25.30745],[93.65834,25.30405],[93.66056,25.29868],[93.65232,25.28418],[93.64501,25.27604],[93.64401,25.27207],[93.6462,25.26637],[93.64139,25.26592],[93.63741,25.26352],[93.63462,25.25418],[93.62904,25.2483],[93.62757,25.24109],[93.62229,25.23569],[93.62299,25.23154],[93.61966,25.22858],[93.61518,25.21882],[93.60929,25.21383],[93.60832,25.21099],[93.61095,25.20694],[93.61035,25.20357],[93.60535,25.19917],[93.59923,25.20168],[93.59554,25.19871],[93.59348,25.20343],[93.58849,25.20083],[93.58898,25.20591],[93.5916,25.20822],[93.5894,25.21376],[93.58623,25.2142],[93.58702,25.21777],[93.58495,25.21885],[93.58437,25.22168],[93.58087,25.22129],[93.57912,25.22351],[93.57204,25.2244],[93.56938,25.22639],[93.56861,25.23],[93.56455,25.23132],[93.56299,25.24093],[93.5526,25.24738],[93.54287,25.24763],[93.53509,25.24356],[93.53301,25.24616],[93.52605,25.24494],[93.52036,25.24748],[93.51703,25.24689],[93.51287,25.24308],[93.50863,25.24477],[93.50375,25.24216],[93.50105,25.24253],[93.50114,25.25609],[93.50642,25.26932],[93.48957,25.27492],[93.48019,25.26989],[93.47145,25.27185],[93.4699,25.28259],[93.47358,25.29366],[93.47189,25.30351],[93.46663,25.31182],[93.45343,25.32146],[93.45667,25.32986],[93.45542,25.33214],[93.45651,25.33538],[93.45205,25.33596],[93.44851,25.34025],[93.44998,25.34537],[93.45196,25.34703],[93.45158,25.35395],[93.45875,25.36068],[93.4638,25.35964],[93.46501,25.36067],[93.47253,25.37428],[93.47177,25.37589],[93.47361,25.37928],[93.47299,25.38599],[93.4632,25.39559],[93.45966,25.40323],[93.45933,25.40837],[93.46232,25.41785],[93.45829,25.42604],[93.45819,25.43098],[93.45543,25.4344],[93.45029,25.43565],[93.44333,25.4411],[93.43952,25.44101],[93.43753,25.44304],[93.43855,25.44551],[93.43639,25.44818],[93.42561,25.44832],[93.41995,25.44496],[93.41555,25.44498],[93.41041,25.44987],[93.40872,25.44829],[93.40256,25.45083],[93.40033,25.45421],[93.40061,25.45658],[93.39723,25.46046],[93.39389,25.45857],[93.39167,25.46199],[93.39023,25.4604],[93.38818,25.46374],[93.39036,25.46468],[93.38704,25.46617],[93.38586,25.46776],[93.38674,25.46911],[93.38431,25.46932],[93.38879,25.47261],[93.38916,25.47657],[93.3864,25.47765],[93.38901,25.47865],[93.39137,25.48245],[93.38587,25.48341],[93.38453,25.48519],[93.38651,25.48763],[93.38378,25.48801],[93.38543,25.49071],[93.37706,25.49323],[93.37755,25.49541],[93.3758,25.49586],[93.37672,25.49774],[93.36752,25.49924],[93.36706,25.50096],[93.3692,25.50353],[93.36433,25.50376],[93.364,25.50653],[93.36213,25.50671],[93.36158,25.51234],[93.35686,25.5137],[93.35769,25.51527],[93.35509,25.52478],[93.35266,25.5283],[93.34997,25.52868],[93.35034,25.532],[93.34833,25.52994],[93.34508,25.53419],[93.34057,25.53495],[93.34036,25.53284],[93.33498,25.53442],[93.33639,25.53873],[93.33378,25.53959],[93.33299,25.54236],[93.33049,25.54203],[93.32697,25.54696],[93.32949,25.54863],[93.33261,25.54838],[93.33708,25.55283],[93.33575,25.55398],[93.33798,25.55687],[93.34328,25.56004],[93.35216,25.55999],[93.35461,25.55552],[93.35644,25.55619],[93.35872,25.55463],[93.35847,25.55726],[93.36406,25.5612],[93.36159,25.56387],[93.36245,25.566],[93.36554,25.56518],[93.36951,25.57042],[93.37539,25.57308],[93.3743,25.57709],[93.37983,25.57658],[93.38159,25.58197],[93.37835,25.5826],[93.38321,25.58519],[93.38307,25.58772],[93.38575,25.58705],[93.38695,25.58997],[93.3856,25.59277],[93.38929,25.5911],[93.39243,25.5959],[93.39403,25.59607],[93.3947,25.59445],[93.39695,25.59703],[93.39878,25.59603],[93.39947,25.59907],[93.40287,25.60216],[93.40127,25.60577],[93.40152,25.61109],[93.40626,25.6114],[93.40783,25.61441],[93.41101,25.61359],[93.41048,25.61654],[93.41436,25.61805],[93.41373,25.62099],[93.41835,25.61764],[93.42161,25.61824],[93.42226,25.62043],[93.41997,25.6247],[93.42455,25.62547],[93.42491,25.6303],[93.42738,25.63253],[93.43043,25.62947],[93.43366,25.62943],[93.43457,25.63119],[93.43726,25.63166],[93.43736,25.63481],[93.44162,25.63468],[93.44216,25.63817],[93.44437,25.63961],[93.44666,25.6346],[93.44948,25.63561],[93.44959,25.63953],[93.45509,25.63385],[93.4609,25.63231],[93.4606,25.63678],[93.45573,25.63869],[93.45731,25.64114],[93.46046,25.64062],[93.46417,25.64462],[93.47204,25.64239],[93.4688,25.64433],[93.47149,25.6454],[93.47383,25.64401],[93.47675,25.64777],[93.48174,25.6445],[93.48294,25.64546],[93.48193,25.65155],[93.48609,25.64888],[93.48773,25.65448],[93.49114,25.65357],[93.497,25.65512],[93.5,25.661],[93.5058,25.66408],[93.50494,25.66706],[93.50898,25.66891],[93.50676,25.67265],[93.51028,25.6723],[93.51382,25.67797],[93.51746,25.68008],[93.51609,25.6829],[93.5127,25.68372],[93.51203,25.68537],[93.51946,25.69198],[93.52195,25.69779],[93.52329,25.69707],[93.52268,25.69278],[93.52808,25.69186],[93.5307,25.69306],[93.53089,25.69707],[93.53401,25.70023],[93.53716,25.70152],[93.54054,25.69945],[93.54096,25.70459],[93.54735,25.71253],[93.54242,25.7159],[93.54284,25.72187],[93.53999,25.72408],[93.54235,25.72668],[93.54233,25.73218],[93.54949,25.7304],[93.55041,25.73405],[93.55535,25.7343],[93.55367,25.73934],[93.56146,25.73883],[93.56361,25.74575],[93.56707,25.74882],[93.56633,25.75475],[93.56833,25.75499],[93.57029,25.75276],[93.57322,25.75412],[93.57243,25.75644],[93.56827,25.75681],[93.56794,25.75843],[93.57708,25.75677],[93.57775,25.75449],[93.58548,25.75798],[93.58234,25.76055],[93.58592,25.76615],[93.58951,25.76605],[93.59167,25.76253],[93.59851,25.7688],[93.60056,25.76516],[93.60265,25.76508],[93.60504,25.7749],[93.61029,25.77375],[93.61272,25.77656],[93.61742,25.77599],[93.6201,25.78023],[93.6185,25.7837],[93.62252,25.78497],[93.6232,25.78733],[93.62675,25.78961],[93.6234,25.7973],[93.62669,25.79715],[93.62776,25.79888],[93.6247,25.80256],[93.62951,25.80156],[93.63289,25.80276],[93.6317,25.80664],[93.63495,25.80927],[93.6331,25.81138],[93.6386,25.80979],[93.63816,25.81563],[93.64347,25.81577],[93.64431,25.8187],[93.64651,25.81973],[93.64614,25.82238],[93.6516,25.81986],[93.65481,25.82364],[93.66054,25.82161],[93.66496,25.82318],[93.66829,25.82183],[93.66764,25.82596],[93.67116,25.82405],[93.67262,25.82764],[93.67863,25.82841],[93.68068,25.83343],[93.67945,25.83503],[93.68056,25.83835],[93.69022,25.84069],[93.68565,25.84367],[93.6883,25.84595],[93.69143,25.84385],[93.69539,25.84825],[93.69952,25.84673],[93.70061,25.8496],[93.70168,25.84842],[93.69968,25.84463],[93.70088,25.84327],[93.70781,25.84781],[93.71183,25.84414],[93.71432,25.84451],[93.70208,25.85154],[93.68153,25.90439],[93.68477,25.9037],[93.69398,25.91172],[93.70088,25.91066],[93.70545,25.91492],[93.70663,25.91883],[93.71362,25.91681],[93.71869,25.91985],[93.72821,25.92058],[93.73397,25.92389],[93.73615,25.92276],[93.73703,25.92515],[93.73864,25.92532],[93.73655,25.92767],[93.73953,25.92982],[93.73953,25.93179],[93.74764,25.93492],[93.75131,25.93281],[93.75202,25.93596],[93.7462,25.9387],[93.74512,25.94234],[93.74714,25.94318],[93.75038,25.94087],[93.75246,25.94212],[93.75293,25.94667],[93.75872,25.9457],[93.75865,25.95262],[93.76181,25.95114],[93.76421,25.95444],[93.76419,25.95085],[93.76796,25.95101],[93.76823,25.95359],[93.76355,25.95937],[93.76952,25.95875],[93.77003,25.96126],[93.76814,25.96742],[93.76458,25.96853],[93.76545,25.96975],[93.77142,25.96799],[93.77358,25.97048],[93.7766,25.96876],[93.77622,25.96679],[93.77382,25.96605],[93.77462,25.96117],[93.77789,25.96041],[93.77648,25.95787],[93.77985,25.95652],[93.78273,25.95042],[93.78534,25.94968],[93.78688,25.94665],[93.78409,25.94388],[93.78685,25.94388],[93.78628,25.93826],[93.78943,25.93397],[93.78577,25.93246],[93.7873,25.93154],[93.78683,25.92992],[93.78967,25.92951],[93.78806,25.92838],[93.79033,25.92628],[93.78807,25.91683],[93.79106,25.91563],[93.79159,25.91266],[93.79381,25.91276],[93.79366,25.90771],[93.79149,25.90664],[93.79517,25.90667],[93.79507,25.90044],[93.79321,25.89979],[93.79295,25.89563],[93.79476,25.89245],[93.79171,25.89171],[93.79158,25.88969],[93.78879,25.89034],[93.78344,25.88478],[93.78414,25.87984],[93.78708,25.87714],[93.78509,25.87024],[93.78895,25.87011],[93.78984,25.86781],[93.78497,25.86426],[93.78443,25.85842],[93.78141,25.85649],[93.77853,25.85687],[93.78113,25.85401],[93.77754,25.84981],[93.78111,25.84459],[93.77782,25.84241],[93.77816,25.84012],[93.78036,25.84086],[93.78145,25.8395],[93.78033,25.83543],[93.78479,25.82903],[93.78424,25.82617],[93.78709,25.82216],[93.78751,25.81576],[93.79005,25.81123],[93.79547,25.80893],[93.80384,25.81142],[93.8063,25.81689],[93.81639,25.82261],[93.82115,25.83874],[93.82526,25.8444],[93.82972,25.84651],[93.83048,25.84925],[93.8397,25.85661],[93.85226,25.85823],[93.85857,25.85369],[93.86918,25.85093],[93.87611,25.84248],[93.8818,25.84335],[93.88654,25.84832],[93.88997,25.85864],[93.89604,25.85786],[93.90195,25.87085],[93.90751,25.87252],[93.91157,25.87652],[93.91088,25.87945],[93.916,25.8837],[93.93398,25.88525],[93.93542,25.89445],[93.93797,25.89631],[93.94432,25.89552],[93.94501,25.89764],[93.95166,25.89857],[93.95977,25.90211],[93.96107,25.90123],[93.96671,25.9059],[93.97121,25.91276],[93.9787,25.91673],[93.97799,25.92807],[93.96996,25.93678],[93.96871,25.95726],[93.95415,25.96926],[93.95915,25.99433],[93.953,26.00297],[93.96054,26.01536],[93.9627,26.02576],[93.96247,26.03654],[93.97039,26.04035],[93.97076,26.04642],[93.98739,26.06679],[93.98153,26.08124],[93.98274,26.08336],[93.98865,26.08634],[93.98931,26.09697],[93.99371,26.10393],[93.99733,26.10622],[93.99918,26.12503],[93.99488,26.12584],[93.99749,26.12728],[93.99704,26.12938],[93.98887,26.1282],[93.98724,26.13108],[93.99086,26.13364],[93.99696,26.1305],[94.00197,26.1345],[94.00348,26.14438],[94.00055,26.14718],[93.99584,26.14662],[93.99452,26.14831],[93.99773,26.15595],[94.0019,26.15696],[94.00361,26.16037],[94.00137,26.16578],[94.00261,26.17087],[94.00108,26.17227],[94.00781,26.1825],[94.01536,26.18402],[94.02179,26.19381],[94.03203,26.19754],[94.03646,26.22605],[94.0424,26.2345],[94.04769,26.24936],[94.05608,26.25501],[94.06786,26.25697],[94.07092,26.26232],[94.07462,26.26438],[94.07471,26.27304],[94.07224,26.27611],[94.07473,26.2836],[94.0841,26.28334],[94.08427,26.28897],[94.09778,26.30196],[94.10078,26.30863],[94.09971,26.3139],[94.10251,26.31523],[94.10505,26.31995],[94.10968,26.31992],[94.11206,26.31799],[94.12168,26.31776],[94.11498,26.32395],[94.11582,26.32903],[94.12838,26.33036],[94.13789,26.33625],[94.14099,26.33531],[94.14188,26.33062],[94.14506,26.33059],[94.14758,26.33346],[94.16287,26.33551],[94.16718,26.33932],[94.17164,26.33796],[94.17456,26.34046],[94.17759,26.34642],[94.17261,26.35059],[94.16871,26.35093],[94.16706,26.34799],[94.16203,26.34716],[94.16016,26.35429],[94.17113,26.36275],[94.17411,26.37072],[94.17223,26.37365],[94.17758,26.38201],[94.17319,26.40328],[94.17401,26.40951],[94.17191,26.41584],[94.17572,26.42443],[94.17174,26.42981],[94.17613,26.43642],[94.18523,26.45843],[94.19405,26.46124],[94.20266,26.46906],[94.20301,26.47456],[94.20809,26.48701],[94.22127,26.49813],[94.23662,26.50614],[94.24872,26.52497],[94.24782,26.52821],[94.25332,26.53279],[94.25634,26.54122],[94.27064,26.54928],[94.27151,26.55155],[94.28479,26.56107],[94.28127,26.54865],[94.28614,26.54251],[94.28194,26.54059],[94.28096,26.53506],[94.28291,26.5294],[94.28176,26.5245],[94.28656,26.51522],[94.28582,26.51234],[94.28338,26.51075],[94.28323,26.50497],[94.29006,26.48877],[94.28975,26.47971],[94.2923,26.47757],[94.29157,26.47522],[94.29324,26.47429],[94.29343,26.4711],[94.29928,26.46682],[94.29992,26.46365],[94.30351,26.46416],[94.30578,26.46323],[94.30671,26.46079],[94.30798,26.46253],[94.31662,26.45832],[94.31844,26.46528],[94.32385,26.46551],[94.32128,26.47102],[94.32257,26.47244],[94.31956,26.47421],[94.3216,26.47566],[94.32647,26.47544],[94.32552,26.48195],[94.33041,26.4795],[94.332,26.48058],[94.33394,26.47933],[94.33631,26.48205],[94.33944,26.4805],[94.34081,26.48554],[94.34386,26.48471],[94.34469,26.48875],[94.34686,26.486],[94.34927,26.4911],[94.35285,26.49006],[94.35011,26.49243],[94.34665,26.49207],[94.34947,26.49377],[94.34957,26.49626],[94.35296,26.49928],[94.3497,26.50289],[94.34624,26.50216],[94.34597,26.50357],[94.34918,26.50501],[94.35063,26.50293],[94.35489,26.50303],[94.35881,26.50694],[94.36046,26.50428],[94.36519,26.50562],[94.36452,26.50269],[94.37084,26.50438],[94.37415,26.5083],[94.37196,26.51066],[94.37423,26.51067],[94.37674,26.51357],[94.37245,26.51557],[94.37266,26.5176],[94.37566,26.51829],[94.37626,26.52225],[94.379,26.52088],[94.38111,26.52592],[94.38523,26.52506],[94.38496,26.53122],[94.39056,26.52699],[94.39607,26.52687],[94.39769,26.53054],[94.39531,26.53212],[94.39504,26.5346],[94.39831,26.53432],[94.40072,26.53713],[94.39691,26.53767],[94.39901,26.54029],[94.40172,26.54015],[94.39933,26.5433],[94.40237,26.54221],[94.40468,26.54703],[94.40172,26.54757],[94.40056,26.54991],[94.40651,26.54945],[94.40584,26.55189],[94.40358,26.55299],[94.40619,26.55395],[94.40518,26.55567],[94.40666,26.55684],[94.40273,26.55894],[94.40775,26.56054],[94.40604,26.56766],[94.40822,26.57115],[94.41151,26.57225],[94.40966,26.57681],[94.41357,26.57749],[94.4114,26.57966],[94.41244,26.58239],[94.40988,26.58403],[94.40928,26.58789],[94.40667,26.5879],[94.40805,26.59172],[94.40588,26.59055],[94.40402,26.59327],[94.4014,26.59294],[94.40171,26.59899],[94.40355,26.60085],[94.4024,26.60331],[94.40492,26.60335],[94.40576,26.60538],[94.40306,26.61074],[94.42574,26.61715],[94.4356,26.62204],[94.45128,26.63629],[94.45273,26.63407],[94.45515,26.63547],[94.4536,26.63194],[94.45793,26.6336],[94.46549,26.63306],[94.4598,26.63685],[94.45908,26.64461],[94.45314,26.65257],[94.4541,26.65391],[94.45845,26.65354],[94.46028,26.66163],[94.48506,26.66785],[94.49267,26.66589],[94.50147,26.67229],[94.50514,26.67865],[94.50905,26.68023],[94.50825,26.6853],[94.51038,26.68477],[94.51329,26.68009],[94.51758,26.68193],[94.5177,26.68732],[94.5208,26.6941],[94.5207,26.69921],[94.52421,26.69576],[94.52654,26.69895],[94.5336,26.70131],[94.53926,26.70618],[94.54519,26.70523],[94.54791,26.70632],[94.5503,26.70172],[94.55503,26.70507],[94.56235,26.70507],[94.56098,26.70056],[94.56243,26.69553],[94.55939,26.68643],[94.56649,26.68356],[94.57157,26.68664],[94.56747,26.68748],[94.5664,26.69007],[94.56788,26.69292],[94.57209,26.69457],[94.57732,26.70066],[94.58246,26.69739],[94.59388,26.6972],[94.59153,26.70016],[94.59444,26.70226],[94.59252,26.70496],[94.59337,26.71497],[94.5973,26.71679],[94.60228,26.71162],[94.60334,26.71235],[94.60109,26.71455],[94.60241,26.71653],[94.60153,26.71911],[94.59416,26.71908],[94.59109,26.7206],[94.59292,26.72325],[94.59215,26.72488],[94.59562,26.72629],[94.59355,26.73146],[94.59707,26.73455],[94.60608,26.73389],[94.60769,26.73721],[94.60964,26.73694],[94.60806,26.72883],[94.61582,26.72656],[94.62066,26.72313],[94.61896,26.71293],[94.6203,26.71212],[94.62427,26.71529],[94.63582,26.71709],[94.64164,26.72041],[94.64876,26.72042],[94.65302,26.71875],[94.69235,26.73193],[94.70717,26.74631],[94.73689,26.76372],[94.74068,26.77184],[94.74018,26.77598],[94.74835,26.7727],[94.75182,26.76619],[94.75833,26.76601],[94.76059,26.77541],[94.7668,26.77756],[94.7674,26.78534],[94.77022,26.78904],[94.77374,26.79061],[94.77566,26.78976],[94.78873,26.79556],[94.78875,26.79789],[94.79127,26.8001],[94.80208,26.80091],[94.80319,26.80617],[94.79536,26.81068],[94.79495,26.81441],[94.79719,26.8154],[94.804,26.81396],[94.80717,26.8188],[94.81443,26.81979],[94.81317,26.83365],[94.81562,26.8373],[94.81945,26.83759],[94.82112,26.8417],[94.81736,26.84777],[94.82417,26.85452],[94.82833,26.8554],[94.83404,26.86021],[94.83607,26.86878],[94.83919,26.8699],[94.84261,26.86855],[94.84956,26.87448],[94.85107,26.8811],[94.85784,26.88848],[94.85845,26.89221],[94.86253,26.89759],[94.86601,26.90873],[94.87359,26.91752],[94.89064,26.92954],[94.89782,26.93125],[94.90245,26.93467],[94.91437,26.93677],[94.91672,26.94125],[94.92222,26.94573],[94.92396,26.94651],[94.92561,26.94079],[94.93085,26.9369],[94.93085,26.93256],[94.94026,26.93356],[94.94186,26.93531],[94.95324,26.93761],[94.9555,26.9401],[94.9575,26.93748],[94.96124,26.93712],[94.96718,26.92351],[94.9765,26.92128],[94.98262,26.913],[94.98998,26.91421],[94.99129,26.92081],[95.00151,26.91978],[95.01476,26.92203],[95.02212,26.92581],[95.03413,26.9356],[95.04408,26.93874],[95.04969,26.93876],[95.06425,26.94708],[95.08096,26.9501],[95.09527,26.95755],[95.10608,26.96549],[95.10792,26.97594],[95.11196,26.98066],[95.12421,26.98544],[95.1388,26.99485],[95.14709,26.99717],[95.19242,27.03562],[95.19423,27.03495],[95.19318,27.03222]]]}}]}